barcode,hg19,mm10,call
AAACCCAAGAGGTTAT-1,136,9390,mm10
AAACCCACACATAGCT-1,771,18,hg19
AAACCCACACGTAACT-1,14902,11,hg19
AAACCCACATAGCTGT-1,646,11,hg19
AAACCCAGTTGGCCGT-1,1080,11,hg19
AAACCCATCTACCAGA-1,11182,8,hg19
AAACGAAAGTGGTTGG-1,1534,2,hg19
AAACGAACAGAAGCTG-1,2506,7,hg19
AAACGAACAGCTTTCC-1,4146,8,hg19
AAACGAACATGTACGT-1,3465,8,hg19
AAACGAATCATTGTGG-1,18299,20,hg19
AAACGCTAGTTAGTAG-1,3948,12,hg19
AAACGCTCAGAAGTGC-1,1217,3,hg19
AAACGCTCATAACGGG-1,4237,5,hg19
AAACGCTTCCATGATG-1,5414,21,hg19
AAACGCTTCTAACGCA-1,3940,12,hg19
AAAGAACCATCTCAAG-1,1740,7,hg19
AAAGAACGTTCCGCAG-1,4038,6,hg19
AAAGAACTCCATCCGT-1,4606,15,hg19
AAAGAACTCGTGTCAA-1,8927,7,hg19
AAAGAACTCTTACTGT-1,6946,13,hg19
AAAGGATAGCGATTCT-1,3731,4,hg19
AAAGGATAGGAGAATG-1,8778,17,hg19
AAAGGATCACTAACCA-1,2096,3,hg19
AAAGGATCAGCAGTTT-1,6010,4,hg19
AAAGGATCAGCTAACT-1,815,4,hg19
AAAGGATCAGGTTCGC-1,15195,17,hg19
AAAGGATGTACGTTCA-1,4980,9,hg19
AAAGGGCAGAGATGCC-1,702,3,hg19
AAAGGGCAGCCTATCA-1,4026,4,hg19
AAAGGGCTCATGGAGG-1,5260,5,hg19
AAAGGGCTCTGGAGAG-1,5282,12,hg19
AAAGGGCTCTGTGCGG-1,90,4257,mm10
AAAGGGCTCTTCGGTC-1,6885,66,hg19
AAAGGTACACAGCCTG-1,992,3,hg19
AAAGGTATCCGATTAG-1,13958,59,hg19
AAAGGTATCGGTCGGT-1,14250,14,hg19
AAAGTCCAGTCGAGGT-1,4190,11,hg19
AAAGTCCCAACCAATC-1,5239,12,hg19
AAAGTCCCACAGACGA-1,5464,24,hg19
AAAGTCCGTGACTAAA-1,2649,9,hg19
AAAGTCCGTGGGATTG-1,78,7414,mm10
AAAGTCCTCATTCCTA-1,648,117,hg19
AAAGTGAAGCCGATAG-1,11608,16,hg19
AAAGTGACATGGCTAT-1,3314,6,hg19
AAATGGAAGAGCGACT-1,8351,8,hg19
AAATGGAAGCATCAGG-1,11343,15,hg19
AAATGGATCTACCAGA-1,7871,21,hg19
AACAAAGAGCGTCTGC-1,5017,5,hg19
AACAAAGCACAGTACT-1,4502,20,hg19
AACAAAGCAGCAGACA-1,833,7,hg19
AACAAAGCATCCGTTC-1,1859,4,hg19
AACAAAGCATCGCTGG-1,3128,16,hg19
AACAAAGCATCTAACG-1,890,5,hg19
AACAAAGGTGTCTCCT-1,15108,23,hg19
AACAAAGTCTTGCGCT-1,1687,4,hg19
AACAACCCACCCAAGC-1,5640,7,hg19
AACAACCCAGGTTCAT-1,3732,7,hg19
AACAACCGTACGGATG-1,2642,8,hg19
AACAAGACACCGCTAG-1,1216,5,hg19
AACAAGAGTCACTCGG-1,18503,20,hg19
AACAAGAGTCCTATAG-1,8079,10,hg19
AACAAGATCAACTTTC-1,3645,11,hg19
AACAAGATCACACGAT-1,4556,8,hg19
AACACACAGTAGGTTA-1,3629,14,hg19
AACACACAGTGTACCT-1,6635,34,hg19
AACACACGTCCTGGGT-1,2492,6,hg19
AACACACTCACTGTCC-1,4922,6,hg19
AACAGGGGTGCATACT-1,6761,17,hg19
AACAGGGTCACCATGA-1,3632,18,hg19
AACAGGGTCGGACCAC-1,602,12,hg19
AACAGGGTCGTTCCCA-1,5034,7,hg19
AACCAACCAGGCTCTG-1,4772,9,hg19
AACCAACGTCACCCTT-1,5376,10,hg19
AACCACAGTACCGTCG-1,6358,10,hg19
AACCACAGTTTACTGG-1,42,12508,mm10
AACCACATCACATTGG-1,12568,22,hg19
AACCACATCGTCAACA-1,44,697,mm10
AACCATGAGAGAGGGC-1,6502,9,hg19
AACCATGTCATAAGGA-1,9240,4,hg19
AACCATGTCGTTGTAG-1,145,1357,mm10
AACCCAAAGTCGCCCA-1,4243,10,hg19
AACCCAACACCCTCTA-1,2276,8,hg19
AACCCAAGTACACGTT-1,12517,15,hg19
AACCCAAGTTCTCTCG-1,1885,3,hg19
AACCTGAGTATCGGTT-1,11838,9,hg19
AACCTGAGTATGCGTT-1,1837,3,hg19
AACCTGATCAGCATTG-1,8728,8,hg19
AACCTTTAGAACGTGC-1,2398,10,hg19
AACCTTTAGCTAGCCC-1,6796,10,hg19
AACCTTTAGGTGATAT-1,3534,5,hg19
AACCTTTCATCATCTT-1,11987,22,hg19
AACGAAAAGCACTAAA-1,923,4,hg19
AACGAAAAGGAATTAC-1,3111,8,hg19
AACGAAACACACACTA-1,5582,18,hg19
AACGAAAGTGATGTAA-1,1830,7,hg19
AACGAAATCGGCATCG-1,6441,9,hg19
AACGGGACACTGTCGG-1,10590,17,hg19
AACGGGAGTGACGCCT-1,3884,5,hg19
AACTTCTAGCAAATCA-1,7136,15,hg19
AACTTCTGTCAGGCAA-1,2690,7,hg19
AACTTCTGTCTCAGGC-1,9213,29,hg19
AAGAACACATGATAGA-1,3282,5,hg19
AAGAACACATGGCTGC-1,1292,4,hg19
AAGAACAGTGAGCAGT-1,3478,9,hg19
AAGAACAGTGCGGCTT-1,42,3072,mm10
AAGAACATCGGCTATA-1,83,5589,mm10
AAGACAAAGTATAGGT-1,4463,10849,Multiplet
AAGACAACAGTCAGTT-1,4450,19,hg19
AAGACAAGTCGATTAC-1,3903,11,hg19
AAGACAAGTCGTGCCA-1,35,9512,mm10
AAGACAATCCGCTAGG-1,7217,18,hg19
AAGACAATCGGAACTT-1,4082,5,hg19
AAGACAATCTGGCCAG-1,12930,12,hg19
AAGACTCCACTTCCTG-1,158,14246,mm10
AAGACTCCAGAGTCTT-1,614,6,hg19
AAGACTCGTCGCACAC-1,4250,6,hg19
AAGACTCTCCCGTAAA-1,3840,10,hg19
AAGATAGAGTAATCCC-1,2325,14,hg19
AAGATAGCAACATCGT-1,15656,9,hg19
AAGCATCGTCAAGTTC-1,7947,8,hg19
AAGCATCTCGAATCCA-1,1922,4,hg19
AAGCATCTCGGCTCTT-1,6417,21,hg19
AAGCATCTCGTGTGAT-1,3149,2,hg19
AAGCCATAGGAGTATT-1,5030,2,hg19
AAGCCATGTCGAGCTC-1,11331,12,hg19
AAGCCATGTGGTTCTA-1,5004,18,hg19
AAGCCATTCTGATGGT-1,8978,18,hg19
AAGCGAGCACAACGAG-1,1943,7,hg19
AAGCGAGCACCTCTGT-1,5014,15,hg19
AAGCGAGCACTCGATA-1,59,7129,mm10
AAGCGAGGTTGGACCC-1,9574,57,hg19
AAGCGAGTCTGTAAGC-1,12599,8,hg19
AAGCGTTAGTCCCGAC-1,3048,3,hg19
AAGCGTTGTTGAATCC-1,3298,4,hg19
AAGGAATAGAAGTCTA-1,5331,7,hg19
AAGGAATAGCTGAAAT-1,3622,12,hg19
AAGGAATGTGAATTAG-1,2597,14,hg19
AAGGAATGTGGTCTGC-1,6762,13,hg19
AAGGAATTCTATCGTT-1,3525,11,hg19
AAGGTAAGTGGCTCTG-1,2854,12,hg19
AAGGTAAGTGTAACGG-1,979,2,hg19
AAGGTAATCGCTGATA-1,1806,4,hg19
AAGTACCAGCTAAGTA-1,1562,8,hg19
AAGTACCAGGCCGCTT-1,21214,38,hg19
AAGTACCCAAGCTACT-1,5759,13,hg19
AAGTACCTCCGAGATT-1,2574,9,hg19
AAGTCGTAGATGGCGT-1,4683,8,hg19
AAGTCGTTCCATCTGC-1,18314,26,hg19
AAGTCGTTCCTGATAG-1,3675,4,hg19
AAGTGAAGTTACTCAG-1,9333,7,hg19
AAGTGAATCACCTCGT-1,2866,6,hg19
AAGTTCGAGCAGCCCT-1,9836,39,hg19
AAGTTCGGTATCTCTT-1,4267,8,hg19
AAGTTCGGTCTCAGAT-1,12898,20,hg19
AAGTTCGTCGGAATGG-1,4334,8,hg19
AATAGAGAGGGAACAA-1,790,26,hg19
AATAGAGAGGGTTGCA-1,4476,3,hg19
AATAGAGAGTTTCAGC-1,13273,22,hg19
AATAGAGCAAACTAGA-1,5935,6,hg19
AATAGAGTCTTACTGT-1,5588,5,hg19
AATCACGAGAAGATCT-1,75,8637,mm10
AATCACGAGGTGGCTA-1,4526,9,hg19
AATCACGAGTACTGGG-1,5311,11,hg19
AATCACGAGTCACAGG-1,5133,8,hg19
AATCACGCAATCAGCT-1,18968,59,hg19
AATCACGCACAGAGAC-1,110,6948,mm10
AATCACGCAGGCTTGC-1,3047,8,hg19
AATCACGCATACCAGT-1,13211,23,hg19
AATCACGGTAGATGTA-1,2875,3,hg19
AATCACGGTCCCGGTA-1,1832,10,hg19
AATCACGTCCTAGAGT-1,5029,10,hg19
AATCGACAGAACTGAT-1,3259,6,hg19
AATCGACAGTAACCGG-1,2605,9,hg19
AATCGTGGTGTTCAGT-1,902,15,hg19
AATCGTGTCTTCCACG-1,6279,3,hg19
AATGAAGAGACCTCAT-1,4803,16,hg19
AATGAAGAGGGCAAGG-1,9704,13,hg19
AATGAAGGTTATCCAG-1,4588,7,hg19
AATGAAGTCACTCACC-1,1087,4,hg19
AATGAAGTCCCTCTTT-1,6182,20,hg19
AATGAAGTCGATCCCT-1,4830,15,hg19
AATGACCAGCACAAAT-1,7378,48,hg19
AATGACCAGTTGGACG-1,2928,5,hg19
AATGACCCAGTCTGGC-1,6191,10,hg19
AATGACCGTCAGACGA-1,1682,3,hg19
AATGCCACACGGTAGA-1,3298,25,hg19
AATGCCACAGTCGGAA-1,3319,244,hg19
AATGCCACATTCCTCG-1,3508,8,hg19
AATGCCAGTAGCCAGA-1,2592,19,hg19
AATGGAAAGTAAACAC-1,11924,30,hg19
AATGGAACAAGGCTTT-1,835,40,hg19
AATGGAACACTTCCTG-1,4320,7,hg19
AATGGAACAGGAATCG-1,3295,8,hg19
AATGGAATCTCGACGG-1,38,1235,mm10
AATGGCTAGATCCTAC-1,17485,34,hg19
AATGGCTAGGGAGGGT-1,4420,5,hg19
AATGGCTGTAGGATAT-1,5081,7,hg19
AATGGCTGTGGCTGCT-1,6989,21,hg19
AATGGCTTCGCTATTT-1,5223,15,hg19
AATTCCTAGAGCAGCT-1,8634,2,hg19
AATTCCTAGATGATTG-1,5042,26,hg19
AATTCCTAGCGATCGA-1,2484,7,hg19
AATTCCTTCTAAGCGT-1,124,8660,mm10
AATTTCCAGAAGTCTA-1,4759,6,hg19
AATTTCCTCGACACTA-1,11517,11,hg19
AATTTCCTCGATACGT-1,544,2,hg19
ACAAAGAAGAGTGTTA-1,3882,8,hg19
ACAAAGAAGTTACGAA-1,6700,10,hg19
ACAAAGACAGACGATG-1,116,8456,mm10
ACAAAGACAGGCAATG-1,7176,10,hg19
ACAAAGATCTGCGGGT-1,3203,8,hg19
ACAACCAGTGGTCTTA-1,4649,12,hg19
ACAACCAGTTGCAACT-1,2633,14,hg19
ACAAGCTCACTTTAGG-1,1286,6,hg19
ACAAGCTGTGTCTTAG-1,3933,6,hg19
ACACAGTAGCTGTGCC-1,3514,12,hg19
ACACAGTCAAGTTTGC-1,3616,6,hg19
ACACAGTCACAATGCT-1,5489,17,hg19
ACACAGTGTGAATGAT-1,7015,15,hg19
ACACAGTTCGACCAAT-1,3194,4,hg19
ACACAGTTCTGGTTGA-1,7880,10,hg19
ACACCAAAGTGTAGAT-1,4166,2,hg19
ACACCAATCAAGCTGT-1,6891,19,hg19
ACACCAATCCAGTACA-1,8870,18,hg19
ACACCAATCGGCTGGT-1,53,1009,mm10
ACACCAATCTGTGCGG-1,5156,8,hg19
ACACGCGGTAACAGTA-1,5139,9,hg19
ACACGCGGTCTGATAC-1,4901,5,hg19
ACACTGACAGCTACAT-1,6527,13,hg19
ACACTGACATTAAGCC-1,5378,21,hg19
ACACTGAGTACGTTCA-1,2991,6,hg19
ACACTGAGTCACGACC-1,5926,8,hg19
ACACTGATCAACTCTT-1,4713,7,hg19
ACACTGATCGAAGCCC-1,1850,4,hg19
ACACTGATCGCAAGAG-1,8386,18,hg19
ACACTGATCGTTAGTG-1,3690,11,hg19
ACAGAAAAGAATAGTC-1,3005,5,hg19
ACAGAAACAGGTAGTG-1,4330,9,hg19
ACAGAAAGTCAACCTA-1,61,712,mm10
ACAGAAAGTCAATGGG-1,2755,5,hg19
ACAGAAAGTGCCTTCT-1,7888,8,hg19
ACAGCCGAGCGGTAGT-1,657,8,hg19
ACAGCCGAGCTGAAAT-1,2520,4,hg19
ACAGCCGCAAACCATC-1,6831,21,hg19
ACAGCCGCAGTCGGAA-1,11490,11,hg19
ACAGCCGCATCAGTCA-1,288,14876,mm10
ACAGCCGGTAAGGCTG-1,4161,11,hg19
ACAGCCGGTTCAACGT-1,6172,12,hg19
ACAGGGAAGCGTTACT-1,1959,2,hg19
ACAGGGACATCATTTC-1,518,3,hg19
ACAGGGAGTACAGAAT-1,3787,212,hg19
ACAGGGAGTGAGATAT-1,3020,12,hg19
ACAGGGATCCTATGGA-1,1088,6,hg19
ACAGGGATCTGAGGCC-1,1753,5,hg19
ACATCCCAGTACTCGT-1,3095,5,hg19
ACATCCCCAGATCATC-1,5656,8,hg19
ACATCCCCAGGTTCCG-1,4750,16,hg19
ACATCCCCAGTCGGAA-1,30,4514,mm10
ACATCCCTCACATTGG-1,7539,5,hg19
ACATCCCTCTGACAGT-1,17922,45,hg19
ACATCGACAAGCGAGT-1,1948,14,hg19
ACATCGAGTGTTCATG-1,963,20,hg19
ACATCGATCGGCCCAA-1,2311,108,hg19
ACATGCAAGATTGACA-1,7740,8,hg19
ACATGCAAGTTATGGA-1,3448,9,hg19
ACATGCACACGTCGTG-1,1229,11,hg19
ACATGCACATCCGGTG-1,3322,13,hg19
ACATGCAGTCGCACGT-1,10873,33,hg19
ACATGCATCTTGAGCA-1,4446,6,hg19
ACATTTCGTATGAAAC-1,5099,7,hg19
ACATTTCGTCATGGCC-1,11037,9,hg19
ACATTTCGTTATAGAG-1,1825,21,hg19
ACCAAACAGGAAGTAG-1,3768,5,hg19
ACCAAACCAAAGGCTG-1,3768,7,hg19
ACCAAACTCAAGCCCG-1,7663,10,hg19
ACCAAACTCAATCTTC-1,6406,21,hg19
ACCAAACTCATCTCTA-1,5927,8,hg19
ACCAACAAGACAGCGT-1,11184,26,hg19
ACCAACACAAGTGACG-1,5171,15,hg19
ACCAACATCTGCGGCA-1,2170,9,hg19
ACCACAACAGGTTCCG-1,178,605,mm10
ACCACAAGTTCAATCG-1,17338,7,hg19
ACCACAAGTTGTATGC-1,4899,11,hg19
ACCACAATCAACTCTT-1,6338,10067,Multiplet
ACCACAATCGTTCCTG-1,6307,14,hg19
ACCATTTCACACCTGG-1,1039,6,hg19
ACCATTTCACCCTAAA-1,3620,19,hg19
ACCATTTCACCTGAAT-1,2448,13,hg19
ACCATTTCATCTGGGC-1,11411,8,hg19
ACCATTTGTGTACATC-1,4336,20,hg19
ACCATTTTCAATCAGC-1,12423,29,hg19
ACCCAAAAGATGGTAT-1,3802,2,hg19
ACCCAAAAGTCGAAGC-1,3160,4,hg19
ACCCAAACACTATCCC-1,4296,8,hg19
ACCCAAACAGGTCCGT-1,3743,9,hg19
ACCCAAAGTAGTCTTG-1,3215,4,hg19
ACCCAAAGTCGATTAC-1,2666,8,hg19
ACCCAAAGTCTCGACG-1,8029,9,hg19
ACCCAAAGTGTGTACT-1,2062,7,hg19
ACCCAAAGTTGCTTGA-1,6231,12,hg19
ACCCTCACAATAGTAG-1,725,9,hg19
ACCCTCACATCGCCTT-1,5764,37,hg19
ACCCTCATCTGTGCGG-1,4403,2,hg19
ACCCTTGCAACTACGT-1,4620,5,hg19
ACCCTTGCAAGGTTGG-1,5031,12,hg19
ACCCTTGCAATGTTGC-1,4509,7,hg19
ACCCTTGCACACTGGC-1,4113,28,hg19
ACCCTTGCACAGAAGC-1,2225,3,hg19
ACCCTTGGTTCTTCAT-1,5063,15,hg19
ACCCTTGTCGATCCCT-1,10746,16,hg19
ACCGTTCAGGATTTAG-1,3518,10,hg19
ACCGTTCAGGTGTGAC-1,10945,6,hg19
ACCGTTCGTCACTAGT-1,17166,18,hg19
ACCGTTCGTCTGCCTT-1,2651,43,hg19
ACCTACCAGAACTCCT-1,5223,13,hg19
ACCTACCAGAGACAAG-1,3067,6,hg19
ACCTACCCAGCAGATG-1,3798,4,hg19
ACCTACCGTTCGAACT-1,2560,5,hg19
ACCTGAAAGAGCTTTC-1,18034,11,hg19
ACCTGAAAGGGATCGT-1,23353,18,hg19
ACCTGAACACAGTCCG-1,7960,17,hg19
ACCTGAACAGTCCCGA-1,4850,13,hg19
ACCTGAAGTAACACGG-1,1278,11,hg19
ACCTGAATCAGGACGA-1,67,8453,mm10
ACCTGTCGTATACAGA-1,2045,2,hg19
ACCTGTCTCAATCTCT-1,3809,18,hg19
ACCTGTCTCATCGTAG-1,3899,6,hg19
ACCTGTCTCCCGTGTT-1,4706,12,hg19
ACGATCAAGCACTCTA-1,3937,18,hg19
ACGATCAAGTTTGGCT-1,2625,4,hg19
ACGATCACACATGACT-1,4971,32,hg19
ACGATCACACTCCCTA-1,683,16,hg19
ACGATCACAGAGTAAT-1,5675,6,hg19
ACGATGTAGACCACGA-1,4558,9,hg19
ACGATGTAGCGCACAA-1,2932,7,hg19
ACGATGTAGGCGTTGA-1,4471,5,hg19
ACGATGTGTCTTCCGT-1,9321,33,hg19
ACGATGTTCTCTCTAA-1,3474,11,hg19
ACGCACGAGCGTACAG-1,7582,8,hg19
ACGCACGCAGCTTTGA-1,188,22748,mm10
ACGCACGCATGAGATA-1,5409,8,hg19
ACGCACGGTTAAACAG-1,4678,9,hg19
ACGCACGTCTGGTCAA-1,6600,6,hg19
ACGGAAGCAGTAGAGC-1,8633,9,hg19
ACGGGTCCAGGGAGAG-1,3047,6,hg19
ACGGGTCGTTAGGGTG-1,4542,6,hg19
ACGGTCGCACCAGTTA-1,6931,26,hg19
ACGGTCGGTGCCTAAT-1,21,2218,mm10
ACGGTCGTCTTCGACC-1,2755,4,hg19
ACGGTTAAGATCCAAA-1,5444,5,hg19
ACGGTTACAGTGTGCC-1,4492,13,hg19
ACGTAACAGCCGATTT-1,3413,55,hg19
ACGTAACAGGGTGAGG-1,4913,5,hg19
ACGTAACCAAAGAGTT-1,1592,8,hg19
ACGTAACCACACCGCA-1,12977,18,hg19
ACGTAACCACTCCCTA-1,1564,10,hg19
ACGTAACTCACCTCTG-1,4458,11,hg19
ACGTACATCCCATGGG-1,7746,14,hg19
ACGTAGTAGGACTATA-1,17690,38,hg19
ACGTAGTAGTCAGCGA-1,4768,9,hg19
ACGTAGTCAGCAGGAT-1,8333,5,hg19
ACGTAGTCAGGTACGA-1,993,2,hg19
ACGTAGTTCCACTGAA-1,1775,11,hg19
ACGTAGTTCTGTACAG-1,532,10,hg19
ACGTCCTAGGTTCATC-1,8030,98,hg19
ACGTCCTCAATAGTCC-1,63,8214,mm10
ACGTCCTCAATCTCGA-1,5574,8,hg19
ACGTCCTGTTCCGCAG-1,3412,21,hg19
ACGTCCTTCCACTAGA-1,320,48812,mm10
ACGTCCTTCGTCACCT-1,8139,8,hg19
ACGTTCCAGAACAAGG-1,4444,8,hg19
ACGTTCCCACTTCATT-1,5485,24,hg19
ACGTTCCCAGCCTACG-1,5423,6,hg19
ACGTTCCGTGTTACTG-1,6216,8,hg19
ACGTTCCTCAGAATAG-1,2214,7,hg19
ACGTTCCTCCATTGTT-1,10787,23,hg19
ACGTTCCTCCGGCTTT-1,7271,24,hg19
ACTACGAAGCCTAACT-1,4931,20,hg19
ACTACGAAGGTGGTTG-1,59,3745,mm10
ACTACGAAGTAGCTCT-1,5550,4,hg19
ACTACGAGTATACCTG-1,5961,20,hg19
ACTACGATCCAATCCC-1,12102,21,hg19
ACTACGATCCATGAGT-1,5336,4,hg19
ACTATCTAGGTTGCCC-1,2815,5,hg19
ACTATCTGTGAATGAT-1,3629,5,hg19
ACTATCTGTGTGTCCG-1,8255,6,hg19
ACTATCTTCTATCGCC-1,3121,3,hg19
ACTATGGAGACGAGCT-1,2339,17,hg19
ACTATGGAGAGCAGTC-1,22,2178,mm10
ACTATGGCAACTCATG-1,4768,13,hg19
ACTATGGCATTGCCTC-1,3614,10,hg19
ACTATGGGTCACAGAG-1,2491,15,hg19
ACTATGGGTCTTCAAG-1,2740,17,hg19
ACTATGGTCAACCTTT-1,5913,23,hg19
ACTATGGTCCTGTAGA-1,1857,3,hg19
ACTATGGTCGACTCCT-1,3408,18,hg19
ACTATTCAGGATACAT-1,7853,10,hg19
ACTATTCCACCCTGAG-1,8895,53,hg19
ACTATTCCAGGTTACT-1,7360,11,hg19
ACTATTCGTGGTTTGT-1,6459,8,hg19
ACTCCCAGTATGGTTC-1,938,3,hg19
ACTCCCAGTTGTAAAG-1,20937,24,hg19
ACTCCCATCTCCTGCA-1,2578,16,hg19
ACTCTCGCAGTTCACA-1,13163,19,hg19
ACTCTCGGTGGACCTC-1,1258,18,hg19
ACTCTCGTCGGTCACG-1,38,21428,mm10
ACTGATGAGCATGAAT-1,5826,6,hg19
ACTGATGAGTTTGGCT-1,4698,7,hg19
ACTGATGCAAAGCACG-1,5390,6,hg19
ACTGATGCACACAGCC-1,504,42,hg19
ACTGATGCACTGTTCC-1,9242,5,hg19
ACTGATGCAGCGCGTT-1,1697,5,hg19
ACTGATGCAGTGTGCC-1,4903,5,hg19
ACTGCAAAGCTGGAGT-1,1783,9,hg19
ACTGCAACAAGTCATC-1,20269,18,hg19
ACTGCAACACTCCCTA-1,3848,8,hg19
ACTGCAACATCGTTCC-1,9530,7,hg19
ACTGCAATCCAAGAGG-1,5391,8,hg19
ACTGCAATCTGGGCGT-1,3922,6,hg19
ACTGTCCAGAGTGAAG-1,596,52,hg19
ACTGTCCGTAAGATTG-1,6038,6,hg19
ACTGTCCGTAGTATAG-1,9816,10,hg19
ACTGTCCTCCCATAGA-1,6779,14,hg19
ACTGTCCTCTGAATCG-1,5682,13,hg19
ACTGTGAAGAAGTCAT-1,4040,7,hg19
ACTGTGAAGATGGTCG-1,3691,6,hg19
ACTGTGAAGTCTGGTT-1,1315,3,hg19
ACTGTGACAGACACCC-1,12367,14,hg19
ACTGTGAGTCAACACT-1,3641,4,hg19
ACTGTGAGTCTACGAT-1,5110,7,hg19
ACTGTGATCCGCGATG-1,3832,9,hg19
ACTGTGATCGAAGCCC-1,5956,5,hg19
ACTTAGGAGTTCCATG-1,6381,12,hg19
ACTTAGGGTCAGACTT-1,6810,12,hg19
ACTTAGGGTCGCAGTC-1,4746,4,hg19
ACTTAGGTCCTTCGAC-1,4894,23,hg19
ACTTATCCAGTAGTGG-1,10080,6,hg19
ACTTCCGAGTTGAAAC-1,4763,5,hg19
ACTTCCGGTGTAGCAG-1,7594,12,hg19
ACTTCCGTCCTATTTG-1,2781,11,hg19
ACTTCCGTCCTCATAT-1,5346,31,hg19
ACTTCCGTCGGAGTGA-1,1271,6,hg19
ACTTCGCAGACTAAGT-1,761,1,hg19
ACTTCGCAGCTAAACA-1,503,8,hg19
ACTTCGCGTCCGTACG-1,28,3712,mm10
ACTTCGCGTGTATTCG-1,1656,5,hg19
ACTTCGCGTTACCTTT-1,7074,7,hg19
ACTTCGCGTTCCTAGA-1,6900,9,hg19
ACTTCGCGTTTCTTAC-1,2911,10,hg19
ACTTCGCTCGCTGATA-1,1050,7,hg19
ACTTTCAAGGCTGTAG-1,6364,13,hg19
ACTTTCAAGGTCGAGT-1,5134,14,hg19
ACTTTCAAGTGCGTCC-1,1125,4,hg19
ACTTTCATCAGGAACG-1,5702,14,hg19
ACTTTCATCGGAATGG-1,9157,14,hg19
ACTTTGTAGGCATCGA-1,5273,25,hg19
ACTTTGTAGGTGCCTC-1,4868,12,hg19
ACTTTGTAGTAGGAAG-1,2828,7,hg19
ACTTTGTCACGACAAG-1,7447,28,hg19
ACTTTGTGTCCCAAAT-1,2421,5,hg19
ACTTTGTGTTCACGAT-1,673,9,hg19
ACTTTGTGTTCTTGCC-1,1407,13,hg19
ACTTTGTGTTGATGTC-1,6459,31,hg19
AGAAATGAGGAACATT-1,4159,8,hg19
AGAAATGCAAAGGCGT-1,9224,14,hg19
AGAAATGGTACTCCGG-1,4017,8,hg19
AGAAATGGTATTGCCA-1,1981,9,hg19
AGAAATGGTCACTACA-1,6022,10,hg19
AGAAATGGTGTCTAAC-1,12735,8,hg19
AGAAATGGTGTCTCCT-1,10168,9,hg19
AGAAATGTCAGTGTCA-1,2142,7,hg19
AGAAATGTCTTTCCAA-1,3097,7,hg19
AGAACAAAGGAACGTC-1,6078,1,hg19
AGAACAACAACCCTCT-1,4718,9,hg19
AGAACAATCCATTGTT-1,5099,5,hg19
AGAACCTAGGATAATC-1,967,11,hg19
AGAACCTCAATAACGA-1,1380,14,hg19
AGAACCTCACCAGTTA-1,3598,7,hg19
AGAACCTGTCTATGAC-1,3393,10,hg19
AGAAGCGAGCAATTCC-1,889,6,hg19
AGAAGCGAGTAGGTTA-1,5940,11,hg19
AGAAGCGCACCTCTAC-1,9771,16,hg19
AGAAGCGTCCGCGATG-1,3130,4,hg19
AGAAGTAAGCGGCTCT-1,5326,10,hg19
AGAAGTACAACCCGCA-1,789,3,hg19
AGAAGTACAGCGTTGC-1,1327,7,hg19
AGAAGTACATCTCAAG-1,7675,5,hg19
AGAAGTATCCGTCCTA-1,4303,10,hg19
AGAAGTATCCTTATAC-1,5417,14,hg19
AGAAGTATCTGACCCT-1,2861,6,hg19
AGACAAAAGCGCTGCT-1,2812,26,hg19
AGACAAAAGTGTCATC-1,4832,3,hg19
AGACAAACAGGGAATC-1,3255,14,hg19
AGACAAAGTAGACAAT-1,535,99,hg19
AGACAAAGTAGATCGG-1,16587,7,hg19
AGACAAAGTGATGGCA-1,30,12800,mm10
AGACAAATCCGGTAGC-1,7140,10,hg19
AGACACTAGTAGGCCA-1,12871,20,hg19
AGACACTAGTGAACAT-1,10942,8,hg19
AGACACTCACAAGCTT-1,6605,65,hg19
AGACACTCAGAAATCA-1,7540,16,hg19
AGACACTGTGTCCTAA-1,5289,6,hg19
AGACACTGTTGACTAC-1,2655,15,hg19
AGACACTTCAGCATTG-1,1818,287,hg19
AGACACTTCGAGATGG-1,12626,19,hg19
AGACAGGCAGTCTACA-1,3077,13,hg19
AGACAGGGTAGTAAGT-1,1324,9,hg19
AGACCATAGAAACACT-1,2106,6,hg19
AGACCATGTAGGAGTC-1,4986,20,hg19
AGACCATGTCAAGCCC-1,18926,14,hg19
AGACCATTCCGGACGT-1,2790,4,hg19
AGACCATTCCTCGCAT-1,82,7689,mm10
AGACCCGAGACGCCCT-1,7678,6,hg19
AGACCCGAGACTCTTG-1,5594,8,hg19
AGACCCGTCTTCCACG-1,79,7158,mm10
AGACTCAAGCTAGATA-1,8616,22,hg19
AGACTCACATTCACAG-1,2521,5,hg19
AGACTCAGTCGAGTGA-1,6055,19,hg19
AGACTCAGTCGGTACC-1,7054,9,hg19
AGACTCAGTGCATGTT-1,6406,8,hg19
AGACTCATCCAACTGA-1,5512,25,hg19
AGAGAATAGTGATTCC-1,2916,8,hg19
AGAGAATCACAACGTT-1,5551,14,hg19
AGAGAATCAGCAGACA-1,546,19,hg19
AGAGAATCAGCCTATA-1,3621,31,hg19
AGAGAATCAGTCAGTT-1,6852,5,hg19
AGAGAATGTGGTACAG-1,83,4089,mm10
AGAGAATGTTGTAAAG-1,3096,9,hg19
AGAGAGCAGGACGCTA-1,143,7338,mm10
AGAGAGCGTACCATAC-1,2680,6,hg19
AGAGAGCTCGGTAGGA-1,10464,6,hg19
AGAGCAGCAACATACC-1,1128,10,hg19
AGAGCAGTCTAACGCA-1,15384,23,hg19
AGAGCAGTCTCACTCG-1,9410,106,hg19
AGAGCCCAGAGGCCAT-1,159,12599,mm10
AGAGCCCCATCCGTTC-1,63,8390,mm10
AGAGCCCTCACTCCGT-1,54,6126,mm10
AGAGCCCTCCCATACC-1,8618,11,hg19
AGATAGAAGACGACTG-1,3109,7,hg19
AGATAGAGTAAGTCAA-1,8408,12,hg19
AGATAGAGTACGCGTC-1,5005,4,hg19
AGATAGATCAAGCTGT-1,3792,8,hg19
AGATAGATCATAGAGA-1,1773,3,hg19
AGATAGATCTTTCGAT-1,2432,48,hg19
AGATCCACAAGCGAAC-1,6160,8,hg19
AGATCCACATGACGTT-1,2615,7,hg19
AGATCCAGTAAGAACT-1,2971,6,hg19
AGATCCATCCCTCAAC-1,5819,8,hg19
AGATCGTAGACGGTTG-1,731,7,hg19
AGATCGTGTCTAATCG-1,13922,53,hg19
AGATCGTGTTCGTACA-1,6732,10,hg19
AGATCGTGTTCTGACA-1,617,20,hg19
AGATGAAAGCCTGACC-1,4191,13,hg19
AGATGAAAGGAACGAA-1,3641,9,hg19
AGATGAAAGGAGGCAG-1,9369,22,hg19
AGATGAAAGTGGTGGT-1,3587,9,hg19
AGATGAAAGTTACGGG-1,8046,6,hg19
AGATGAATCTAGAGCT-1,6834,15,hg19
AGATGCTCAGGACTTT-1,1130,4,hg19
AGATGCTCAGGTCAGA-1,3033,9,hg19
AGATGCTGTCCAGTTA-1,93,2936,mm10
AGCATCAAGGAAAGTG-1,3453,2,hg19
AGCATCAAGTCTGGTT-1,2404,14,hg19
AGCATCACACAAAGCG-1,2431,6,hg19
AGCATCAGTATCACCA-1,13432,22,hg19
AGCCAATAGCTGGCTC-1,3706,5,hg19
AGCCAATTCAGGAACG-1,4279,4,hg19
AGCCAATTCATGGATC-1,7623,15,hg19
AGCCAATTCGAGCCAC-1,7791,10,hg19
AGCCACGAGAAGGATG-1,3832,17,hg19
AGCCACGAGCTGGCCT-1,6609,12,hg19
AGCCACGAGGTCGACA-1,6618,7,hg19
AGCCACGCACTGAATC-1,8267,10,hg19
AGCCACGCAGACAAGC-1,5011,12,hg19
AGCCACGCATAGGCGA-1,11971,11,hg19
AGCCACGGTCTGTGGC-1,7597,21,hg19
AGCCACGTCCTTACCG-1,5138,33,hg19
AGCCACGTCTCTTCAA-1,6163,25,hg19
AGCCAGCAGCACCGTC-1,3001,6,hg19
AGCCAGCAGCATGCGA-1,8926,7,hg19
AGCCAGCAGCTGAAGC-1,4290,4,hg19
AGCCAGCAGGGAGATA-1,7549,4,hg19
AGCCAGCAGTAATCCC-1,4771,8,hg19
AGCCAGCGTCTACTGA-1,5519,17,hg19
AGCCAGCTCAATCCAG-1,3665,5,hg19
AGCCAGCTCACTAGCA-1,2810,14,hg19
AGCCAGCTCATTACGG-1,12926,7,hg19
AGCGATTAGAACAGGA-1,510,5,hg19
AGCGATTAGTTCCGTA-1,4237,5,hg19
AGCGATTCAAATAGCA-1,9664,25,hg19
AGCGATTCACATATCG-1,5561,13,hg19
AGCGATTCACGACTAT-1,4747,35,hg19
AGCGATTCATTCTTCA-1,225,10569,mm10
AGCGATTGTCATATGC-1,2469,2,hg19
AGCGATTGTTGCGGAA-1,3509,4,hg19
AGCGATTTCACGAACT-1,6253,10,hg19
AGCGCCAAGAAACTAC-1,4609,12,hg19
AGCGCCAAGCTACTAC-1,3032,14,hg19
AGCGCCAGTCCGATCG-1,14445,20,hg19
AGCGCCAGTGAGGCAT-1,10416,7,hg19
AGCGCCAGTTGTACGT-1,2141,6,hg19
AGCGCCATCACTGGGC-1,4612,4,hg19
AGCGCTGCAATGAACA-1,45,7341,mm10
AGCGCTGCAGTAGGAC-1,2653,8,hg19
AGCGCTGGTGGCCCAT-1,6211,8,hg19
AGCGTATAGACAGCGT-1,3608,9,hg19
AGCGTATAGCTGAAGC-1,4589,11,hg19
AGCGTATCAATGCAGG-1,5113,4,hg19
AGCGTATCAGGCGATA-1,2826,2,hg19
AGCGTATGTCGAGATG-1,3971,18,hg19
AGCGTATGTCTGTGCG-1,947,5,hg19
AGCGTATTCCACCCTA-1,3177,2,hg19
AGCGTCGTCCGTGGGT-1,3243,2,hg19
AGCGTCGTCGGAACTT-1,2986,2,hg19
AGCTACAAGCTGGCCT-1,2394,6,hg19
AGCTACACAACTCATG-1,5689,13,hg19
AGCTACAGTAGCGTCC-1,588,8,hg19
AGCTACAGTGTTATCG-1,4428,9,hg19
AGCTACATCACCTACC-1,1662,7,hg19
AGCTACATCTTTACAC-1,4229,21,hg19
AGCTCAATCTACAGGT-1,4271,14,hg19
AGCTTCCGTATAGGGC-1,4405,11,hg19
AGCTTCCTCGAAGCCC-1,12418,20,hg19
AGGAAATAGCATCCCG-1,3914,9,hg19
AGGAAATAGTGATCGG-1,6234,8,hg19
AGGAAATCAGCATTGT-1,2029,6,hg19
AGGAAATGTAGAATAC-1,9106,20,hg19
AGGAAATTCACCATGA-1,15806,201,hg19
AGGAAATTCAGCGCAC-1,1999,2,hg19
AGGAATACACACCGAC-1,5196,141,hg19
AGGAATACACTAACGT-1,5002,8,hg19
AGGAATAGTCTGGTTA-1,3684,6,hg19
AGGAATAGTTCCGCTT-1,6166,8,hg19
AGGAATATCGATTCCC-1,3230,4,hg19
AGGAATATCTGCGAGC-1,5724,16,hg19
AGGACGACAGAAGTGC-1,2359,7,hg19
AGGACGACAGGAGACT-1,910,11,hg19
AGGACGAGTTGTGTAC-1,6600,16,hg19
AGGACGATCCAGCTCT-1,3075,8,hg19
AGGACTTGTAAGTTGA-1,997,5,hg19
AGGACTTGTCAGGTGA-1,4194,8,hg19
AGGACTTTCACCTTAT-1,6472,16,hg19
AGGACTTTCATGGTAC-1,2699,5,hg19
AGGACTTTCGCGCTGA-1,7934,13,hg19
AGGACTTTCGGTAGAG-1,10271,9,hg19
AGGAGGTCAAGAGCTG-1,56,641,mm10
AGGAGGTCACACGCCA-1,6194,13,hg19
AGGAGGTCACGACTAT-1,4448,8,hg19
AGGAGGTCATAATGAG-1,2918,7,hg19
AGGATAAGTAGCGAGT-1,5117,6,hg19
AGGATAAGTAGCGTAG-1,866,4,hg19
AGGATAATCTGAGAAA-1,3588,8,hg19
AGGATCTAGCTTTCCC-1,10263,5,hg19
AGGATCTCAACAGAGC-1,4226,3,hg19
AGGATCTCACTACACA-1,8066,8,hg19
AGGATCTGTACTCAAC-1,8740,12,hg19
AGGATCTTCCTATGGA-1,3892,3,hg19
AGGCATTGTTACGTAC-1,5621,7,hg19
AGGCATTTCACCGCTT-1,4813,11,hg19
AGGCATTTCCACGTAA-1,1784,12,hg19
AGGCCACAGTACAGCG-1,10131,10,hg19
AGGCCACGTCAGCTTA-1,2253,8,hg19
AGGCTGCAGCCTGACC-1,6219,12,hg19
AGGCTGCAGGGATCTG-1,1406,3,hg19
AGGCTGCGTTCTCCAC-1,1223,14,hg19
AGGGAGTAGGCATTTC-1,635,16,hg19
AGGGAGTGTACGAGCA-1,2833,14,hg19
AGGGAGTGTCTTCAAG-1,7694,15,hg19
AGGGCCTAGTTGCCCG-1,8652,30,hg19
AGGGCCTGTCGAGCAA-1,2056,9,hg19
AGGGCCTGTCTAGGCC-1,2037,4,hg19
AGGGCCTGTGCACGCT-1,1219,4,hg19
AGGGCCTTCGTGTGAT-1,3889,2,hg19
AGGGCTCAGGGAGTTC-1,2960,9,hg19
AGGGCTCAGTGCACAG-1,4497,12,hg19
AGGGCTCAGTTTGTCG-1,4327,10,hg19
AGGGCTCCACACACGC-1,9893,20,hg19
AGGGCTCGTGCAGGAT-1,9190,43,hg19
AGGGCTCGTTCCTAAG-1,10412,11,hg19
AGGGCTCTCGTAGCCG-1,4405,5,hg19
AGGGCTCTCTCGGTAA-1,3609,15,hg19
AGGGCTCTCTCGTCGT-1,11173,9,hg19
AGGGTCCAGGCAGCTA-1,8810,7,hg19
AGGGTCCAGGTCTTTG-1,1539,6,hg19
AGGGTCCCAGATGCGA-1,6485,3,hg19
AGGGTCCGTAGAATAC-1,991,2,hg19
AGGGTGAAGTAACGAT-1,4281,9,hg19
AGGGTGAAGTCTAGAA-1,2360,9,hg19
AGGGTGAGTATCGCGC-1,3776,8,hg19
AGGGTTTAGGACTATA-1,8159,14,hg19
AGGGTTTAGGAGCAAA-1,5648,8,hg19
AGGGTTTTCATGCAGT-1,4372,11,hg19
AGGGTTTTCGAAGAAT-1,4434,9,hg19
AGGGTTTTCTTCGTGC-1,7810,10,hg19
AGGTAGGAGAGGTATT-1,12187,5,hg19
AGGTAGGGTATCACGT-1,8665,15,hg19
AGGTAGGTCCCAGTGG-1,5962,28,hg19
AGGTAGGTCTATCACT-1,7562,13,hg19
AGGTCATCACCACTGG-1,27305,68,hg19
AGGTCATGTCGGCTAC-1,2693,6,hg19
AGGTCATGTGTCCAAT-1,4787,9,hg19
AGGTCATTCGAGTACT-1,14271,10,hg19
AGGTCTATCCGCGAGT-1,1627,3,hg19
AGGTGTTAGACAGCTG-1,17057,20,hg19
AGGTGTTCACTGCACG-1,5702,8,hg19
AGGTGTTCATATGGCT-1,11435,38,hg19
AGGTGTTGTCCGAAAG-1,2179,7,hg19
AGGTGTTTCTGCAGCG-1,5236,6,hg19
AGGTTACCAAGCAATA-1,3715,31,hg19
AGGTTACCAGGTACGA-1,681,12,hg19
AGGTTACCATACTTTC-1,6412,36,hg19
AGGTTACGTCTGTCAA-1,3819,9,hg19
AGGTTACGTTGCGGCT-1,12803,5,hg19
AGGTTACTCCCAAGTA-1,1256,12,hg19
AGGTTACTCTCGCTCA-1,7056,18,hg19
AGGTTGTCATGAGTAA-1,228,7897,mm10
AGGTTGTTCAAGTAAG-1,3246,2,hg19
AGGTTGTTCCCATGGG-1,1375,6,hg19
AGTAACCTCCAGCTCT-1,7621,30,hg19
AGTACCACAAAGGGCT-1,3879,4,hg19
AGTACCACAACTACGT-1,2795,15,hg19
AGTACCACACACAGCC-1,2570,13,hg19
AGTACCACAGAGAATT-1,5910,18,hg19
AGTACCATCATGCCAA-1,3428,14,hg19
AGTACCATCGGTAGGA-1,2386,5,hg19
AGTACCATCTTCTTCC-1,9269,18,hg19
AGTACTGAGATTCGAA-1,3887,5,hg19
AGTACTGAGCAAATGT-1,2300,5,hg19
AGTACTGAGGATTTGA-1,4478,11,hg19
AGTACTGTCATAGGCT-1,8627,15,hg19
AGTACTGTCGTACACA-1,1911,13,hg19
AGTACTGTCGTAGTGT-1,4002,6,hg19
AGTACTGTCTTCGGAA-1,3934,3,hg19
AGTAGCTAGAAGGTAG-1,5715,8,hg19
AGTAGCTAGCCGATAG-1,4159,3,hg19
AGTAGCTCAATGCTCA-1,17759,14,hg19
AGTAGCTCAGCGCGTT-1,9496,11,hg19
AGTAGCTTCCCATTTA-1,6482,12,hg19
AGTAGTCAGACAGTCG-1,124,6138,mm10
AGTAGTCAGCTCAGAG-1,3378,11,hg19
AGTAGTCCAATTAGGA-1,3687,14,hg19
AGTAGTCGTCGGATTT-1,8063,39,hg19
AGTAGTCGTTAAACAG-1,12447,15,hg19
AGTAGTCTCCAATGCA-1,3146,9,hg19
AGTCAACAGATCGGTG-1,3265,2,hg19
AGTCAACAGCACCTGC-1,111,831,mm10
AGTCAACGTCACCGAC-1,3946,11,hg19
AGTCAACGTGCAGTGA-1,3030,7,hg19
AGTCAACGTTTGCCGG-1,4839,9,hg19
AGTCAACTCCGCAGTG-1,4765,7,hg19
AGTCACAAGCCGAACA-1,4050,4,hg19
AGTCACAAGCGTATGG-1,1416,5,hg19
AGTCACAGTCCGTACG-1,2594,11,hg19
AGTCACATCACCTTAT-1,2675,6,hg19
AGTCACATCAGATTGC-1,2593,2,hg19
AGTCATGGTACGATTC-1,2145,1,hg19
AGTCATGTCCTACGGG-1,1950,3,hg19
AGTCTCCAGGCCATAG-1,8305,24,hg19
AGTCTCCGTGATTGGG-1,7810,8,hg19
AGTCTCCTCTTACTGT-1,1803,8,hg19
AGTGACTAGCGCAATG-1,7910,6,hg19
AGTGACTGTAGGATAT-1,5941,2,hg19
AGTGATCCAGCGAGTA-1,15625,23,hg19
AGTGATCGTCACCCTT-1,5030,8,hg19
AGTGATCGTGTATCCA-1,6326,6,hg19
AGTGATCGTGTTGAGG-1,8321,19,hg19
AGTGATCGTTTCGTAG-1,3848,3,hg19
AGTGATCTCTACACTT-1,6992,23,hg19
AGTGCCGGTCGTAATC-1,2761,23,hg19
AGTGCCGGTTAAGTCC-1,6175,7,hg19
AGTGCCGTCAGCCTTC-1,4015,2,hg19
AGTGCCGTCCTAAACG-1,5114,20,hg19
AGTGTTGAGCATTTGC-1,2375,8,hg19
AGTGTTGAGGCCGCTT-1,68,1849,mm10
AGTGTTGGTGGCTTGC-1,3587,72,hg19
AGTGTTGTCATACAGC-1,5618,14,hg19
AGTGTTGTCGCCGTGA-1,3697,2,hg19
AGTTAGCAGTATGAAC-1,1633,10,hg19
AGTTAGCAGTCAGCCC-1,4072,5,hg19
AGTTAGCAGTGATCGG-1,4444,10,hg19
AGTTAGCCATGTGACT-1,986,1,hg19
AGTTAGCGTGTGAATA-1,4472,3,hg19
AGTTAGCTCATCGACA-1,75,2724,mm10
AGTTAGCTCTACGGTA-1,16750,19,hg19
AGTTCCCAGGACTTCT-1,4845,13,hg19
AGTTCCCCAACTCGAT-1,9371,10,hg19
AGTTCCCCATCCTTCG-1,509,3,hg19
AGTTCCCGTCAATGGG-1,6490,8,hg19
AGTTCCCTCAGACCTA-1,1632,8,hg19
AGTTCCCTCCTGGTCT-1,6951,8,hg19
AGTTCGACAAGACCGA-1,217,1045,mm10
AGTTCGACACACGCCA-1,1669,6,hg19
AGTTCGACAGGCCTGT-1,4503,8,hg19
AGTTCGAGTGCGAACA-1,13390,30,hg19
AGTTCGATCCACAGCG-1,8103,10,hg19
AGTTCGATCTCAGAAC-1,1517,6,hg19
ATACCGAAGCCTGGAA-1,1464,16,hg19
ATACCGAGTCCGGCAT-1,2472,17,hg19
ATACCGAGTGTTCAGT-1,677,5,hg19
ATACCGAGTTGTTGAC-1,11211,8,hg19
ATACCGATCTAGCCTC-1,2717,9,hg19
ATACCTTAGAACAAGG-1,568,12,hg19
ATACCTTCACAATGAA-1,1305,2,hg19
ATACCTTCACACAGAG-1,4400,13,hg19
ATACCTTCATAATGCC-1,99,9226,mm10
ATACCTTGTGCATTAC-1,694,4,hg19
ATACCTTTCCTGGCTT-1,19113,22,hg19
ATACCTTTCGAAACAA-1,4431,10,hg19
ATACTTCAGGATCACG-1,3132,17,hg19
ATACTTCCACCTGATA-1,7301,7,hg19
ATACTTCCATGTGTCA-1,8718,28,hg19
ATACTTCTCCACGTAA-1,1886,8,hg19
ATAGACCAGATACGAT-1,2373,8,hg19
ATAGACCCACTACGGC-1,2913,11,hg19
ATAGACCGTAAGCGGT-1,5473,11,hg19
ATAGACCGTCGAGCAA-1,2734,4,hg19
ATAGACCGTTGGACTT-1,5467,16,hg19
ATAGACCTCATGCTAG-1,1736,30,hg19
ATAGAGAAGAAGTATC-1,2943,3,hg19
ATAGAGAAGCAGAAAG-1,5751,11,hg19
ATAGAGAAGGCAGGGA-1,5774,14,hg19
ATAGAGAAGTAGGAAG-1,938,6,hg19
ATAGAGACAGAGTGTG-1,589,27,hg19
ATAGAGAGTAGGTACG-1,3437,9,hg19
ATAGAGATCGCCTAGG-1,8379,28,hg19
ATAGGCTAGATTAGCA-1,3895,9,hg19
ATAGGCTGTTCAAACC-1,4835,9,hg19
ATAGGCTGTTTATGCG-1,60,8140,mm10
ATATCCTAGTTCCGGC-1,4590,15,hg19
ATATCCTCAGGGCTTC-1,1468,7,hg19
ATATCCTGTAACGTTC-1,7437,13,hg19
ATATCCTGTATGCTTG-1,12332,55,hg19
ATATCCTGTTCCACGG-1,8817,91,hg19
ATATCCTTCAGACTGT-1,5101,28,hg19
ATATCCTTCAGCGCGT-1,5580,9,hg19
ATCACAGAGGTACTGG-1,4588,14,hg19
ATCACAGCAGACAATA-1,5338,8,hg19
ATCACAGGTTAAGACA-1,7310,21,hg19
ATCACGAAGTGCACAG-1,7832,11,hg19
ATCACGACAAAGCTAA-1,5075,13,hg19
ATCACGACAAGGAGTC-1,4624,43,hg19
ATCACGAGTCCCAAAT-1,2686,11,hg19
ATCACGAGTCGAGATG-1,73,2564,mm10
ATCACGATCCGAACGC-1,3928,11,hg19
ATCACGATCTCTATGT-1,3084,0,hg19
ATCACTTAGAGCCCAA-1,2541,9,hg19
ATCACTTAGCAGATAT-1,3571,13,hg19
ATCACTTAGTGTACCT-1,4857,19,hg19
ATCACTTGTAGCGCTC-1,3755,5,hg19
ATCACTTTCCAAAGGG-1,2583,15,hg19
ATCACTTTCTAGTGTG-1,668,7,hg19
ATCAGGTAGGCGTTGA-1,3140,6,hg19
ATCAGGTAGGTCCTGC-1,12148,18,hg19
ATCAGGTAGTCTGGTT-1,681,185,hg19
ATCAGGTGTCATAACC-1,6323,12,hg19
ATCAGGTTCTACCCAC-1,6922,26,hg19
ATCATTCAGCACACAG-1,14096,15,hg19
ATCATTCAGGAGCAAA-1,5327,7,hg19
ATCATTCCAAGCTACT-1,4220,17,hg19
ATCATTCCATCGCTGG-1,3319,6,hg19
ATCCACCAGAGCAAGA-1,6417,23,hg19
ATCCACCGTAGTTACC-1,12800,14,hg19
ATCCACCGTGCATGAG-1,4195,9,hg19
ATCCACCTCAGAATAG-1,6684,8,hg19
ATCCACCTCGGTGTAT-1,3181,10,hg19
ATCCATTCAAGTTCCA-1,3619,9,hg19
ATCCATTCACGGTGAA-1,6238,9,hg19
ATCCATTTCAATCTTC-1,3195,20,hg19
ATCCATTTCCGAGTGC-1,3983,16,hg19
ATCCATTTCGGAGCAA-1,12176,17,hg19
ATCCATTTCGGTCTGG-1,3599,7,hg19
ATCCATTTCTTGCGCT-1,8238,8,hg19
ATCCCTGAGATGGTAT-1,2539,6,hg19
ATCCCTGGTATCCCTC-1,3848,17,hg19
ATCCCTGGTCGAACAG-1,4721,5,hg19
ATCCGTCAGGACCCAA-1,14490,13,hg19
ATCCGTCCACAAATAG-1,4579,6,hg19
ATCCGTCGTCAAAGTA-1,1571,6,hg19
ATCCGTCTCGACGATT-1,4315,5,hg19
ATCCGTCTCGCAAGAG-1,6096,10,hg19
ATCCTATAGAGCTGCA-1,3930,16,hg19
ATCCTATGTCAGGCAA-1,7336,15,hg19
ATCGATGAGTCAGCGA-1,14339,12,hg19
ATCGATGAGTGCACCC-1,9077,7,hg19
ATCGCCTAGCATCAAA-1,3656,24,hg19
ATCGCCTAGGATGTTA-1,763,8,hg19
ATCGCCTAGTAGGATT-1,1762,2,hg19
ATCGCCTGTTAGAGAT-1,3821,10,hg19
ATCGCCTTCCGCTGTT-1,7787,240,hg19
ATCGCCTTCGGCATAT-1,8460,6,hg19
ATCGCCTTCGGCTGTG-1,23279,221,hg19
ATCGGATGTCCCACGA-1,2593,7,hg19
ATCGGATGTCGTCGGT-1,2417,8,hg19
ATCGGATTCTCGACGG-1,732,5,hg19
ATCGGCGAGATGCTGG-1,3781,70,hg19
ATCGGCGGTACACGCC-1,5255,36,hg19
ATCGGCGGTTTACGAC-1,4119,6,hg19
ATCGGCGTCTCATGGA-1,15919,49,hg19
ATCGTAGAGCCGATCC-1,31,16155,mm10
ATCGTAGAGGCCTAAG-1,3667,6,hg19
ATCGTAGAGGTTATAG-1,63,9645,mm10
ATCGTAGCACGCGTGT-1,67,2289,mm10
ATCGTAGCACTTTATC-1,14249,17,hg19
ATCGTAGGTATGAAAC-1,2616,30,hg19
ATCGTAGTCGTCCTCA-1,3781,7,hg19
ATCGTCCAGAAGGATG-1,24,2449,mm10
ATCGTCCAGCTCGACC-1,6445,8,hg19
ATCGTCCAGGCAGGGA-1,7624,19,hg19
ATCGTCCAGGTATTGA-1,4219,17,hg19
ATCGTGACAGAGAATT-1,3365,5,hg19
ATCGTGACAGCGTGCT-1,139,5551,mm10
ATCGTGATCAGCTGAT-1,4208,5,hg19
ATCGTGATCGCTTGAA-1,15033,6,hg19
ATCGTGATCGGAACTT-1,13427,15,hg19
ATCTCTAAGCTTGTGT-1,3546,5,hg19
ATCTCTAAGCTTTGTG-1,4035,13,hg19
ATCTCTAAGTGGATTA-1,8556,11,hg19
ATCTCTATCATCGCTC-1,9266,11,hg19
ATCTTCAAGAGATCGC-1,6271,13,hg19
ATCTTCAAGGAAAGTG-1,6049,7,hg19
ATCTTCACATTAGGAA-1,4527,16,hg19
ATCTTCATCATAGCAC-1,12622,51,hg19
ATCTTCATCCTAGCGG-1,7346,8,hg19
ATGAAAGCAGCACAAG-1,3470,44,hg19
ATGAAAGCAGTTTCGA-1,9884,15,hg19
ATGAAAGGTGAACGGT-1,4041,4,hg19
ATGAAAGGTGTAAACA-1,3626,11,hg19
ATGACCAAGCATTTCG-1,5515,5,hg19
ATGACCAAGTGCAGCA-1,2832,12,hg19
ATGACCAAGTTCGCAT-1,5902,9,hg19
ATGACCACATCCGGTG-1,35,1450,mm10
ATGACCATCACTTGTT-1,9798,12,hg19
ATGACCATCCAAACCA-1,4985,14,hg19
ATGACCATCCGCGGAT-1,3535,19,hg19
ATGAGGGAGCCTTTGA-1,2411,12,hg19
ATGAGGGAGCTTCTAG-1,1010,15,hg19
ATGAGGGAGGTTATAG-1,2274,17,hg19
ATGAGGGAGTATGCAA-1,2152,7,hg19
ATGAGGGCAAGAAATC-1,6641,9,hg19
ATGAGGGCATCAGCAT-1,1745,6,hg19
ATGAGGGCATTGAAGA-1,4094,6,hg19
ATGAGGGTCGACGAGA-1,3817,4,hg19
ATGAGGGTCTAGTTCT-1,11319,7,hg19
ATGAGTCAGCACCGTC-1,14244,8,hg19
ATGAGTCAGGACGCAT-1,10622,13,hg19
ATGAGTCCATGGCTGC-1,2059,2,hg19
ATGAGTCTCAGCACCG-1,4313,6,hg19
ATGATCGAGTAGGATT-1,4379,18,hg19
ATGATCGCAGTGTATC-1,1798,5,hg19
ATGATCGGTACAATAG-1,10691,22,hg19
ATGATCGTCGACCCAG-1,4852,1,hg19
ATGATCGTCTATCGGA-1,1185,5,hg19
ATGCATGAGACTTAAG-1,833,13,hg19
ATGCATGCAGCAAGAC-1,18505,8,hg19
ATGCATGGTAATACCC-1,2055,40,hg19
ATGCATGGTAGCGATG-1,8672,3,hg19
ATGCATGGTCACCCTT-1,8006,23,hg19
ATGCATGTCAGCACCG-1,17698,27,hg19
ATGCCTCCACCGTGAC-1,601,3,hg19
ATGCCTCCAGATCCTA-1,8874,46,hg19
ATGCCTCCATCTGCGG-1,4129,5,hg19
ATGCCTCTCACGGGCT-1,5699,14,hg19
ATGCCTCTCCTAGCGG-1,4760,8,hg19
ATGCGATGTCTTGCTC-1,4470,23,hg19
ATGCGATGTGGGTATG-1,1398,3,hg19
ATGGAGGAGCGTTGTT-1,9703,6,hg19
ATGGAGGTCAGTCTTT-1,22792,24,hg19
ATGGAGGTCGCCGATG-1,11848,9,hg19
ATGGAGGTCGGCTGAC-1,5297,30,hg19
ATGGAGGTCTCTGAGA-1,2945,9,hg19
ATGGATCAGTGGAATT-1,2710,4,hg19
ATGGATCCAACAAGTA-1,8001,7,hg19
ATGGATCCACGCGCAT-1,4117,6,hg19
ATGGATCGTATTTCCT-1,50,2080,mm10
ATGGATCTCACGAGGA-1,6808,13,hg19
ATGGATCTCCATATGG-1,672,13,hg19
ATGGATCTCTAACGCA-1,5621,9,hg19
ATGGGAGAGACCATAA-1,3951,6,hg19
ATGGGAGAGATAGCTA-1,524,0,hg19
ATGGGAGAGCCATATC-1,8949,12,hg19
ATGGGAGCAACTTGGT-1,1304,8,hg19
ATGGGAGCACCCGTAG-1,6022,14,hg19
ATGGGAGGTACGTGAG-1,1376,1,hg19
ATGGGTTAGAGTCGAC-1,1232,2,hg19
ATGGGTTAGGCATGCA-1,10619,11,hg19
ATGGGTTAGGGACAGG-1,2697,7,hg19
ATGGGTTCACCATATG-1,4716,3,hg19
ATGGGTTTCGTCAAAC-1,1426,3,hg19
ATGGTTGAGCCTGAAG-1,3223,5,hg19
ATGGTTGCAGCAGGAT-1,2769,6,hg19
ATGGTTGCAGCTCCTT-1,6725,11,hg19
ATGGTTGGTGTGCCTG-1,32,924,mm10
ATGGTTGTCACACGAT-1,6987,15,hg19
ATGGTTGTCCAATCTT-1,4624,11,hg19
ATGTCCCAGCGAACTG-1,6367,15,hg19
ATGTCCCAGTATTCCG-1,6629,19,hg19
ATGTCCCCAAGCTGCC-1,3279,13,hg19
ATGTCCCCATCTCAAG-1,5529,52,hg19
ATGTCCCCATGCAGGA-1,39,2474,mm10
ATGTCCCGTACCGCGT-1,2828,8,hg19
ATGTCCCGTACTTGTG-1,3844,7,hg19
ATGTCCCGTGGACCTC-1,4885,4,hg19
ATGTCCCTCACTGAAC-1,1679,9,hg19
ATGTCCCTCGCAGAGA-1,4382,12,hg19
ATGTCTTAGAGTACCG-1,7062,25,hg19
ATGTCTTCACTGCTTC-1,2981,7,hg19
ATGTCTTGTACAATAG-1,7163,14,hg19
ATGTCTTGTAGCGCTC-1,5386,10,hg19
ATGTCTTGTATACCCA-1,3160,11,hg19
ATGTCTTGTTGTCTAG-1,8328,10,hg19
ATGTCTTTCCACGAAT-1,6086,18,hg19
ATTACCTAGGGTACAC-1,12252,29,hg19
ATTACCTCAGAAGCTG-1,6507,9,hg19
ATTACCTGTACCTAAC-1,4373,12,hg19
ATTACCTGTCGTTGCG-1,4597,7,hg19
ATTACCTGTGAAGCGT-1,7626,8,hg19
ATTACCTGTGTCCAAT-1,1952,6,hg19
ATTACCTGTTTGCCGG-1,5736,8,hg19
ATTACCTTCGGTTCAA-1,8362,33,hg19
ATTACTCAGAGCAGAA-1,848,7,hg19
ATTACTCAGCCATTGT-1,5541,15,hg19
ATTACTCCAGAACGCA-1,12818,25,hg19
ATTACTCTCCAGCACG-1,5967,19,hg19
ATTACTCTCCGCCTAT-1,19419,51,hg19
ATTACTCTCCGCTAGG-1,2726,10,hg19
ATTACTCTCGGACCAC-1,4066,5,hg19
ATTATCCCACTCCACT-1,5400,11,hg19
ATTATCCCAGTATACC-1,1694,16,hg19
ATTATCCCATTAAGCC-1,48,1830,mm10
ATTATCCGTATCTCTT-1,1439,11,hg19
ATTCACTAGACGGTCA-1,2491,13,hg19
ATTCACTAGACTAGAT-1,3427,7,hg19
ATTCACTCACCTATCC-1,186,10236,mm10
ATTCACTCACGCTTAA-1,642,4,hg19
ATTCACTCAGGTAGTG-1,4584,12,hg19
ATTCACTGTTGGACCC-1,5675,10,hg19
ATTCACTTCATTTGCT-1,4929,5,hg19
ATTCACTTCGAAGTGG-1,9261,18,hg19
ATTCAGGAGAGAACCC-1,1250,5,hg19
ATTCAGGCACGTCGGT-1,10851,13,hg19
ATTCAGGGTAATACCC-1,7828,19,hg19
ATTCAGGGTCACCTTC-1,7667,13,hg19
ATTCAGGGTTGGGAAC-1,4312,6,hg19
ATTCAGGTCGAACGGA-1,7837,25,hg19
ATTCATCAGGCGATAC-1,6490,33,hg19
ATTCATCCAGTGCCTG-1,8784,4,hg19
ATTCATCTCCAAACCA-1,2781,14,hg19
ATTCATCTCTATTCGT-1,8123,28,hg19
ATTCATCTCTTTGGAG-1,4940,4,hg19
ATTCCATCACAGTGAG-1,4947,6,hg19
ATTCCATCAGTTAGAA-1,2422,9,hg19
ATTCCATCATACATCG-1,5182,22,hg19
ATTCCATCATAGGAGC-1,3178,20,hg19
ATTCCATCATGTTACG-1,4805,17,hg19
ATTCCATTCTTTCAGT-1,50,2844,mm10
ATTCCCGCACATATGC-1,18542,37,hg19
ATTCCCGGTCCGGATC-1,14795,8,hg19
ATTCCCGGTGGCAGAT-1,7233,8,hg19
ATTCCCGTCCGTGGTG-1,740,5,hg19
ATTCCTAAGGCTATCT-1,11698,60,hg19
ATTCCTAAGGTGCATG-1,9030,19,hg19
ATTCCTAGTATCATGC-1,5066,14,hg19
ATTCCTAGTCGTCGGT-1,6284,4,hg19
ATTCCTAGTTTCGATG-1,20506,11,hg19
ATTCGTTAGATGCTAA-1,7004,57,hg19
ATTCGTTCAGCAGAAC-1,4049,4,hg19
ATTCGTTCAGGAACCA-1,737,7,hg19
ATTCGTTGTACAGGTG-1,4853,6,hg19
ATTCGTTGTTAAGAAC-1,5417,20,hg19
ATTCGTTTCATTTCGT-1,4866,6,hg19
ATTCGTTTCTCTATGT-1,14755,16,hg19
ATTCTACAGAGGTTTA-1,2014,2,hg19
ATTCTACAGATCACTC-1,546,68,hg19
ATTCTACAGCGTTACT-1,3533,6,hg19
ATTCTACAGGGCCCTT-1,3712,5,hg19
ATTCTACAGTCATTGC-1,6119,15,hg19
ATTCTACCATAACAGA-1,7665,30,hg19
ATTCTACGTTACACAC-1,1118,19,hg19
ATTCTACGTTGCAAGG-1,5309,8,hg19
ATTCTTGAGACATAAC-1,6591,17,hg19
ATTCTTGAGCAATAAC-1,13452,21,hg19
ATTCTTGCATCCCGTT-1,14415,18,hg19
ATTCTTGTCTTTCAGT-1,5611,6,hg19
ATTGGGTAGTAGGATT-1,5219,7,hg19
ATTGGGTCAGCACAGA-1,7078,15,hg19
ATTGGGTCATTGACCA-1,6739,17,hg19
ATTGGGTGTCGAACAG-1,4251,9,hg19
ATTGGGTGTCGTATTG-1,4435,5,hg19
ATTGGGTGTGGAATGC-1,1010,5,hg19
ATTGGGTGTTCGGTCG-1,5379,12,hg19
ATTGGGTTCCTACGGG-1,850,9,hg19
ATTGGGTTCCTTACCG-1,7900,15,hg19
ATTGTTCAGAGGTCGT-1,1780,5,hg19
ATTGTTCCACAATCTG-1,1555,6,hg19
ATTGTTCCAGGTCCCA-1,6497,12,hg19
ATTGTTCGTACAAAGT-1,4713,5,hg19
ATTGTTCTCCATCCGT-1,10536,6,hg19
ATTTACCAGAATTGTG-1,89,1219,mm10
ATTTACCCAGAGGACT-1,3162,6,hg19
ATTTACCCATTGAAGA-1,8379,31,hg19
ATTTACCGTAAGATCA-1,2093,6,hg19
ATTTACCGTCCGGCAT-1,9353,7,hg19
ATTTACCGTGCCCACA-1,7194,10,hg19
ATTTACCTCAAGATAG-1,7157,10,hg19
ATTTACCTCAGGACAG-1,9807,12,hg19
ATTTACCTCTACGGTA-1,7403,15,hg19
ATTTCACAGCGTCAGA-1,3004,4,hg19
ATTTCACCAAACTCGT-1,4086,26,hg19
ATTTCACCACTCACTC-1,5017,14,hg19
ATTTCACGTAAGGTCG-1,5040,5,hg19
ATTTCACGTCCCGCAA-1,4938,9,hg19
ATTTCACTCAGTCATG-1,4821,16,hg19
ATTTCTGCAGCTCATA-1,2459,9,hg19
ATTTCTGTCCTCTGCA-1,4476,9,hg19
ATTTCTGTCGAAGCCC-1,3404,3,hg19
CAAAGAAAGAACAGGA-1,3981,6,hg19
CAAAGAACAACTCCAA-1,5561,9,hg19
CAAAGAACAGGTAGTG-1,1902,4,hg19
CAAAGAAGTGCCTGAC-1,538,58,hg19
CAACAACAGACAAGCC-1,4993,7,hg19
CAACAACAGATGTAGT-1,4434,5,hg19
CAACAACAGCCAAGTG-1,3717,7,hg19
CAACAACAGGGCGAGA-1,4782,18,hg19
CAACAACAGTTGCGCC-1,5107,8,hg19
CAACAACCAAATGCTC-1,11617,28,hg19
CAACAACTCGAGTACT-1,10329,29,hg19
CAACAGTAGCATGCAG-1,2932,5,hg19
CAACAGTCAGCAAGAC-1,7172,30,hg19
CAACAGTCATGACCCG-1,12440,20,hg19
CAACAGTCATTGACCA-1,8515,5,hg19
CAACAGTGTCTTTCTA-1,1070,2363,mm10
CAACCAACACCTGCGA-1,2704,18,hg19
CAACCAAGTAATCAAG-1,2259,6,hg19
CAACCTCAGAGAGCGG-1,3674,5,hg19
CAACCTCAGTAAGCAT-1,4323,9,hg19
CAACCTCAGTGCAGCA-1,6220,10,hg19
CAACCTCCATCGCTGG-1,3548,33,hg19
CAACCTCGTAACATCC-1,1326,15,hg19
CAACGATAGTGCAGGT-1,585,3,hg19
CAACGATCAACACGTT-1,1250,9,hg19
CAACGATGTGCAAGAC-1,3504,7,hg19
CAACGATTCAATCCGA-1,3593,16,hg19
CAACGATTCGACACCG-1,21202,40,hg19
CAACGGCAGAAGCTCG-1,3486,8,hg19
CAACGGCAGTCGAATA-1,4769,9,hg19
CAACGGCAGTTGGCTT-1,6359,12,hg19
CAACGGCCAACGGGTA-1,4154,11,hg19
CAACGGCCAGGCCTGT-1,44,17758,mm10
CAACGGCCAGGGTCTC-1,8249,12,hg19
CAACGGCGTACGATGG-1,6371,23,hg19
CAACGGCGTTAGGAGC-1,6466,16,hg19
CAACGGCGTTGCCAAT-1,4770,4,hg19
CAACGGCTCATTCGTT-1,10881,30,hg19
CAAGACTCAATCTGCA-1,8321,14,hg19
CAAGACTCACCCTAAA-1,2356,6,hg19
CAAGACTGTCCTACGG-1,2812,22,hg19
CAAGACTTCGGCTGGT-1,1194,7,hg19
CAAGAGGTCAACCTCC-1,1190,10,hg19
CAAGAGGTCACGGGAA-1,7632,5,hg19
CAAGAGGTCAGGAAGC-1,4317,6,hg19
CAAGAGGTCTGGTCAA-1,10068,14,hg19
CAAGCTAAGCGTTACT-1,2005,77,hg19
CAAGCTAAGTCCCAAT-1,12330,18,hg19
CAAGCTACAACACAGG-1,6440,10,hg19
CAAGCTAGTGGGAGAG-1,5462,3,hg19
CAAGGGAAGAACCCGA-1,4600,12,hg19
CAAGGGAAGATACAGT-1,5554,3,hg19
CAAGGGAGTTGGACTT-1,5985,7,hg19
CAAGGGATCATTCGTT-1,4875,5,hg19
CAATACGCACCCAAGC-1,669,6912,mm10
CAATACGGTGTCTTCC-1,7508,18,hg19
CAATCGAAGTGATAGT-1,7464,12,hg19
CAATCGAGTTGAGTCT-1,5384,7,hg19
CAATGACAGACTGAGC-1,71,8782,mm10
CAATGACAGCATGCAG-1,201,594,mm10
CAATGACAGCTAATCC-1,10584,4,hg19
CAATGACCACCAACAT-1,17729,40,hg19
CAATGACTCAGAGTGG-1,3419,10,hg19
CAATGACTCATAAGGA-1,7300,8,hg19
CAATTTCAGCACTCCG-1,8978,21,hg19
CAATTTCAGGGTATAT-1,3658,19,hg19
CAATTTCTCCATCTCG-1,10562,34,hg19
CACAACATCCCTTTGG-1,3849,5,hg19
CACACAAAGTAGCATA-1,13110,43,hg19
CACACAAAGTCACAGG-1,786,6,hg19
CACACAACACTCTAGA-1,6533,21,hg19
CACACAAGTATGAAAC-1,4265,11,hg19
CACACAAGTCGACGCT-1,2905,11,hg19
CACACAATCAAATGCC-1,136,14330,mm10
CACAGATAGAGTGGCT-1,10023,8,hg19
CACAGATTCGTTAGAC-1,6225,16,hg19
CACAGATTCTCAACCC-1,4774,13,hg19
CACAGGCAGATGACCG-1,10115,19,hg19
CACAGGCGTGATAGTA-1,600,1,hg19
CACAGGCGTTCGTTCC-1,1670,3,hg19
CACAGGCTCATTCTTG-1,4161,7,hg19
CACAGGCTCTCATGCC-1,5669,15,hg19
CACATGAAGGCGCTTC-1,4634,6,hg19
CACATGAAGTAGTCAA-1,506,12,hg19
CACATGACAGCAGTGA-1,1450,4,hg19
CACATGAGTCTGCCTT-1,4860,7,hg19
CACATGAGTGACTCTA-1,6540,10,hg19
CACCAAAAGCTTAGTC-1,4161,13,hg19
CACCAAATCTCGAACA-1,4524,17,hg19
CACCAAATCTGATTCT-1,4095,4,hg19
CACCGTTAGGACCCAA-1,138,518,mm10
CACCGTTAGGTAGATT-1,4398,9,hg19
CACCGTTCAACGTAAA-1,7916,10,hg19
CACCGTTGTAGTAAGT-1,2593,3,hg19
CACCGTTTCATCACAG-1,2579,12,hg19
CACGAATAGCCTGCCA-1,910,3,hg19
CACGAATAGGGACTGT-1,3273,4,hg19
CACGAATCAGGCGTTC-1,2979,9,hg19
CACGAATCAGTGACCC-1,4954,12,hg19
CACGAATGTACAAGCG-1,9955,10,hg19
CACGAATTCATGCGGC-1,2887,8,hg19
CACGGGTAGCTGGAGT-1,2803,8,hg19
CACGGGTAGGATCATA-1,924,3,hg19
CACGGGTCACATGACT-1,633,7,hg19
CACGGGTTCCCTCGTA-1,3882,14,hg19
CACGTGGAGAGATTCA-1,4635,6,hg19
CACGTGGGTACCGTGC-1,706,5,hg19
CACGTGGGTGGTTCTA-1,2438,12,hg19
CACGTGGTCAACACGT-1,1923,7,hg19
CACGTTCAGAGTTGTA-1,3978,8,hg19
CACGTTCAGCATGATA-1,4774,15,hg19
CACGTTCAGGTACCTT-1,2122,6,hg19
CACGTTCCACGGTGTC-1,5533,23,hg19
CACGTTCGTCTCGACG-1,4415,8,hg19
CACGTTCGTGCGCTCA-1,1393,49,hg19
CACGTTCTCCTCTGCA-1,9535,7,hg19
CACTAAGCAATCGAAA-1,3421,7,hg19
CACTAAGCACATTCGA-1,3694,12,hg19
CACTAAGCACTAGGTT-1,3244,7,hg19
CACTAAGCAGCGCTTG-1,3567,7,hg19
CACTAAGGTCTTGAGT-1,1042,9,hg19
CACTAAGGTGACTAAA-1,17686,28,hg19
CACTAAGTCCAGCCTT-1,977,3,hg19
CACTAAGTCCATTCGC-1,7276,25,hg19
CACTGAAGTCACGCTG-1,4272,6,hg19
CACTGGGCATCGATGT-1,3269,7,hg19
CACTGGGGTCAGTCCG-1,6641,32,hg19
CACTGGGTCACTGATG-1,2527,3,hg19
CACTGGGTCGGTCACG-1,11363,21,hg19
CACTGTCAGGCATGGT-1,11888,15,hg19
CACTGTCGTGTCTCCT-1,2070,6,hg19
CACTGTCTCCAACCAA-1,3310,9,hg19
CACTGTCTCCGAAATC-1,3312,11,hg19
CACTTCGCAACGGGTA-1,5500,3,hg19
CACTTCGCAAGTCCCG-1,1998,12,hg19
CACTTCGCATAGAGGC-1,1830,10,hg19
CACTTCGTCGTGCACG-1,4152,6,hg19
CACTTCGTCTAAGGAA-1,4154,9,hg19
CACTTCGTCTGCATAG-1,3852,3,hg19
CAGAGCCAGTGGTCAG-1,4991,17,hg19
CAGAGCCTCATCCCGT-1,3344,12,hg19
CAGATACCACTCCTTG-1,9866,43,hg19
CAGATACTCAGCTTCC-1,7981,26,hg19
CAGATACTCCAGCTCT-1,5745,17,hg19
CAGATCACACGAAAGC-1,59,2898,mm10
CAGATTGAGAGGTGCT-1,1717,3,hg19
CAGATTGAGTGGAAAG-1,5737,62,hg19
CAGATTGCACGGCTAC-1,5954,5,hg19
CAGATTGGTACGCTAT-1,3196,6,hg19
CAGATTGGTTGGACCC-1,3981,8,hg19
CAGCAATAGAGGGTGG-1,2116,6,hg19
CAGCAATAGTCAATCC-1,2299,6,hg19
CAGCAATCACTTGAGT-1,2223,6,hg19
CAGCAATCAGTCGCAC-1,97,10950,mm10
CAGCAATCATGCAGCC-1,6691,23,hg19
CAGCAATGTCAGGTAG-1,5582,8,hg19
CAGCAATTCAGTCTTT-1,5173,14,hg19
CAGCAATTCTCATTTG-1,4677,6,hg19
CAGCACGCAGGGAATC-1,851,5,hg19
CAGCACGGTGGTTTGT-1,3099,4,hg19
CAGCACGTCTGAGAAA-1,6195,16,hg19
CAGCAGCAGGAATCGC-1,5430,9,hg19
CAGCAGCCAGAGTGTG-1,2043,5,hg19
CAGCCAGCAAGCGCTC-1,1744,10,hg19
CAGCCAGCATGTTCGA-1,10350,22,hg19
CAGCCAGGTCCAGTTA-1,3815,3,hg19
CAGCCAGTCAGCCTCT-1,3392,8,hg19
CAGCCAGTCGACCTAA-1,3654,6,hg19
CAGCGTGAGACATACA-1,4374,10,hg19
CAGCGTGAGGAACGAA-1,1058,6,hg19
CAGCGTGCAATAGTGA-1,2695,4,hg19
CAGGCCAAGCTTTGTG-1,5779,7,hg19
CAGGCCAGTCACTCGG-1,1459,3826,mm10
CAGGCCATCAAGAGTA-1,4461,9,hg19
CAGGGCTAGACGATAT-1,1560,8,hg19
CAGGGCTAGGGTCAAC-1,4244,3,hg19
CAGGGCTCAACAGCTT-1,8989,24,hg19
CAGGGCTCAAGTTGGG-1,50,4585,mm10
CAGGGCTGTGTATTCG-1,1117,2,hg19
CAGGGCTGTTGTACGT-1,2178,6,hg19
CAGGTATAGCCTCACG-1,5848,9,hg19
CAGGTATAGCCTGCCA-1,2683,8,hg19
CAGGTATGTTCCCAAA-1,5391,8,hg19
CAGTGCGAGAATCGCG-1,4197,15,hg19
CAGTGCGAGATCGACG-1,18512,14,hg19
CAGTGCGGTTGGGATG-1,4102,28,hg19
CAGTTAGAGCACGGAT-1,1496,4,hg19
CAGTTAGCAGTCAACT-1,504,24,hg19
CAGTTAGTCATTACCT-1,3302,7,hg19
CAGTTAGTCCCTCTCC-1,3587,6,hg19
CAGTTCCAGAAGAACG-1,3677,7,hg19
CAGTTCCAGCCATTTG-1,4220,55,hg19
CAGTTCCAGTCAGAGC-1,4904,15,hg19
CAGTTCCAGTGCAAAT-1,5203,15,hg19
CAGTTCCAGTGTCATC-1,4033,8,hg19
CATAAGCAGTCAATCC-1,2385,8,hg19
CATAAGCCAAGGGTCA-1,3248,10,hg19
CATAAGCGTCGCACGT-1,3119,4,hg19
CATAAGCGTGACCGAA-1,3833,5,hg19
CATAAGCTCCATACTT-1,4156,8,hg19
CATAAGCTCGTGCATA-1,3302,5,hg19
CATACAGAGACAGCTG-1,1013,7,hg19
CATACAGCACTGAGGA-1,3370,24,hg19
CATACAGCATGCCATA-1,5113,6,hg19
CATACAGTCTGTTGGA-1,1097,5,hg19
CATACAGTCTTCCTAA-1,11684,19,hg19
CATACCCAGCCGAATG-1,16044,16,hg19
CATACCCAGGTGCTGA-1,6024,65,hg19
CATACCCCAACAGCTT-1,285,1403,mm10
CATACCCGTGATACAA-1,5485,12,hg19
CATACCCTCGTTGTTT-1,7373,19,hg19
CATACTTCAAGTGGCA-1,4664,11,hg19
CATACTTTCATCCTGC-1,3133,5,hg19
CATACTTTCCATAGGT-1,64,17675,mm10
CATACTTTCCCGTTCA-1,11471,28,hg19
CATACTTTCCCTGGTT-1,1282,11,hg19
CATACTTTCTATGCCC-1,4143,0,hg19
CATCAAGGTAGCTTAC-1,548,10,hg19
CATCAAGGTGAGAACC-1,360,1899,mm10
CATCAAGTCGCTTGAA-1,7128,5,hg19
CATCAAGTCTGCACCT-1,4994,9,hg19
CATCCACAGACATAGT-1,155,5900,mm10
CATCCACAGGGTTAGC-1,1855,10,hg19
CATCCACCAGAGGACT-1,5920,16,hg19
CATCCACCATGCCGGT-1,7319,23,hg19
CATCCACGTTGACTGT-1,3733,8,hg19
CATCCCAAGCCTCTTC-1,2951,18,hg19
CATCCCACAACCGGAA-1,2476,8,hg19
CATCCCACACACACTA-1,4111,7,hg19
CATCCCAGTACTCCGG-1,38,14215,mm10
CATCCCAGTCAGACTT-1,3659,12,hg19
CATCCCAGTCGATTCA-1,3570,17,hg19
CATCCCAGTGCTCTTC-1,7220,24,hg19
CATCCCAGTTGCATCA-1,3993,4,hg19
CATCCCAGTTGGAGGT-1,2506,2,hg19
CATCCCATCATCACTT-1,2557,12,hg19
CATCCCATCTCCGATC-1,862,3,hg19
CATCCGTGTGTTCAGT-1,13468,13,hg19
CATCCGTTCAACTACG-1,1276,5,hg19
CATCCGTTCGACATAC-1,598,10,hg19
CATCGCTAGTTCGGTT-1,3031,4,hg19
CATCGCTCACATCCCT-1,1340,11,hg19
CATCGCTCATCCGTGG-1,3664,22,hg19
CATCGCTGTACGACTT-1,6539,17,hg19
CATCGCTGTATCACGT-1,13365,31,hg19
CATCGCTTCCATAGAC-1,3655,6,hg19
CATCGCTTCGGTCTAA-1,67,9902,mm10
CATCGCTTCTAGTGAC-1,4834,4,hg19
CATCGCTTCTTAGCCC-1,75,6599,mm10
CATCGGGAGACCAACG-1,4198,8,hg19
CATCGGGGTGATTGGG-1,695,6,hg19
CATCGGGTCCGCATAA-1,26,870,mm10
CATCGTCAGCACCCAC-1,7794,21,hg19
CATCGTCGTCTGTGGC-1,3603,2,hg19
CATGAGTAGCGTTACT-1,3782,6,hg19
CATGAGTGTCTTCGAA-1,6731,13,hg19
CATGAGTTCTATTTCG-1,4596,5,hg19
CATGCAAAGACATCAA-1,3383,16,hg19
CATGCAAAGCATCCCG-1,160,7653,mm10
CATGCAAAGGTCCCTG-1,8752,6,hg19
CATGCAACAAGGACAC-1,4231,19,hg19
CATGCAACAGAATTCC-1,5446,19,hg19
CATGCAATCACGACTA-1,5214,17,hg19
CATGCCTCATACAGCT-1,4960,10,hg19
CATGCCTGTCATCTAG-1,3487,10,hg19
CATGCCTGTCGCTGCA-1,1888,10,hg19
CATGCCTTCGACGATT-1,7526,10,hg19
CATGCCTTCTTCGTAT-1,1315,5,hg19
CATGCGGCAGACGATG-1,16600,27,hg19
CATGCGGGTAACACGG-1,4517,8,hg19
CATGCGGGTCCCACGA-1,3189,10,hg19
CATGCGGTCCAAGGGA-1,136,2394,mm10
CATGCTCAGATACATG-1,652,8,hg19
CATGCTCAGTAGCATA-1,5095,3,hg19
CATGCTCCACCTTCCA-1,1298,3,hg19
CATGCTCCACGGTGTC-1,3054,8,hg19
CATGCTCCAGGCATGA-1,559,36,hg19
CATGCTCTCACTGTTT-1,3902,8,hg19
CATGGATAGTCATGGG-1,7314,9,hg19
CATGGATAGTCTAGCT-1,2505,12,hg19
CATGGATCAACACAAA-1,9010,61,hg19
CATGGATCAGCCGTTG-1,3123,7,hg19
CATGGATCAGCGTTGC-1,4727,7,hg19
CATGGATGTTATGACC-1,1486,3,hg19
CATGGATTCTTGCAGA-1,3181,7,hg19
CATGGTAGTCGCCTAG-1,3189,1,hg19
CATGGTATCACTTATC-1,4312,5,hg19
CATTCATAGCTGCCAC-1,1562,12,hg19
CATTCATAGGCGCTCT-1,2760,6,hg19
CATTCATCAGGAGGTT-1,4495,4,hg19
CATTCATCAGGCAATG-1,14154,14,hg19
CATTCATGTTATCCAG-1,6237,6,hg19
CATTCATGTTCCGCTT-1,3496,18,hg19
CATTCATTCGCTTAAG-1,6724,17,hg19
CATTCATTCGTCAAAC-1,3316,5,hg19
CATTCCGAGCTTAAGA-1,16234,12,hg19
CATTCCGAGGATACAT-1,3701,12,hg19
CATTCCGAGGGTAGCT-1,11764,19,hg19
CATTCCGAGGTGCATG-1,4024,20,hg19
CATTCCGGTATGAAGT-1,7708,28,hg19
CATTCCGTCTCTGGTC-1,7275,30,hg19
CATTCCGTCTTGCGCT-1,4509,7,hg19
CATTCTAAGACTTCAC-1,6854,18,hg19
CATTCTACACTAGGTT-1,2153,15,hg19
CATTCTACATGACACT-1,2225,20,hg19
CATTCTAGTACTCGAT-1,5125,27,hg19
CATTCTAGTCAACATC-1,6825,16,hg19
CATTCTAGTGGAACCA-1,11601,18,hg19
CATTCTAGTTTACGAC-1,2801,4370,Multiplet
CATTCTATCGCATAGT-1,9482,11,hg19
CATTGAGAGAATAACC-1,4060,27,hg19
CATTGAGAGACGATAT-1,10128,9,hg19
CATTGAGAGATCGCTT-1,2191,8,hg19
CATTGAGAGGGCAGAG-1,2070,2,hg19
CATTGAGCACGGTAGA-1,666,32,hg19
CATTGAGCAGGTTCGC-1,4005,6,hg19
CATTGAGCATCGGAGA-1,3684,4,hg19
CATTGAGGTTTCACTT-1,1308,4,hg19
CATTGAGTCGGACAAG-1,2078,7,hg19
CATTGCCAGAGGTATT-1,2008,2,hg19
CATTGCCCATTGAGGG-1,6587,6,hg19
CATTGCCGTGGTCTGC-1,4843,7,hg19
CATTGCCTCATGACAC-1,5517,172,hg19
CATTGCCTCCAGCCTT-1,22225,27,hg19
CATTGTTAGTTCCTGA-1,21,4361,mm10
CATTGTTCAAGCCTGC-1,3764,6,hg19
CATTGTTCAGCAGAAC-1,3240,19,hg19
CATTTCAAGGTTAAAC-1,6617,12,hg19
CATTTCACACAATTCG-1,15213,26,hg19
CATTTCACACCTGATA-1,2656,17,hg19
CATTTCAGTAAGCGGT-1,5656,6,hg19
CATTTCAGTGAGTTGG-1,704,18,hg19
CATTTCATCAGGTGTT-1,2056,2,hg19
CATTTCATCCACTTTA-1,6212,16,hg19
CCAAGCGAGGACAACC-1,3091,7,hg19
CCAAGCGCAAGCAATA-1,3863,3,hg19
CCAAGCGCAGGATGAC-1,6900,5,hg19
CCAATGAAGCTAAGTA-1,2418,5,hg19
CCAATGAGTGCTCCGA-1,6323,57,hg19
CCAATTTCAGCTCGGT-1,5399,1,hg19
CCAATTTGTATCGTTG-1,3366,4,hg19
CCAATTTGTGCAAGAC-1,7174,16,hg19
CCACAAACACTACCGG-1,5866,33,hg19
CCACAAATCCTAAACG-1,5487,8,hg19
CCACAAATCGATACGT-1,5344,6,hg19
CCACACTAGATCCCAT-1,2081,8,hg19
CCACACTAGCAGGCTA-1,11957,10,hg19
CCACACTCAATGCAAA-1,1340,5,hg19
CCACACTCACCCAACG-1,1371,8,hg19
CCACACTCAGAGGTTG-1,4951,4,hg19
CCACACTTCCGCGGAT-1,3195,11,hg19
CCACACTTCCTCATAT-1,10270,8,hg19
CCACACTTCCTTGAAG-1,3927,49,hg19
CCACACTTCTTTACAC-1,3528,7,hg19
CCACCATAGGATTTCC-1,786,4,hg19
CCACCATAGTGAGCCA-1,7100,26,hg19
CCACCATCAAGCAGGT-1,4162,2,hg19
CCACCATGTCGGAAAC-1,69,6622,mm10
CCACCATTCAACGCTA-1,6065,49,hg19
CCACCATTCCGGTTCT-1,14561,17,hg19
CCACCATTCCTACAAG-1,5236,375,hg19
CCACGAGAGACATCCT-1,4279,12,hg19
CCACGAGAGATCGCCC-1,4082,5,hg19
CCACGAGAGGACAACC-1,10001,12,hg19
CCACGAGCAGAAACCG-1,6854,15,hg19
CCACGAGGTGCGGATA-1,3142,1695,Multiplet
CCACGAGTCTAGACAC-1,1623,13,hg19
CCACGTTAGGCTATCT-1,3509,50,hg19
CCACGTTGTACAGTAA-1,5974,5,hg19
CCACGTTTCAACGCTA-1,4221,13,hg19
CCACTTGAGCTGGTGA-1,2378,195,hg19
CCACTTGCATGTGCCG-1,59,10971,mm10
CCATAAGGTGGGCTCT-1,3890,9,hg19
CCATAAGGTGTATTGC-1,1705,42,hg19
CCATAAGGTTTCCCAC-1,3893,10,hg19
CCATCACCACTGGAAG-1,5249,18,hg19
CCATCACTCGGTGTTA-1,4184,4,hg19
CCCAACTAGTCGCTAT-1,13761,13,hg19
CCCAACTGTGAATGTA-1,3897,13,hg19
CCCAACTGTGCGGTAA-1,5129,5,hg19
CCCAACTTCCACGTCT-1,3791,10,hg19
CCCATTGCAAAGGAGA-1,6736,12,hg19
CCCATTGCAAGTGCTT-1,4520,10,hg19
CCCATTGCACCTCTGT-1,5979,6,hg19
CCCATTGTCAAACCTG-1,52,4337,mm10
CCCATTGTCCAGCAAT-1,1537,13,hg19
CCCGAAGCACGGGCTT-1,30,1060,mm10
CCCGAAGCATTGAGGG-1,845,3,hg19
CCCGAAGTCACTTATC-1,2258,30,hg19
CCCGGAAAGATTTGCC-1,4678,10,hg19
CCCGGAACACCAATTG-1,13761,24,hg19
CCCGGAATCGAAATCC-1,5109,7,hg19
CCCGGAATCTCCGCAT-1,2849,3,hg19
CCCTAACAGCGCGTTC-1,16718,15,hg19
CCCTAACCAGAGTGAC-1,10683,7,hg19
CCCTAACGTACCGGAA-1,7735,8,hg19
CCCTAACGTAGGACTG-1,8823,8,hg19
CCCTAACGTCTCAGGC-1,2130,7,hg19
CCCTAACTCGAACCTA-1,8842,12,hg19
CCCTCAAGTACGTTCA-1,4237,5,hg19
CCCTCTCCACCTGTCT-1,3432,5,hg19
CCCTCTCCATTGAAGA-1,2384,15,hg19
CCCTGATAGGAGAATG-1,2502,6,hg19
CCCTGATCATGAAAGT-1,863,2,hg19
CCCTGATCATGGACAG-1,108,1641,mm10
CCCTGATTCTAGGAAA-1,3157,9,hg19
CCCTTAGAGACCGCCT-1,764,2,hg19
CCCTTAGAGCCATTGT-1,6125,11,hg19
CCCTTAGAGGAATCGC-1,107,14194,mm10
CCCTTAGCACATAACC-1,4368,14,hg19
CCCTTAGTCATGCGGC-1,4485,7,hg19
CCGAACGAGGTACCTT-1,8669,18,hg19
CCGAACGCACCGGAAA-1,3163,7,hg19
CCGAACGCATAGGTTC-1,4511,7,hg19
CCGATCTAGCTTAAGA-1,13914,9,hg19
CCGATCTAGGGAGAAT-1,4917,9,hg19
CCGATCTGTAAGCTCT-1,3012,6,hg19
CCGATCTGTTAAGTCC-1,5133,4,hg19
CCGATGGAGACAGCGT-1,7414,7,hg19
CCGATGGAGAGTCTTC-1,88,3107,mm10
CCGATGGCAGGTTCGC-1,3690,9,hg19
CCGATGGGTAGCCCTG-1,4490,4,hg19
CCGATGGTCTGCCTGT-1,5127,14,hg19
CCGCAAGAGCATTTGC-1,4394,5,hg19
CCGCAAGAGGTCGAGT-1,2974,7,hg19
CCGCAAGCAGTTGTTG-1,2088,8,hg19
CCGCAAGGTACGCTAT-1,18188,42,hg19
CCGCAAGTCATAGACC-1,6207,8,hg19
CCGCAAGTCCATCCGT-1,1760,1,hg19
CCGGACACAAACACGG-1,4280,7,hg19
CCGGACAGTATCCCTC-1,6909,9,hg19
CCGGACAGTTAAGGAT-1,6143,12,hg19
CCGGACAGTTCATCTT-1,4332,9,hg19
CCGGACATCCGGGACT-1,6541,14,hg19
CCGGGTAAGACGGTCA-1,13166,8,hg19
CCGGGTACATTCTCTA-1,2911,1,hg19
CCGGGTAGTGAGCGAT-1,4683,7,hg19
CCGGGTATCGCACTCT-1,14749,26,hg19
CCGGTAGAGAGGGTGG-1,5375,8,hg19
CCGGTAGAGCGTGAGT-1,3285,2,hg19
CCGGTAGAGCTAGTTC-1,4311,8,hg19
CCGGTAGAGCTCCGAC-1,4343,5,hg19
CCGGTAGCAATGCAAA-1,80,6741,mm10
CCGGTAGCAGCAGTTT-1,3476,3,hg19
CCGGTGAGTCGAGTGA-1,4582,8,hg19
CCGGTGATCATGCTAG-1,2737,17,hg19
CCGGTGATCTCAACCC-1,4290,22,hg19
CCGTAGGCATAGTCGT-1,7501,4,hg19
CCGTAGGGTAACTTCG-1,14174,11,hg19
CCGTAGGGTAGGTCAG-1,8240,85,hg19
CCGTAGGGTTCAACGT-1,16511,11,hg19
CCGTAGGTCTCGAGTA-1,3026,0,hg19
CCGTGAGGTACCCAGC-1,727,5,hg19
CCGTGAGGTGAGCAGT-1,33530,11,hg19
CCGTGAGGTTGTGTTG-1,5665,23,hg19
CCGTGAGTCACCTCTG-1,3464,13,hg19
CCGTTCAAGGTACAAT-1,2273,14,hg19
CCGTTCAAGTCTTCGA-1,92,11591,mm10
CCGTTCAAGTTAGTGA-1,8195,5,hg19
CCGTTCATCCGACAGC-1,6451,14,hg19
CCTAACCCACTAGGTT-1,3632,7,hg19
CCTAAGAAGCAATTCC-1,5599,12,hg19
CCTAAGAAGGAGTACC-1,8954,15,hg19
CCTAAGACAAACGAGC-1,1154,2,hg19
CCTAAGACACCGCTGA-1,11233,12,hg19
CCTAAGAGTCGGAAAC-1,1521,14,hg19
CCTAAGATCCCTTGTG-1,3884,12,hg19
CCTACGTAGACGGAAA-1,3260,5,hg19
CCTACGTGTAGCTCGC-1,4311,3,hg19
CCTACGTGTCTGTCCT-1,5260,9,hg19
CCTACGTGTCTGTGCG-1,6511,3,hg19
CCTATCGGTACATACC-1,70,3657,mm10
CCTATCGGTCACTACA-1,1801,8,hg19
CCTATCGGTTGGAGAC-1,24147,12,hg19
CCTATCGTCATCGCCT-1,1836,8,hg19
CCTATCGTCGAAGCCC-1,3283,11,hg19
CCTCAACAGGCGAACT-1,5045,32,hg19
CCTCAACAGTGGAATT-1,2120,12,hg19
CCTCAACGTGCTTATG-1,9480,12,hg19
CCTCAACTCATGCCGG-1,4535,17,hg19
CCTCAACTCCGCTGTT-1,3359,57,hg19
CCTCACAAGCCACCGT-1,10792,22,hg19
CCTCACAGTCAACCAT-1,4242,25,hg19
CCTCACAGTGGTATGG-1,6223,5,hg19
CCTCACAGTTAAAGTG-1,20543,30,hg19
CCTCACAGTTACCTTT-1,6388,12,hg19
CCTCACAGTTGAGGAC-1,3949,9,hg19
CCTCACATCACTTCTA-1,693,5,hg19
CCTCACATCATGAGGG-1,2266,7,hg19
CCTCACATCTCGTGGG-1,3963,5,hg19
CCTCAGTAGAGGCGTT-1,17237,17,hg19
CCTCAGTAGATCGACG-1,14831,9,hg19
CCTCAGTAGATTACCC-1,3129,10,hg19
CCTCAGTAGGAGGCAG-1,1726,3,hg19
CCTCAGTTCATAAGGA-1,2914,11,hg19
CCTCAGTTCGCCTATC-1,4288,8,hg19
CCTCATGCAGGCACAA-1,8022,24,hg19
CCTCATGTCGGATACT-1,4814,13,hg19
CCTCCAACATAGTCGT-1,3294,9,hg19
CCTCCAAGTATACCCA-1,7760,18,hg19
CCTCCAAGTCTTACTT-1,1969,18,hg19
CCTCCAATCCACGGAC-1,12370,27,hg19
CCTCCAATCGGATACT-1,81,9694,mm10
CCTCCTCAGAGATGCC-1,4111,13,hg19
CCTCCTCCAAGGGTCA-1,8318,10,hg19
CCTCCTCCAGATCATC-1,6196,15,hg19
CCTCCTCGTGGCTTGC-1,1973,8,hg19
CCTCCTCTCGTTCTGC-1,6851,7,hg19
CCTCCTCTCTGCGGGT-1,4100,4,hg19
CCTCTAGAGTGCGACA-1,662,10,hg19
CCTCTAGGTCAATGGG-1,2391,8,hg19
CCTCTAGTCCAAGCCG-1,661,1367,mm10
CCTCTCCAGCAATAGT-1,5994,10,hg19
CCTCTCCAGCGTCTCG-1,655,5,hg19
CCTCTCCAGGGCAGTT-1,14494,9,hg19
CCTCTCCCACGGGTAA-1,5642,7,hg19
CCTCTCCGTCAGGCAA-1,15087,72,hg19
CCTCTCCGTCCAATCA-1,7256,27,hg19
CCTCTCCGTTACACTG-1,9439,28,hg19
CCTGCATCAGAGAGGG-1,7886,5,hg19
CCTGCATCAGGGACTA-1,11370,19,hg19
CCTGCATCATGACGTT-1,3382,6,hg19
CCTGCATTCAATCTCT-1,7680,21,hg19
CCTGCATTCCATTCGC-1,9620,9,hg19
CCTGCATTCCTTCTTC-1,5576,28,hg19
CCTTCAGAGAGCTGAC-1,3631,5,hg19
CCTTCAGAGTGCAAAT-1,8969,20,hg19
CCTTCAGTCAAGCGTT-1,1990,26,hg19
CCTTCAGTCGTCGACG-1,3147,2,hg19
CCTTCAGTCTGAATGC-1,4859,16,hg19
CCTTGTGAGACCAGCA-1,9553,5,hg19
CCTTGTGAGGATGTTA-1,3336,11,hg19
CCTTGTGAGGTTGTTC-1,132,6422,mm10
CCTTGTGCACAGTCGC-1,146,12712,mm10
CCTTGTGCACTAGAGG-1,3632,1,hg19
CCTTGTGGTCGTTGGC-1,5642,1,hg19
CCTTGTGTCAGTAGGG-1,3530,4,hg19
CCTTTGGCAACGGCTC-1,7851,20,hg19
CCTTTGGCAAGAGGTC-1,3938,3,hg19
CCTTTGGCATGCTGCG-1,9528,6,hg19
CCTTTGGGTCCCACGA-1,41,19936,mm10
CCTTTGGTCCAAATGC-1,2524,3,hg19
CCTTTGGTCCTGTAGA-1,1816,8,hg19
CCTTTGGTCTCGCCTA-1,4846,28,hg19
CGAAGGACAAATCAAG-1,6266,14,hg19
CGAAGGACAAGTGACG-1,5892,11,hg19
CGAAGGAGTTCCCAAA-1,4621,7,hg19
CGAAGGATCGAGAGCA-1,8438,16,hg19
CGAAGTTAGGATTACA-1,5425,26,hg19
CGAAGTTGTAGTATAG-1,4624,8,hg19
CGAAGTTGTCAAGGCA-1,8223,8,hg19
CGAAGTTGTTCTCGTC-1,5887,121,hg19
CGAAGTTTCCATTTCA-1,3708,6,hg19
CGAATTGAGGTTACAA-1,4953,6,hg19
CGAATTGCATCTTTCA-1,5361,4,hg19
CGAATTGGTCTCGGGT-1,7039,37,hg19
CGAATTGTCGACGCGT-1,2172,8,hg19
CGACAGCAGAGTCACG-1,52,5370,mm10
CGACAGCAGGCCCACT-1,3888,5,hg19
CGACAGCAGTCGCCAC-1,4641,7,hg19
CGACAGCCAACCCTCT-1,6596,5,hg19
CGACAGCCACATATGC-1,5431,65,hg19
CGACAGCCACCAGCCA-1,4983,11,hg19
CGACAGCCAGCGGTCT-1,6823,21,hg19
CGACAGCCAGTTGCGC-1,7206,12,hg19
CGACAGCGTCGACTTA-1,14550,17,hg19
CGACAGCTCAGCTAGT-1,215,7013,mm10
CGACAGCTCGGCACTG-1,126,13946,mm10
CGACAGCTCTTCCAGC-1,6414,11,hg19
CGAGAAGCACAGCATT-1,1962,8,hg19
CGAGAAGGTAAGCTCT-1,1899,5,hg19
CGAGAAGTCAAAGACA-1,3812,14,hg19
CGAGAAGTCAAGTAAG-1,3969,3,hg19
CGAGAAGTCGCGCTGA-1,7267,54,hg19
CGAGAAGTCGGCTATA-1,3374,6,hg19
CGAGAAGTCTTTCCAA-1,18353,16,hg19
CGAGGAAAGCATGTTC-1,1247,6,hg19
CGAGGAAAGTCCGCCA-1,2770,3,hg19
CGAGGAAGTCAAGCGA-1,88,7066,mm10
CGAGGAAGTCCTACGG-1,25,963,mm10
CGAGGCTAGCTACTAC-1,6270,5,hg19
CGAGGCTAGGGTTAAT-1,6836,20,hg19
CGAGGCTAGTGCTCGC-1,1806,2,hg19
CGAGGCTCAGGGTTGA-1,3631,7,hg19
CGAGGCTCATGTCAGT-1,3063,5,hg19
CGAGGCTGTTGCTGAT-1,3930,9,hg19
CGAGGCTGTTTACGAC-1,70,16073,mm10
CGAGGCTTCGTGCTCT-1,5103,40,hg19
CGAGTGCAGTGGCAGT-1,4956,159,hg19
CGAGTGCAGTTGCATC-1,5359,6,hg19
CGAGTGCGTCTGTTAG-1,4247,7,hg19
CGAGTGCTCCAACCAA-1,1778,10,hg19
CGAGTGCTCGGTGTTA-1,4639,1,hg19
CGAGTTAAGCCAACCC-1,1155,5,hg19
CGAGTTAAGTTCATCG-1,17675,8,hg19
CGAGTTACAGACCGCT-1,4694,8,hg19
CGAGTTAGTATCTCGA-1,2371,8,hg19
CGATCGGAGCATCCCG-1,8088,13,hg19
CGATCGGCACAAGTGG-1,86,7082,mm10
CGATCGGCAGCTGCCA-1,4898,7,hg19
CGATCGGGTACTCGCG-1,2757,2,hg19
CGATCGGGTATGTGTC-1,1112,10,hg19
CGATCGGTCCCTCATG-1,55,823,mm10
CGATGCGCAAAGGGTC-1,12037,17,hg19
CGATGCGGTTGCTCCT-1,6986,15,hg19
CGATGGCAGCAATTAG-1,19175,6,hg19
CGATGGCAGTGTCATC-1,2817,5,hg19
CGATGGCCAGGAGGTT-1,13315,52,hg19
CGATGGCCATGTAACC-1,5743,8,hg19
CGATGGCTCACCTTAT-1,4477,4,hg19
CGATGGCTCTACAGGT-1,6845,6,hg19
CGCAGGTAGCTTTCTT-1,883,37,hg19
CGCAGGTAGGGCGAGA-1,3117,9,hg19
CGCAGGTGTCCGAAAG-1,22506,9,hg19
CGCAGGTGTCTGATCA-1,8309,11,hg19
CGCAGGTGTCTGTGCG-1,517,24,hg19
CGCAGGTGTCTTCCGT-1,2657,171,hg19
CGCAGGTTCAAAGGAT-1,3147,8,hg19
CGCAGGTTCCATCTCG-1,4525,15,hg19
CGCAGGTTCCCGAGTG-1,2271,3,hg19
CGCATAAAGCATCCCG-1,5582,15,hg19
CGCATAACAGAGTAAT-1,5063,11,hg19
CGCATAAGTCAGACTT-1,25540,41,hg19
CGCATAAGTGCTGATT-1,1110,11,hg19
CGCATAATCCGACATA-1,10923,12,hg19
CGCATGGAGATACGAT-1,6064,10,hg19
CGCATGGCAAATGCGG-1,1347,2,hg19
CGCATGGCATGTTTGG-1,2930,22,hg19
CGCATGGTCAAAGGTA-1,6269,5,hg19
CGCATGGTCAGGAGAC-1,1721,8,hg19
CGCATGGTCTCCGAAA-1,1052,2,hg19
CGCATGGTCTTCCACG-1,4621,5,hg19
CGCCAGAAGCATCCTA-1,4546,4,hg19
CGCCAGACAAGACGAC-1,4213,5,hg19
CGCCAGATCACCATCC-1,4818,17,hg19
CGCCAGATCCACGGGT-1,3337,8,hg19
CGCCAGATCCATATGG-1,3743,2,hg19
CGCCATTAGCCTCAAT-1,8150,27,hg19
CGCGTGAGTAGATCGG-1,3112,4,hg19
CGGAACCCATGGCCCA-1,5879,7,hg19
CGGAACCCATGGGTCC-1,177,17127,mm10
CGGAACCGTTAATGAG-1,6792,21,hg19
CGGAATTCAAGCCCAC-1,34832,36,hg19
CGGAATTCACACCAGC-1,7559,15,hg19
CGGAATTGTAGTATAG-1,58,1720,mm10
CGGAATTGTTGGGTTT-1,5321,10,hg19
CGGACACCAATTGAGA-1,3197,3,hg19
CGGACACCAGGCACTC-1,5032,11,hg19
CGGACACGTAGATCGG-1,10082,9,hg19
CGGACACGTCGGTGAA-1,5044,11,hg19
CGGACACGTTATTCCT-1,4406,45,hg19
CGGAGAAGTCCCTGTT-1,10136,12,hg19
CGGAGAAGTTGCTCCT-1,5949,17,hg19
CGGAGAATCCACAGGC-1,3607,3,hg19
CGGAGAATCGGACTTA-1,4214,17,hg19
CGGAGAATCTGGACTA-1,2310,11,hg19
CGGCAGTAGACCGTTT-1,4619,16,hg19
CGGCAGTAGGTCGAGT-1,7492,8,hg19
CGGCAGTGTCTACGTA-1,5114,13,hg19
CGGCAGTGTGGAAGTC-1,1482,5,hg19
CGGCAGTTCCTCACTG-1,4817,7,hg19
CGGCAGTTCGCTAGCG-1,4389,3,hg19
CGGGACTCACCGGCTA-1,5613,14,hg19
CGGGACTCACGGAAGT-1,5854,7,hg19
CGGGACTCAGAGTCTT-1,8340,11,hg19
CGGGACTGTAGAATAC-1,85,10607,mm10
CGGGACTGTATTTCGG-1,4337,6,hg19
CGGGACTGTGGTCTAT-1,6024,17,hg19
CGGGCATAGCATGTTC-1,2722,6,hg19
CGGGCATAGGTAGACC-1,5214,13562,Multiplet
CGGGCATAGGTCGAGT-1,4442,3,hg19
CGGGCATCACCGGCTA-1,17140,11,hg19
CGGGCATCAGACACAG-1,6028,11,hg19
CGGGCATGTTGGGACA-1,2819,4592,Multiplet
CGGGCATTCGCTGTTC-1,7644,16,hg19
CGGGTCAAGATACTGA-1,678,8,hg19
CGGGTCAAGCGTTCCG-1,8939,17,hg19
CGGGTCAAGGCTGAAC-1,7760,4,hg19
CGGGTCAAGTAAGCAT-1,3378,7,hg19
CGGGTCACATCCGGTG-1,3721,7,hg19
CGGGTGTAGGCTAAAT-1,3057,1,hg19
CGGGTGTCAACAGATA-1,2770,11,hg19
CGGGTGTCAATGCTCA-1,8241,8,hg19
CGGGTGTCATCTGGGC-1,5152,6,hg19
CGGGTGTGTATCGTGT-1,13719,59,hg19
CGGGTGTTCGTTACCC-1,1979,22,hg19
CGGTCAGCAAGGACAC-1,6100,17,hg19
CGGTCAGCATGACTAC-1,6637,19,hg19
CGGTCAGTCACGGTCG-1,3628,6,hg19
CGTAAGTCAACACACT-1,9548,24,hg19
CGTAAGTTCGCACGAC-1,4851,8,hg19
CGTAATGAGTAAAGCT-1,11875,10,hg19
CGTAATGCACCAGTTA-1,2771,11,hg19
CGTAATGTCGACATTG-1,4623,16,hg19
CGTAGTACACAGCCAC-1,2696,15,hg19
CGTAGTAGTCGTACTA-1,2611,10,hg19
CGTAGTATCTGGTGCG-1,5558,9,hg19
CGTCAAAAGTAAGGGA-1,1633,9,hg19
CGTCAAAAGTCGAGGT-1,3170,7,hg19
CGTCAAATCATTGCCC-1,3681,10,hg19
CGTCCATAGAAATTGC-1,528,185,hg19
CGTCCATAGTAGATCA-1,7637,1,hg19
CGTCCATCAACCTATG-1,3920,4,hg19
CGTCCATCAAGAGCTG-1,5944,17,hg19
CGTCCATCATGGTGGA-1,1244,3,hg19
CGTCCATGTCTCGGAC-1,3832,6,hg19
CGTCCATTCGGCTATA-1,2569,9,hg19
CGTGAATCAACGACAG-1,18587,8,hg19
CGTGAATCATTCGATG-1,5234,8,hg19
CGTGAATGTCTAATCG-1,3571,10,hg19
CGTGAATGTGGAAATT-1,3946,5,hg19
CGTGAATTCACTGGGC-1,4582,2,hg19
CGTGATAGTGCCCACA-1,3983,8,hg19
CGTGATATCCACGTAA-1,4272,3,hg19
CGTGCTTAGTAACAGT-1,4081,13,hg19
CGTGCTTAGTTCATGC-1,6393,17,hg19
CGTGCTTGTACAGGTG-1,8859,3,hg19
CGTGCTTGTTGATGTC-1,2661,9,hg19
CGTGCTTTCCGTGCGA-1,5315,11,hg19
CGTGTCTAGAAGGCTC-1,5564,3,hg19
CGTGTCTAGAATACAC-1,5047,4,hg19
CGTGTCTGTGTAAACA-1,2724,9,hg19
CGTGTCTTCATGAAAG-1,48,1707,mm10
CGTTAGAAGCCTGAGA-1,5440,8,hg19
CGTTAGAAGTATCTGC-1,4126,16,hg19
CGTTAGACAGTCTACA-1,3527,9,hg19
CGTTAGATCAACACCA-1,4143,5,hg19
CGTTAGATCCGCTTAC-1,7998,94,hg19
CGTTGGGAGCCTTCTC-1,4280,3,hg19
CGTTGGGAGGCTATCT-1,1283,19,hg19
CGTTGGGCAAGGTCGA-1,116,1961,mm10
CGTTGGGGTAGACGTG-1,5676,2,hg19
CGTTGGGGTTGTGGAG-1,2630,37,hg19
CTAACCCAGCATCCCG-1,1519,2,hg19
CTAACCCCATGTTCGA-1,7355,1,hg19
CTAACCCGTATCTCTT-1,5918,7,hg19
CTAACCCGTGGAATGC-1,10642,19,hg19
CTAACCCTCCTATGGA-1,7235,42,hg19
CTAACCCTCGCATGAT-1,6718,1,hg19
CTAACTTAGGCATCGA-1,5941,45,hg19
CTAACTTAGTCAGCGA-1,5897,10,hg19
CTAACTTGTCACGACC-1,8615,18,hg19
CTAACTTTCCGGACTG-1,8467,8,hg19
CTAACTTTCTCCTACG-1,9084,28,hg19
CTAAGTGGTAACCCTA-1,7029,10,hg19
CTAAGTGGTTCGGCGT-1,9005,6,hg19
CTAAGTGTCAGCTCTC-1,3316,11,hg19
CTAAGTGTCGCCTTTG-1,569,1,hg19
CTAAGTGTCTCATGGA-1,9642,23,hg19
CTACAGAAGCTTCGTA-1,11716,21,hg19
CTACAGATCGGCTCTT-1,3901,7,hg19
CTACAGATCTCGTGGG-1,33,2962,mm10
CTACATTAGCGATTCT-1,5543,11,hg19
CTACATTCACTTGGCG-1,3383,6,hg19
CTACATTCATAGGTAA-1,5554,5,hg19
CTACATTGTATACGGG-1,3781,3,hg19
CTACATTTCATGCCGG-1,4658,19,hg19
CTACATTTCGCCCAGA-1,1438,5,hg19
CTACCCAAGGGTAATT-1,3984,3,hg19
CTACCCACACTAGGTT-1,2453,11,hg19
CTACCCACATGAGATA-1,4374,13,hg19
CTACCCAGTAGACACG-1,5110,196,hg19
CTACCCAGTGAGCAGT-1,8639,22,hg19
CTACCCAGTGGCCACT-1,4375,4,hg19
CTACCTGAGTCATGAA-1,9044,30,hg19
CTACCTGCAAATCAGA-1,7822,24,hg19
CTACCTGCACAAATGA-1,4390,25,hg19
CTACCTGCACTTGTCC-1,23629,24,hg19
CTACCTGCATTGCCTC-1,109,15061,mm10
CTACCTGTCGGCTTCT-1,1135,4,hg19
CTACGGGAGAAGAGCA-1,62,9049,mm10
CTACGGGGTAGCGTTT-1,6606,8,hg19
CTACGGGTCTTACTGT-1,546,6,hg19
CTACTATAGCTCTGTA-1,3482,16,hg19
CTACTATAGGGTTTCT-1,101,9109,mm10
CTACTATAGTTGCTGT-1,945,2,hg19
CTACTATCATCAGTGT-1,12558,15,hg19
CTACTATGTGGTCTTA-1,5297,9,hg19
CTACTATTCTCCCAAC-1,6050,31,hg19
CTAGACAAGGTTACAA-1,3653,11,hg19
CTAGACACATGCACTA-1,3154,15,hg19
CTAGACAGTACTGAGG-1,6217,17,hg19
CTAGACAGTGGACTAG-1,4773,13,hg19
CTAGGTAAGGCGATAC-1,2224,8,hg19
CTAGGTAAGGGTTAAT-1,14637,26,hg19
CTAGGTAGTAGAATGT-1,2131,18,hg19
CTAGGTAGTGGATCAG-1,2121,8,hg19
CTAGGTAGTTATCTGG-1,596,3,hg19
CTAGGTATCATCGTAG-1,4494,25,hg19
CTAGGTATCTGGCCAG-1,5370,9,hg19
CTATAGGCAGATCCAT-1,214,33047,mm10
CTATCCGAGCATTTCG-1,3018,7,hg19
CTATCTAAGGTAAAGG-1,4946,2,hg19
CTATCTACATCGGATT-1,8040,10,hg19
CTATCTAGTTAGGGAC-1,1265,7,hg19
CTATCTATCGACGCGT-1,6010,114,hg19
CTCAACCAGACGAGCT-1,8758,14,hg19
CTCAACCAGCGTGAAC-1,5241,8,hg19
CTCAACCAGTCTAACC-1,19084,12,hg19
CTCAACCCATAGCTGT-1,5504,12,hg19
CTCAACCTCAAAGGTA-1,5742,11,hg19
CTCAACCTCACAATGC-1,20276,51,hg19
CTCAACCTCAGTCCGG-1,5622,37,hg19
CTCAACCTCATGGAGG-1,54,1221,mm10
CTCAACCTCCCTTGGT-1,9670,17,hg19
CTCAAGACACACACGC-1,6441,25,hg19
CTCAAGAGTCAACATC-1,3697,14,hg19
CTCAAGAGTTGTTGCA-1,4609,4,hg19
CTCAAGATCGAACGGA-1,11585,12,hg19
CTCAAGATCGGAATTC-1,3990,6,hg19
CTCAAGATCGGATAAA-1,4024,11,hg19
CTCAATTAGAATTGCA-1,2856,10,hg19
CTCAATTAGATTGACA-1,5054,23,hg19
CTCAATTGTCGCTGCA-1,8833,8,hg19
CTCAATTTCAACCTCC-1,7163,42,hg19
CTCAATTTCGCTATTT-1,9185,16,hg19
CTCACTGAGCCTGAGA-1,5218,6,hg19
CTCACTGCAGCTTTCC-1,4605,10,hg19
CTCACTGGTACCTTCC-1,16245,80,hg19
CTCACTGGTTATCTGG-1,6514,8,hg19
CTCACTGTCACCATGA-1,1747,20,hg19
CTCACTGTCCACACCT-1,9755,12,hg19
CTCACTGTCTCATTGT-1,21269,9,hg19
CTCAGAACATCCGGCA-1,2996,15,hg19
CTCAGAAGTTCTCCAC-1,2029,5,hg19
CTCAGAATCGACCACG-1,1744,12,hg19
CTCAGGGCACGCAAAG-1,6124,12,hg19
CTCAGGGGTAGGAGGG-1,5392,3,hg19
CTCAGGGTCAGACATC-1,20170,15,hg19
CTCAGGGTCGCTGATA-1,5191,3,hg19
CTCAGGGTCGTGAGAG-1,4025,6,hg19
CTCAGGGTCTATGCCC-1,638,3,hg19
CTCAGGGTCTGAACGT-1,4970,9,hg19
CTCAGTCCAGCGCTTG-1,1251,30,hg19
CTCAGTCGTTGTATGC-1,4882,2,hg19
CTCAGTCTCGGCGATC-1,5067,0,hg19
CTCATCGAGGAAGTGA-1,4047,6,hg19
CTCATCGAGGGAGGCA-1,6349,6,hg19
CTCATCGCAGAGGTAC-1,854,9,hg19
CTCATCGGTCGCCACA-1,5849,7,hg19
CTCATCGTCCTACACC-1,4404,10,hg19
CTCATGCAGCGCCGTT-1,5049,7,hg19
CTCATGCCACAGCTTA-1,2036,5,hg19
CTCATGCCATGGGTTT-1,2535,23,hg19
CTCATGCCATGTCTAG-1,9407,10,hg19
CTCATGCGTACACGCC-1,2125,11,hg19
CTCATGCGTTAGCGGA-1,11071,11,hg19
CTCATTAAGCAGCCCT-1,17460,16,hg19
CTCATTACAAGTAGTA-1,2475,3,hg19
CTCATTAGTGTTAAAG-1,3020,12,hg19
CTCCAACCACTGAGTT-1,17926,14,hg19
CTCCAACGTAGAATGT-1,2756,10,hg19
CTCCACAAGAGGTATT-1,639,28,hg19
CTCCACACACTCAGAT-1,19685,47,hg19
CTCCACACACTGTTCC-1,8803,17,hg19
CTCCACAGTCTACTGA-1,3559,13,hg19
CTCCACAGTGCGAGTA-1,6994,12,hg19
CTCCACATCCGCCTAT-1,23665,27,hg19
CTCCACATCCTGTTGC-1,3929,11,hg19
CTCCACATCTATCGCC-1,8782,78,hg19
CTCCATGAGACAACTA-1,3684,8,hg19
CTCCATGAGAGCATCG-1,5244,5,hg19
CTCCATGCACCCGTAG-1,13956,49,hg19
CTCCCAAAGAGCAGTC-1,1276,4,hg19
CTCCCAAAGCTAGATA-1,7033,8,hg19
CTCCCAACACGCTATA-1,123,1791,mm10
CTCCCAATCATGGCCG-1,2964,11,hg19
CTCCCAATCTTCCTAA-1,5779,13,hg19
CTCCCTCCACCGAATT-1,743,4,hg19
CTCCCTCCATAACAGA-1,2376,12,hg19
CTCCCTCCATACAGGG-1,4365,20,hg19
CTCCCTCCATAGGTAA-1,5195,10,hg19
CTCCCTCGTGTGTTTG-1,2098,35,hg19
CTCCCTCGTTGTTGCA-1,18102,20,hg19
CTCCCTCTCAAAGACA-1,1408,5,hg19
CTCCCTCTCCTCCACA-1,6110,17,hg19
CTCCGATAGGGTTAAT-1,9876,21,hg19
CTCCTCCAGAGCTGAC-1,3129,13,hg19
CTCCTCCCAATTGCTG-1,5824,19,hg19
CTCCTCCGTCACTTCC-1,2756,27,hg19
CTCCTCCTCGTTGTAG-1,2313,8,hg19
CTCCTTTCATCGTCCT-1,3909,16,hg19
CTCCTTTGTCGCGTTG-1,4060,14,hg19
CTCCTTTGTCGTTGCG-1,5382,7,hg19
CTCCTTTGTCTCAGAT-1,5664,8,hg19
CTCCTTTTCTAGTACG-1,2510,11,hg19
CTCCTTTTCTCAAAGC-1,10281,20,hg19
CTCCTTTTCTGAGATC-1,2830,12,hg19
CTCGAGGAGGAATCGC-1,5108,17,hg19
CTCGAGGTCGTTTACT-1,3123,4,hg19
CTCGAGGTCTGTGCAA-1,5154,10,hg19
CTCTCAGCACAAAGCG-1,12185,13,hg19
CTCTCAGCACTGTGAT-1,3143,6,hg19
CTCTCAGTCAAACGTC-1,9880,6,hg19
CTCTCAGTCACACCGG-1,13900,23,hg19
CTCTCAGTCCAGCTCT-1,9213,37,hg19
CTCTCAGTCGTGTCAA-1,626,4,hg19
CTCTCGAAGCCGATCC-1,10043,5,hg19
CTCTCGACAAACTGCT-1,4497,16,hg19
CTCTCGACACTTGAAC-1,5340,7,hg19
CTCTCGACATCATCTT-1,4623,12,hg19
CTCTCGACATTGTGCA-1,6849,4,hg19
CTCTCGAGTAGTCGTT-1,19826,15,hg19
CTCTCGAGTGCCCACA-1,55,5920,mm10
CTCTCGAGTTGGGACA-1,8643,38,hg19
CTCTCGATCATCAGTG-1,4298,119,hg19
CTCTCGATCGATTTCT-1,1598,32,hg19
CTCTGGTAGCGTTCAT-1,2485,9,hg19
CTCTGGTCAAGAGTAT-1,2339,9,hg19
CTCTGGTCATACGCAT-1,15023,38,hg19
CTCTGGTCATTGACTG-1,565,16,hg19
CTGAATGAGTGCTACT-1,5638,8,hg19
CTGAATGGTCGCATTA-1,9770,13,hg19
CTGAGCGAGACCTTTG-1,3447,8,hg19
CTGAGCGAGATTAGTG-1,2103,2,hg19
CTGAGCGAGCGTTGTT-1,6176,6,hg19
CTGAGCGCATATGAAG-1,7069,4,hg19
CTGAGCGGTCACGTGC-1,4771,8,hg19
CTGAGCGTCACCATAG-1,1238,6,hg19
CTGAGGCAGGCGCTCT-1,2319,8,hg19
CTGAGGCCACAGCGCT-1,3422,11,hg19
CTGATCCCAATTTCGG-1,8150,8,hg19
CTGATCCGTCTGATCA-1,6371,11,hg19
CTGATCCGTGTGATGG-1,2685,12,hg19
CTGATCCTCAGCGTCG-1,4350,5,hg19
CTGATCCTCTGTCGTC-1,8566,137,hg19
CTGCAGGAGCAAGGAA-1,4979,7,hg19
CTGCAGGAGCAATAAC-1,562,13,hg19
CTGCAGGCAAACACGG-1,6150,8,hg19
CTGCAGGTCCTATGGA-1,988,5,hg19
CTGCAGGTCTGAGATC-1,1726,14,hg19
CTGCATCAGGGTGAAA-1,5575,5,hg19
CTGCATCAGTAGTCTC-1,2008,2,hg19
CTGCATCCAGACAAGC-1,6195,10,hg19
CTGCATCGTACGATGG-1,3763,4,hg19
CTGCATCTCCGCAACG-1,3998,78,hg19
CTGCCATGTTTCCATT-1,667,3,hg19
CTGCCATTCTCATTAC-1,10864,41,hg19
CTGCCATTCTGCCTCA-1,6301,48,hg19
CTGCCTACAAGAAATC-1,5642,18,hg19
CTGCCTACACTGGCCA-1,15285,13,hg19
CTGCCTAGTTAGGCCC-1,11644,13,hg19
CTGCCTAGTTGTTGAC-1,7305,12,hg19
CTGCCTATCATCCCGT-1,3000,4,hg19
CTGCCTATCATTTCGT-1,18816,16,hg19
CTGCCTATCCGATGCG-1,7645,12,hg19
CTGCGAGAGAGAGGGC-1,1046,1,hg19
CTGCGAGCAATGACCT-1,4455,3,hg19
CTGCGAGCACATACGT-1,4868,5,hg19
CTGCGAGGTCTACTGA-1,5266,16,hg19
CTGCGAGTCATTGTTC-1,4313,6,hg19
CTGCGAGTCTGTCGCT-1,5856,1,hg19
CTGCTCAAGCAACAAT-1,1579,14,hg19
CTGCTCACAATGTTGC-1,1321,9,hg19
CTGCTCAGTAGTTACC-1,10239,17,hg19
CTGCTCAGTGCGTCGT-1,7417,11,hg19
CTGCTCAGTGGAACCA-1,3068,7,hg19
CTGCTCATCATTTGCT-1,7570,5,hg19
CTGGACGAGTGTACAA-1,3056,6,hg19
CTGGACGAGTTCCTGA-1,8046,8,hg19
CTGGACGCAATAGGAT-1,7855,16,hg19
CTGGACGGTACAATAG-1,28018,28,hg19
CTGGCAGAGAGGCGTT-1,6207,18,hg19
CTGGCAGAGAGTCTGG-1,4367,38,hg19
CTGGCAGAGTCGTCTA-1,5778,5,hg19
CTGGCAGGTAGATGTA-1,2208,7,hg19
CTGGCAGGTATGAGGC-1,1463,17,hg19
CTGGCAGTCCCTCATG-1,5499,12,hg19
CTGGCAGTCGAGTGGA-1,22,12877,mm10
CTGGTCTAGAGAAGGT-1,2265,7,hg19
CTGGTCTAGGCGTTGA-1,4233,14,hg19
CTGGTCTGTATCGAGG-1,14365,10,hg19
CTGTACCAGACTGAGC-1,11317,13,hg19
CTGTACCAGATCCCAT-1,5369,21,hg19
CTGTACCAGCAGGTCA-1,11599,17,hg19
CTGTACCCACGACAAG-1,4070,11,hg19
CTGTACCCAGCAGATG-1,1614,7,hg19
CTGTACCTCACCGGTG-1,3165,6,hg19
CTGTACCTCGTAGAGG-1,2185,4,hg19
CTGTAGAAGAGTCACG-1,2762,7,hg19
CTGTAGACACAACCGC-1,7151,9,hg19
CTGTAGAGTTATGACC-1,3946,10,hg19
CTGTAGATCCAAGGGA-1,1924,2,hg19
CTGTAGATCCAGTGTA-1,2065,1,hg19
CTGTAGATCCTGTTAT-1,3310,5,hg19
CTGTATTCAAACTCTG-1,8330,25,hg19
CTGTATTCAACCGGAA-1,164,11791,mm10
CTGTATTCATCCCACT-1,7873,19,hg19
CTGTATTTCACATTGG-1,3606,6,hg19
CTGTCGTAGCGCGTTC-1,3944,4,hg19
CTGTCGTGTCAAAGTA-1,6992,7,hg19
CTGTCGTGTGACACGA-1,6037,12,hg19
CTGTCGTGTGGACCAA-1,6007,4,hg19
CTGTCGTTCGATGCAT-1,4336,4,hg19
CTGTGAAAGCCTCCAG-1,4509,3,hg19
CTGTGAAAGTAGGTTA-1,17554,14,hg19
CTGTGAACACGTATAC-1,2647,6,hg19
CTGTGAACAGTGTATC-1,6375,20,hg19
CTGTGAAGTGTGTGGA-1,12213,6,hg19
CTGTGAATCATTACCT-1,9138,20,hg19
CTGTGAATCCCGAACG-1,557,18,hg19
CTGTGAATCTTCTCAA-1,48,2410,mm10
CTGTGGGAGACCTCAT-1,3081,4,hg19
CTGTGGGAGAGTGTTA-1,6901,1,hg19
CTGTGGGAGCATTTCG-1,2906,7,hg19
CTGTGGGCAATAACGA-1,4005,6,hg19
CTGTGGGCACATATCG-1,11973,10,hg19
CTGTGGGCAGCTGCCA-1,5897,9,hg19
CTGTGGGTCGGTCTAA-1,3312,81,hg19
CTGTGGGTCTGCGGAC-1,5159,5,hg19
CTTACCGAGTCGGGAT-1,5253,61,hg19
CTTACCGCATAGGTTC-1,3326,2,hg19
CTTACCGGTACGTGAG-1,4712,18,hg19
CTTACCGGTGCGAACA-1,91,17077,mm10
CTTACCGGTTCAAAGA-1,4249,14,hg19
CTTACCGTCACGGGAA-1,3692,5,hg19
CTTAGGAAGGATACGC-1,7900,7712,Multiplet
CTTAGGAAGTCACTGT-1,1837,17,hg19
CTTAGGAAGTGGAAGA-1,52,24929,mm10
CTTAGGACATCAGCTA-1,4609,7,hg19
CTTAGGAGTCATCGGC-1,9176,9,hg19
CTTAGGATCGTCTACC-1,11969,12,hg19
CTTCAATAGCTAGATA-1,3804,5,hg19
CTTCAATAGGCTTCCG-1,4377,11,hg19
CTTCAATGTGCTGCAC-1,8430,74,hg19
CTTCCGAAGAGCTGCA-1,4672,12,hg19
CTTCCGACACTTCCTG-1,217,3241,mm10
CTTCCTTAGTCCTGTA-1,4687,15,hg19
CTTCCTTCATACTGAC-1,3289,5,hg19
CTTCCTTTCACCACAA-1,6041,14,hg19
CTTCCTTTCTTGATTC-1,7191,39,hg19
CTTCGGTCAGAGATTA-1,4286,5,hg19
CTTCGGTGTAGCTTAC-1,3856,6,hg19
CTTCGGTTCCGTAATG-1,130,16704,mm10
CTTCTAAAGGAGAATG-1,10238,6,hg19
CTTCTAAAGGCTCACC-1,4050,7,hg19
CTTCTAAAGTGATAGT-1,4344,14,hg19
CTTCTCTAGGTTAAAC-1,4016,9,hg19
CTTCTCTCAGGCTCTG-1,3192,16,hg19
CTTCTCTGTAGCTGCC-1,3083,15,hg19
CTTCTCTGTTGCGAAG-1,3845,8,hg19
CTTCTCTTCAAATGAG-1,6130,12,hg19
CTTCTCTTCAGCGGAA-1,20889,20,hg19
CTTGAGAAGGGAGTGG-1,3310,38,hg19
CTTGAGACAGGGAATC-1,6320,51,hg19
CTTGAGAGTATTGACC-1,4202,7,hg19
CTTGAGAGTCACTTCC-1,729,16,hg19
CTTGATTGTTTCGTAG-1,2176,1,hg19
CTTGATTTCATCCTAT-1,3261,15,hg19
CTTGATTTCTCATAGG-1,5057,8,hg19
CTTGATTTCTCCCATG-1,4643,9,hg19
CTTTCAACAGAGTGAC-1,4181,10,hg19
CTTTCAAGTGAGGAAA-1,4718,12,hg19
CTTTCAATCGTCTACC-1,9185,32,hg19
CTTTCAATCGTTCGCT-1,4672,6,hg19
CTTTCAATCTCTCCGA-1,18217,54,hg19
CTTTCGGAGCCGTAAG-1,10312,8,hg19
CTTTCGGAGTCCGTCG-1,9209,19,hg19
CTTTCGGGTCCGACGT-1,2657,5,hg19
CTTTCGGGTTTATGCG-1,3541,28,hg19
GAAACCTAGGGTTAGC-1,4421,12,hg19
GAAACCTCAATCGTCA-1,7847,17,hg19
GAAACCTGTGCCGGTT-1,4153,9,hg19
GAAACCTGTTGTCTAG-1,4453,6,hg19
GAAACCTTCGCGTGCA-1,12991,14,hg19
GAAACCTTCGGATAAA-1,5326,9,hg19
GAAATGAAGATAGTGT-1,2111,11,hg19
GAAATGAAGCGAACTG-1,4856,8,hg19
GAAATGACATTCGGGC-1,3081,6,hg19
GAAATGAGTTCCTTGC-1,6836,8,hg19
GAAATGATCGTCAGAT-1,1616,8,hg19
GAAATGATCTTACTGT-1,7467,24,hg19
GAACACTAGGATGCGT-1,5249,9,hg19
GAACACTCATTCCTAT-1,12218,91,hg19
GAACACTGTTCTCCTG-1,6372,11,hg19
GAACGTTAGGGCTTCC-1,7434,13,hg19
GAACGTTAGGTGCCTC-1,37,4037,mm10
GAACGTTCAGGTGACA-1,7022,8,hg19
GAACGTTGTGTGCCTG-1,4460,6,hg19
GAACGTTTCATCCTGC-1,3496,5,hg19
GAACTGTAGCACGTCC-1,2937,3,hg19
GAACTGTGTAAGCTCT-1,714,7,hg19
GAACTGTGTATTTCCT-1,3309,6,hg19
GAACTGTTCCGAAGGA-1,1592,11,hg19
GAAGAATAGTGGAAGA-1,5262,11,hg19
GAAGAATTCAGTGTCA-1,2407,9,hg19
GAAGAATTCTCTCGCA-1,3447,8,hg19
GAAGCCCAGGCAGCTA-1,4314,8,hg19
GAAGCCCAGGTTGGAC-1,3565,7,hg19
GAAGCCCAGTAGCATA-1,52,3956,mm10
GAAGCCCAGTGCTCGC-1,7280,6,hg19
GAAGCCCCACCTCGTT-1,3810,14,hg19
GAAGCCCCAGGATTCT-1,505,4,hg19
GAAGCCCTCACGGGCT-1,4057,4,hg19
GAAGCCCTCCGAGGCT-1,4232,4,hg19
GAAGCCCTCGGCTCTT-1,8547,19,hg19
GAAGCCCTCGTCGCTT-1,621,5,hg19
GAAGCGAAGCACTCGC-1,2193,51,hg19
GAAGCGAAGGCCCACT-1,2781,6,hg19
GAAGCGACATACTTTC-1,3273,11,hg19
GAAGCGAGTGCTCCGA-1,4494,9,hg19
GAAGCGAGTTGCATAC-1,5374,7,hg19
GAAGCGATCACCTTAT-1,11483,12,hg19
GAAGCGATCATTCGTT-1,5097,10,hg19
GAAGGACCACTCTAGA-1,1118,4,hg19
GAAGGACGTCTGCCTT-1,4263,8,hg19
GAAGGACGTGTCCGGT-1,3938,11,hg19
GAAGGACTCGATCCCT-1,7093,8,hg19
GAAGGGTAGCTAAACA-1,5567,7,hg19
GAAGGGTCACCATAAC-1,4310,7,hg19
GAAGGGTCACTGTCGG-1,7154,105,hg19
GAAGGGTCAGGGCTTC-1,4354,2,hg19
GAAGGGTCAGTAACCT-1,4206,11,hg19
GAAGGGTCATCAACCA-1,2810,9,hg19
GAAGGGTGTCGAGTGA-1,78,16111,mm10
GAAGGGTGTTACGCCG-1,3348,10,hg19
GAAGGGTGTTGTGCAT-1,3991,9,hg19
GAAGTAAGTGTGATGG-1,4835,6,hg19
GAAGTAATCCGTGCGA-1,1563,9,hg19
GAATAGAAGTAGCAAT-1,7012,27,hg19
GAATAGAAGTGCAACG-1,2132,1,hg19
GAATAGAAGTTGCATC-1,9180,7,hg19
GAATAGAGTAACAAGT-1,6061,6,hg19
GAATAGAGTATAGCTC-1,6459,14,hg19
GAATAGATCTCGTGAA-1,4304,6,hg19
GAATCACAGCCGTTGC-1,23643,21,hg19
GAATCACAGGCTCTCG-1,557,69,hg19
GAATCACTCGCAAGAG-1,4340,5,hg19
GAATCGTAGCTAGAAT-1,3696,6,hg19
GAATCGTCACACCGCA-1,580,1,hg19
GAATCGTCACACCTGG-1,5149,10,hg19
GAATCGTGTGAGACCA-1,1062,49,hg19
GAATCGTGTTCGGTAT-1,2137,9120,Multiplet
GAATCGTTCGTTACCC-1,1206,0,hg19
GACACGCAGATACGAT-1,127,1598,mm10
GACACGCAGGAACGAA-1,2270,4,hg19
GACACGCAGGTGCCTC-1,3428,13,hg19
GACACGCCAAATGCGG-1,7082,9,hg19
GACACGCCACCGCTGA-1,4813,11,hg19
GACACGCGTACCGTCG-1,5157,5,hg19
GACATCAAGATGAACT-1,3708,7,hg19
GACATCAAGCATATGA-1,7388,24,hg19
GACATCAGTGTCTAAC-1,4050,6,hg19
GACATCAGTTCGGGTC-1,4973,8,hg19
GACATCATCGCTGCGA-1,9998,13,hg19
GACATCATCGTCAACA-1,2123,17,hg19
GACATCATCTCCTACG-1,2474,9,hg19
GACCAATGTCCTCATC-1,4840,5,hg19
GACCCAGAGGGTTTCT-1,3539,7,hg19
GACCCAGCAAGAGTGC-1,1587,6,hg19
GACCCAGCATGGACAG-1,2790,15,hg19
GACCCAGGTAATGCTC-1,7336,7,hg19
GACCCAGGTACTGAGG-1,95,4223,mm10
GACCCAGGTAGCTGTT-1,6297,5,hg19
GACCCAGTCGCAAGAG-1,10257,6,hg19
GACCCAGTCTGGGCAC-1,1414,11,hg19
GACCCTTAGAACTGAT-1,5570,25,hg19
GACCCTTAGGGCAGTT-1,5412,6,hg19
GACCCTTGTACCGCGT-1,2692,2,hg19
GACCGTGAGAGTCTGG-1,13950,10,hg19
GACCGTGAGCATGCGA-1,3455,31,hg19
GACCGTGCACCGGCTA-1,4663,16,hg19
GACCGTGTCAATCCGA-1,10984,16,hg19
GACCTTCAGATGAATC-1,2514,8,hg19
GACCTTCAGTGCGTCC-1,3276,2,hg19
GACCTTCCATGAGGGT-1,1337,6,hg19
GACCTTCGTTGTGTAC-1,6503,3,hg19
GACGCTGCACAAAGCG-1,6145,13,hg19
GACGCTGTCAAGCCCG-1,4126,7,hg19
GACGCTGTCGAAATCC-1,1964,4,hg19
GACGCTGTCGCGTGCA-1,553,6,hg19
GACGTTAGTGAGCGAT-1,3561,6,hg19
GACGTTATCAAACGTC-1,1171,4,hg19
GACTATGAGACTCATC-1,7201,13,hg19
GACTATGAGCTCCGAC-1,2666,13,hg19
GACTATGCAAGAGATT-1,8995,15,hg19
GACTATGCACTGAATC-1,815,23,hg19
GACTATGGTGATTAGA-1,2512,6,hg19
GACTATGTCAGCAGAG-1,5168,28,hg19
GACTATGTCCAGCAAT-1,3140,32,hg19
GACTCAACATTGACCA-1,3404,3,hg19
GACTCAAGTAGTCGGA-1,4266,5,hg19
GACTCAAGTGATACAA-1,5417,8,hg19
GACTCAAGTGGACCTC-1,2472,5,hg19
GACTCTCAGGAGTCTG-1,3816,4,hg19
GACTCTCAGTCGCCCA-1,4587,7,hg19
GACTCTCCACACCTTC-1,2443,11,hg19
GACTCTCCATAGAGGC-1,4397,7,hg19
GACTCTCGTCCGGACT-1,2091,12,hg19
GACTCTCGTCGAGCTC-1,4280,0,hg19
GACTCTCGTCTTCGAA-1,5149,4,hg19
GACTCTCTCGACCAAT-1,23740,40,hg19
GACTCTCTCTACGCAA-1,11914,18,hg19
GACTGATGTGCGACAA-1,12672,18,hg19
GACTTCCAGATCGCCC-1,875,4,hg19
GACTTCCAGTATGTAG-1,3339,11,hg19
GACTTCCAGTCTCGTA-1,4788,47,hg19
GACTTCCCAGAACGCA-1,5196,49,hg19
GACTTCCCAGGGTTGA-1,9959,8,hg19
GACTTCCCAGTCGGTC-1,6966,16,hg19
GACTTCCGTCTCTCTG-1,10986,33,hg19
GACTTCCGTTTCGTAG-1,1974,4,hg19
GACTTCCTCCACACAA-1,63,31507,mm10
GACTTCCTCGCCATAA-1,9142,6,hg19
GAGAAATAGTAACGTA-1,5311,12,hg19
GAGAAATCATAGGTTC-1,2774,10,hg19
GAGAAATCATATGGCT-1,6722,15,hg19
GAGAAATGTGAAGCTG-1,3759,5,hg19
GAGAAATTCACTCCGT-1,3243,97,hg19
GAGAAATTCGCGTAGC-1,100,12041,mm10
GAGACCCAGATACGAT-1,285,7025,mm10
GAGACCCAGTCATGGG-1,2005,13,hg19
GAGACCCCAGAGTAAT-1,10863,10,hg19
GAGACCCGTATAGGGC-1,5545,20,hg19
GAGACCCGTTGAGGAC-1,9323,14,hg19
GAGACCCTCATCTGTT-1,7153,28,hg19
GAGACCCTCATTCATC-1,17278,23,hg19
GAGACCCTCTCCGCAT-1,4334,57,hg19
GAGACTTAGTCATACC-1,5218,11,hg19
GAGACTTCAGGTGAGT-1,12784,16,hg19
GAGACTTTCAGGAAAT-1,29,2086,mm10
GAGACTTTCCTGTAGA-1,12292,16,hg19
GAGACTTTCGTCAACA-1,4134,3,hg19
GAGACTTTCTCATTAC-1,4446,5,hg19
GAGAGGTCAACACAGG-1,20647,26,hg19
GAGAGGTCACCTGCGA-1,3873,10,hg19
GAGAGGTCAGCTGTTA-1,1191,3,hg19
GAGAGGTGTACGAGCA-1,8033,22,hg19
GAGAGGTGTCTGTGAT-1,510,5,hg19
GAGAGGTGTGTGCTTA-1,3460,4,hg19
GAGAGGTTCTTCACGC-1,2669,18,hg19
GAGATGGAGCAAGCCA-1,44,3917,mm10
GAGATGGAGCATTTCG-1,4697,5,hg19
GAGATGGAGGGTAATT-1,3809,6,hg19
GAGATGGAGTCACGAG-1,1491,6,hg19
GAGATGGGTCGTTTCC-1,7509,22,hg19
GAGATGGTCCACCTCA-1,5749,5,hg19
GAGCCTGAGACGATAT-1,1214,4,hg19
GAGCCTGGTACTTCCC-1,7356,5,hg19
GAGCCTGGTCTAATCG-1,2890,2,hg19
GAGCCTGGTGTGACCC-1,4606,4,hg19
GAGCTGCAGTGGTTCT-1,5205,85,hg19
GAGCTGCGTGTGTGTT-1,8362,9,hg19
GAGGCAACAAGCTGTT-1,7593,13,hg19
GAGGCAAGTCAACATC-1,3745,6,hg19
GAGGCAAGTCAAGTTC-1,12194,16,hg19
GAGGCAAGTGTCCAAT-1,4328,5,hg19
GAGGCAATCAGCGTCG-1,41,6676,mm10
GAGGCCTAGGCATGCA-1,5955,15,hg19
GAGGCCTCAGGAACCA-1,12332,21,hg19
GAGGCCTTCCATCAGA-1,15725,26,hg19
GAGGGATAGCTCCACG-1,6538,7,hg19
GAGGGATAGTAGGATT-1,4108,6,hg19
GAGGGATAGTTCCGTA-1,4211,0,hg19
GAGGGATCAGAGAATT-1,150,2875,mm10
GAGGGATGTCTGTAGT-1,740,5,hg19
GAGGGATTCAGCTAGT-1,2768,8,hg19
GAGGGATTCCGCAGTG-1,1260,4,hg19
GAGGGTAAGTCACGAG-1,2384,5,hg19
GAGGGTAAGTCGCCAC-1,3756,9,hg19
GAGGGTACAGGCACTC-1,4473,7,hg19
GAGGGTAGTAACATGA-1,2062,8,hg19
GAGGGTAGTCACGACC-1,13792,20,hg19
GAGGGTAGTTAGGCCC-1,1963,4,hg19
GAGGGTATCATTCATC-1,3071,7,hg19
GAGGGTATCGGTCGAC-1,11752,7,hg19
GAGGGTATCGGTGCAC-1,3015,11,hg19
GAGTCATCACAAGTGG-1,5354,12,hg19
GAGTCATGTAGATTAG-1,3469,3,hg19
GAGTCATGTCTTCAAG-1,722,7,hg19
GAGTCTACAAGACGAC-1,4698,1,hg19
GAGTGAGAGTGCCCGT-1,2390,3,hg19
GAGTGAGTCGCGTGCA-1,4916,6,hg19
GAGTGTTAGCGGTAGT-1,5062,5,hg19
GAGTTACAGTTGAAGT-1,27,7512,mm10
GAGTTGTAGTCATAGA-1,5081,16,hg19
GAGTTTGAGCCGGAAT-1,9305,18,hg19
GAGTTTGCACTCCCTA-1,9498,21,hg19
GATAGAAGTAGCTCGC-1,7723,6,hg19
GATAGAATCTCTGACC-1,1124,5,hg19
GATAGCTAGGAACGTC-1,2437,7,hg19
GATAGCTAGTAATACG-1,16891,14,hg19
GATAGCTCATGACTCA-1,9799,55,hg19
GATAGCTGTTGTTGCA-1,8097,6,hg19
GATCACAAGATGCTAA-1,3382,5,hg19
GATCACAAGGAGACCT-1,3632,7,hg19
GATCACAGTATCGATC-1,6129,44,hg19
GATCACAGTTGTCTAG-1,18203,54,hg19
GATCACATCCGCAAAT-1,631,6,hg19
GATCACATCGTCTCAC-1,2512,8,hg19
GATCAGTGTAGGATAT-1,8708,19,hg19
GATCAGTGTGGTGATG-1,4990,4,hg19
GATCAGTGTTTACGTG-1,5839,7,hg19
GATCAGTTCAGACCGC-1,2557,3,hg19
GATCAGTTCGACACCG-1,4416,19,hg19
GATCAGTTCGCATGAT-1,1612,6,hg19
GATCAGTTCTCATGCC-1,3017,9,hg19
GATCATGAGACGACTG-1,2719,4,hg19
GATCATGAGGGACAGG-1,2505,6,hg19
GATCATGAGTGCCGAA-1,4014,15,hg19
GATCATGCAGACAAAT-1,2517,12,hg19
GATCATGTCTAGACAC-1,2293,16,hg19
GATCCCTAGAAACTCA-1,4887,18,hg19
GATCCCTGTATCGATC-1,4258,5,hg19
GATCCCTGTCATGCAT-1,6425,12,hg19
GATCCCTGTGGCCCAT-1,5773,4,hg19
GATCCCTTCTAACACG-1,4383,13,hg19
GATCCCTTCTTGGGCG-1,3537,6,hg19
GATCGTACAAGAAACT-1,2010,4,hg19
GATCGTACAGTAGTGG-1,1872,8,hg19
GATCGTACATTCTGTT-1,1789,6,hg19
GATCGTAGTATCGCAT-1,6579,5,hg19
GATGACTAGTATTGCC-1,9662,57,hg19
GATGACTAGTTAGAAC-1,4698,12,hg19
GATGACTCAACTGATC-1,4739,21,hg19
GATGACTTCCATAAGC-1,2223,19,hg19
GATGACTTCGACCTAA-1,4752,10,hg19
GATGAGGAGTCCGCGT-1,4692,6,hg19
GATGAGGCAACAGTGG-1,6561,5,hg19
GATGAGGCACACCGAC-1,2777,7,hg19
GATGAGGGTACTCGAT-1,4620,20,hg19
GATGAGGGTATCTCGA-1,15208,20,hg19
GATGAGGGTCATAAAG-1,4116,5,hg19
GATGATCAGTACTGGG-1,2032,6,hg19
GATGATCCAGTAGATA-1,4371,3,hg19
GATGATCGTGCATTAC-1,6023,19,hg19
GATGCTATCGACCAAT-1,3041,11,hg19
GATGCTATCTCGGTCT-1,6080,8,hg19
GATGGAGAGTGTACAA-1,7033,25,hg19
GATGGAGAGTTACTCG-1,13259,10,hg19
GATGTTGAGAGTGACC-1,928,55,hg19
GATGTTGAGCGCCCAT-1,717,30,hg19
GATGTTGAGTAATCCC-1,10536,21,hg19
GATGTTGGTCCTGGGT-1,19808,4,hg19
GATGTTGGTGTCCGTG-1,4127,4,hg19
GATTCGAAGTGTCATC-1,3405,5,hg19
GATTCGAGTGTCTAAC-1,3913,8,hg19
GATTCTTAGCGGGTTA-1,6447,13,hg19
GATTCTTAGTTTCAGC-1,8810,34,hg19
GATTCTTGTACAGGTG-1,5351,4,hg19
GATTCTTGTAGGAGTC-1,3550,6,hg19
GATTCTTGTTATCCAG-1,4859,11,hg19
GATTGGTAGGTACAAT-1,3750,17,hg19
GATTGGTCAAGTATAG-1,714,3,hg19
GATTGGTCAGTATGAA-1,789,7,hg19
GATTGGTTCAGCGTCG-1,37,1005,mm10
GATTTCTAGATAGCAT-1,8202,19,hg19
GATTTCTAGGTTCATC-1,2846,4,hg19
GATTTCTCAGGTCTCG-1,2095,75,hg19
GATTTCTGTCACTCTC-1,3280,4,hg19
GATTTCTGTCGTCTCT-1,13259,28,hg19
GATTTCTGTGGAACAC-1,1970,1,hg19
GCAACATAGTATAGGT-1,152,5620,mm10
GCAACATGTGCTCTTC-1,1880,7,hg19
GCAACCGAGTTGGCTT-1,2429,14,hg19
GCAACCGCATCCTGTC-1,5827,18,hg19
GCAACCGGTAGAGATT-1,1406,49,hg19
GCAACCGGTCCTGAAT-1,1430,3,hg19
GCAACCGGTGACAACG-1,2388,5,hg19
GCAACCGTCCACTTCG-1,6828,24,hg19
GCACATAAGCGTCTCG-1,1477,4,hg19
GCACATAGTGTCCGGT-1,41,2210,mm10
GCACGGTAGCGTATAA-1,3948,7,hg19
GCACGGTCATGCCGCA-1,3060,29,hg19
GCACGGTTCGCGCTGA-1,7322,10,hg19
GCACGTGAGCAGCACA-1,2990,8,hg19
GCACGTGAGGCAGGGA-1,2970,18,hg19
GCACGTGAGGTCTACT-1,1257,8,hg19
GCACGTGGTATGTCCA-1,5318,5,hg19
GCACGTGGTCAACGCC-1,31,656,mm10
GCACGTGGTCCGGATC-1,9169,3,hg19
GCACGTGGTGAATGTA-1,2707,4,hg19
GCACGTGTCTCGCCTA-1,1142,32,hg19
GCACTAAAGTGGTCAG-1,2126,4,hg19
GCACTAACACACGGTC-1,2943,12,hg19
GCACTAACAGCGTTTA-1,5006,45,hg19
GCACTAATCCTCAGAA-1,2181,13,hg19
GCACTAATCTCGCGTT-1,2601,1,hg19
GCAGCCAAGGCGATAC-1,3619,4,hg19
GCAGCCAAGTCCTGTA-1,8056,8,hg19
GCAGCCAGTAGCGTCC-1,4669,16,hg19
GCAGCTGAGATTGTGA-1,4511,2,hg19
GCAGCTGCAGTTACCA-1,16147,14,hg19
GCAGCTGTCTGACGCG-1,2574,11,hg19
GCAGGCTAGATAACGT-1,10447,8,hg19
GCAGGCTAGGCCCGTT-1,2385,3,hg19
GCAGGCTTCCGTTGAA-1,8758,60,hg19
GCAGGCTTCGTGCAGC-1,5510,5,hg19
GCAGTTAAGAGTGACC-1,2448,8,hg19
GCAGTTAAGCACCCAC-1,20257,19,hg19
GCAGTTACAGTCTCTC-1,4798,12,hg19
GCAGTTAGTTGAGGAC-1,16773,19,hg19
GCAGTTATCGAGCCAC-1,3131,3,hg19
GCAGTTATCTCTTCAA-1,1353,3,hg19
GCATCGGAGAGACAAG-1,8100,10178,Multiplet
GCATCGGCATTGAAGA-1,6257,13,hg19
GCATCGGGTTGACTAC-1,8639,10,hg19
GCATCGGTCTACCACC-1,8628,11,hg19
GCATCGGTCTTTGATC-1,1809,19,hg19
GCATCTCAGCTTAGTC-1,3424,14,hg19
GCATCTCCAAGCGCAA-1,59,3328,mm10
GCATCTCCATCCTTGC-1,7870,11,hg19
GCATCTCGTCGCACAC-1,3190,8,hg19
GCATCTCGTTTACGAC-1,5141,7,hg19
GCATCTCTCACCTCTG-1,4697,9,hg19
GCATCTCTCCAACTGA-1,3934,10,hg19
GCATGATAGGAGTCTG-1,6636,8,hg19
GCATGATAGTGCAGCA-1,4798,8,hg19
GCATGATCACGGCTAC-1,10774,18,hg19
GCATGATCACTCCCTA-1,4433,12,hg19
GCATGATGTAACGGTG-1,2529,5,hg19
GCATGATTCGCAATGT-1,9286,12,hg19
GCATTAGAGCCGATCC-1,17234,17,hg19
GCATTAGAGCGACAGT-1,642,14,hg19
GCATTAGAGGCTATCT-1,5748,21,hg19
GCATTAGCAAAGGTTA-1,5407,6,hg19
GCATTAGCAATGACCT-1,558,9,hg19
GCATTAGGTCGCACGT-1,5326,9,hg19
GCATTAGGTCGCTCGA-1,10110,15,hg19
GCATTAGTCCATCTCG-1,8896,13,hg19
GCATTAGTCGCATTAG-1,5936,18,hg19
GCATTAGTCTGGGATT-1,3140,7,hg19
GCCAACGAGGGAGGCA-1,3759,30,hg19
GCCAACGAGTCGGGAT-1,3677,8,hg19
GCCAACGCAAAGGGCT-1,5447,10,hg19
GCCAACGCACTTCCTG-1,1491,14,hg19
GCCAACGCAGCCGTCA-1,13262,32,hg19
GCCAACGGTGCCCGTA-1,7282,7,hg19
GCCAACGGTTGTCATG-1,6070,12,hg19
GCCAACGTCAAGCTTG-1,40394,29,hg19
GCCAACGTCCAATCCC-1,2355,7,hg19
GCCAGCAAGGAACTCG-1,5024,7,hg19
GCCAGCACACAGAGCA-1,4119,16,hg19
GCCAGGTCACACGCCA-1,17170,20,hg19
GCCAGGTCAGTCTGGC-1,5903,5,hg19
GCCAGGTGTAGGGTAC-1,3944,7,hg19
GCCAGGTTCACACCGG-1,9000,14,hg19
GCCAGGTTCTAGTTCT-1,4649,29,hg19
GCCAGGTTCTATACGG-1,3978,9,hg19
GCCAGGTTCTATGTGG-1,581,4,hg19
GCCAGTGAGGCCTAAG-1,4196,5,hg19
GCCAGTGAGTCTGGAG-1,4732,20,hg19
GCCAGTGCAGGATTCT-1,14084,35,hg19
GCCAGTGGTGAATAAC-1,7247,18,hg19
GCCAGTGGTGTCCGGT-1,3545,5,hg19
GCCAGTGTCAAGCCTA-1,2487,7,hg19
GCCAGTGTCACGAACT-1,3015,13,hg19
GCCATGGAGGCTTAGG-1,3466,5,hg19
GCCATGGAGGGCAAGG-1,5415,6,hg19
GCCATGGAGGTAGCCA-1,2184,23,hg19
GCCATGGCAGGCGAAT-1,11890,9,hg19
GCCATGGGTAACAGGC-1,4600,15,hg19
GCCATGGGTACGGTTT-1,1596,7,hg19
GCCATGGTCGTCGACG-1,2626,3,hg19
GCCATTCCAAACGAGC-1,2382,208,hg19
GCCATTCTCCATGATG-1,4056,9,hg19
GCCCAGAAGTTCATCG-1,383,1299,mm10
GCCCAGACAAGGCAAC-1,3522,5,hg19
GCCCAGAGTAGCCCTG-1,2531,9,hg19
GCCCAGAGTCTTGCGG-1,5087,8,hg19
GCCCAGATCATTGCCC-1,2020,3,hg19
GCCCGAACATGGGTCC-1,57,3976,mm10
GCCCGAAGTCCACGCA-1,6301,10,hg19
GCCCGAATCACGACTA-1,4075,7,hg19
GCCCGAATCGAGAACG-1,2925,7,hg19
GCCGATGAGACCATAA-1,5708,15,hg19
GCCGATGTCATTGAGC-1,4066,7,hg19
GCCGATGTCGTCAAAC-1,5083,7,hg19
GCCGTGACACAGTCCG-1,2732,11,hg19
GCCGTGAGTGTTCGAT-1,2000,2,hg19
GCCGTGATCGAGAATA-1,4273,3,hg19
GCCGTGATCGTGTCAA-1,4436,102,hg19
GCCGTGATCTCAAAGC-1,21119,20,hg19
GCCGTGATCTCAGAAC-1,2344,0,hg19
GCCTGTTAGGCCATAG-1,4928,5,hg19
GCCTGTTAGTACTGTC-1,68,1504,mm10
GCCTGTTCAGGGTTGA-1,3933,16,hg19
GCCTGTTTCGACCATA-1,4551,15,hg19
GCGAGAAAGATCCAAA-1,6116,6,hg19
GCGAGAACAAAGGGCT-1,1375,31,hg19
GCGAGAAGTTAGCGGA-1,2901,9,hg19
GCGAGAATCTGCTTTA-1,3806,7,hg19
GCGATCGGTCACCACG-1,10439,17,hg19
GCGATCGTCTCGTCAC-1,4021,7,hg19
GCGATCGTCTGAACGT-1,1107,4,hg19
GCGGAAAAGCGCTGCT-1,3225,4,hg19
GCGGAAAGTAGGCTCC-1,32,1522,mm10
GCGGAAAGTGTGTGTT-1,1791,302,hg19
GCGGAAAGTTAGTTCG-1,4553,3,hg19
GCGGAAAGTTGACTGT-1,80,25770,mm10
GCGGATCAGATGAAGG-1,1813,7,hg19
GCGGATCAGCATCCCG-1,7721,14,hg19
GCGGATCGTAACGGTG-1,16753,23,hg19
GCGGATCGTCGCACAC-1,4839,15,hg19
GCGTGCAAGAAACTGT-1,4440,4,hg19
GCGTGCAAGCATCCCG-1,3237,11,hg19
GCGTGCAAGGTGAGCT-1,13607,7,hg19
GCGTGCACAATGCAAA-1,6722,31,hg19
GCGTGCACACCGTGAC-1,1192,2,hg19
GCGTGCACAGAGGAAA-1,3733,14,hg19
GCGTGCAGTCCAGTTA-1,2786,5,hg19
GCGTTTCCACAGTGAG-1,8724,21,hg19
GCGTTTCCACCTAAAC-1,5388,7,hg19
GCGTTTCTCATGCCAA-1,3549,19,hg19
GCGTTTCTCATTCATC-1,3593,11,hg19
GCGTTTCTCCGTTGAA-1,1285,1,hg19
GCGTTTCTCGGTCATA-1,42,3923,mm10
GCGTTTCTCTAGTCAG-1,8093,11,hg19
GCGTTTCTCTCAACCC-1,2697,5,hg19
GCGTTTCTCTCAGAAC-1,1644,15,hg19
GCTACAAAGATGCTAA-1,7622,7,hg19
GCTACAACAACCGATT-1,6398,13,hg19
GCTACAACATGCCGCA-1,6044,19,hg19
GCTACAATCAGTAGGG-1,89,6077,mm10
GCTACCTAGTTTCTTC-1,14357,26,hg19
GCTACCTGTACATTGC-1,7636,8,hg19
GCTACCTTCAGCCCAG-1,8306,11,hg19
GCTACCTTCTGCTAGA-1,4684,10,hg19
GCTCAAAAGCATTTGC-1,3916,9,hg19
GCTCAAAAGTCATCGT-1,7683,40,hg19
GCTCAAATCATGGTAC-1,1720,21,hg19
GCTCAAATCCCGATCT-1,10014,21,hg19
GCTCAAATCTCCCTAG-1,7289,7,hg19
GCTGAATGTCACTCAA-1,5867,9,hg19
GCTGAATGTGGAACAC-1,6377,4,hg19
GCTGAATTCAAGTCTG-1,9989,34,hg19
GCTGAATTCATACAGC-1,4170,6,hg19
GCTGAATTCCATAGGT-1,4675,12,hg19
GCTGAATTCCGCGGAT-1,5286,17,hg19
GCTGCAGCACCGTCTT-1,10277,23,hg19
GCTGCAGCACTGGCGT-1,8531,11,hg19
GCTGCAGCAGGACATG-1,6867,13,hg19
GCTGCAGGTCTGTGTA-1,3897,45,hg19
GCTGCAGGTGGCCCAT-1,1326,3,hg19
GCTGGGTAGCACTAAA-1,4929,28,hg19
GCTGGGTCAAAGGATT-1,6624,21,hg19
GCTGGGTCAAATGGCG-1,6561,9,hg19
GCTGGGTCACAAGCCC-1,103,8134,mm10
GCTGGGTCACCAAAGG-1,5491,12,hg19
GCTGGGTGTTATGTCG-1,3378,3,hg19
GCTTCACGTACAAAGT-1,5534,13,hg19
GCTTCACGTCACTCAA-1,10282,28,hg19
GCTTCACTCCCATAGA-1,6096,17,hg19
GCTTCACTCCTACTGC-1,6996,8,hg19
GCTTGGGAGTTCTCTT-1,5258,7,hg19
GCTTTCGAGACCATAA-1,8041,16,hg19
GCTTTCGCAAAGGGTC-1,3138,22,hg19
GCTTTCGTCAGAACCT-1,10528,8,hg19
GCTTTCGTCCACGAAT-1,289,15675,mm10
GCTTTCGTCGAGTCCG-1,3734,11,hg19
GGAACCCAGAGCCCAA-1,6077,4,hg19
GGAACCCGTATCTTCT-1,4051,10,hg19
GGAAGTGAGAGGCCAT-1,3082,7,hg19
GGAAGTGAGCGACAGT-1,4079,9,hg19
GGAAGTGGTGCAGATG-1,2683,2,hg19
GGAAGTGGTTAATCGC-1,5229,2,hg19
GGAAGTGTCATGAGGG-1,2412,2,hg19
GGAAGTGTCCTGTAAG-1,2946,7,hg19
GGAAGTGTCGGCACTG-1,84,7686,mm10
GGAAGTGTCTCCCAAC-1,3948,11,hg19
GGAAGTGTCTCTGACC-1,1704,1,hg19
GGAATCTCACCATAAC-1,5077,7,hg19
GGAATCTCACGCGCTA-1,4715,7,hg19
GGAATCTCACTGGCGT-1,6201,8,hg19
GGAATCTGTGTGTCCG-1,5163,6,hg19
GGAATCTGTTCATCGA-1,11587,69,hg19
GGAATCTTCAACCCGG-1,6137,8,hg19
GGAATCTTCAACTCTT-1,1314,30,hg19
GGAATCTTCCAAGGGA-1,6831,23,hg19
GGAATGGAGGTAAGAG-1,7332,12,hg19
GGAATGGCACCGAATT-1,3013,7,hg19
GGAATGGTCACTTATC-1,4978,13,hg19
GGAATGGTCCACAGCG-1,99,5602,mm10
GGAATGGTCTTACGTT-1,4394,35,hg19
GGACGTCGTATCAGGG-1,5041,10,hg19
GGACGTCTCGTGAGAG-1,3612,0,hg19
GGAGAACAGCAAGGAA-1,1397,7,hg19
GGAGAACAGGAACATT-1,3573,14,hg19
GGAGAACCATTATGCG-1,7881,35,hg19
GGAGAACTCGAGCTGC-1,6573,7,hg19
GGAGATGGTTCGTAAC-1,2474,8,hg19
GGAGATGGTTTACCTT-1,56,1898,mm10
GGAGATGTCATGCATG-1,1365,13,hg19
GGAGATGTCTCCCAAC-1,3518,6,hg19
GGAGCAACAAGTCCAT-1,2867,12,hg19
GGAGCAAGTGGACCTC-1,4361,6,hg19
GGAGCAATCGTCCATC-1,11896,15,hg19
GGAGGATAGCCAAGCA-1,8911,21,hg19
GGAGGATAGCTAGCCC-1,2799,6,hg19
GGAGGATAGTTGCTGT-1,6149,10,hg19
GGAGGATCAACGTAAA-1,5128,12,hg19
GGAGGATCAACTGATC-1,9236,69,hg19
GGAGGATCAGTGGTGA-1,2288,2,hg19
GGAGGATGTACCCAGC-1,4027,4,hg19
GGAGGATGTTCCGCAG-1,2615,1,hg19
GGAGGTAAGCCATTTG-1,5852,14,hg19
GGAGGTAAGCCGAATG-1,813,11,hg19
GGAGGTAAGCTCAGAG-1,4077,7,hg19
GGAGGTACAACAGCTT-1,3114,3,hg19
GGAGGTACACCCTGAG-1,2484,4,hg19
GGAGGTAGTCTCTCAC-1,7655,10,hg19
GGAGGTATCCAAGGGA-1,5456,6,hg19
GGAGGTATCCTTCTTC-1,2290,5,hg19
GGATCTAAGACTTGTC-1,3462,7,hg19
GGATCTACATGACAGG-1,2627,7,hg19
GGATCTAGTACGAAAT-1,133,8466,mm10
GGATCTAGTATCGAAA-1,2704,8,hg19
GGATCTAGTATTAAGG-1,3837,1,hg19
GGATGTTCATAGCTGT-1,4328,26,hg19
GGATGTTGTCATCCGG-1,5565,16,hg19
GGATGTTGTGTTACAC-1,3241,8,hg19
GGATGTTTCCACCTGT-1,14225,12,hg19
GGATGTTTCGCGGTAC-1,6476,15,hg19
GGATGTTTCTGCGGAC-1,7082,2,hg19
GGCACGTAGCTGGCTC-1,9756,18,hg19
GGCACGTAGGGAGTGG-1,804,7,hg19
GGCACGTAGTCCCAGC-1,4559,2,hg19
GGCACGTGTACCGCGT-1,2838,3,hg19
GGCACGTGTGCATTTG-1,5644,14,hg19
GGCACGTTCCGTGGCA-1,6144,29,hg19
GGCAGTCAGAGAGGTA-1,913,8,hg19
GGCAGTCCAGAAATCA-1,1237,3,hg19
GGCAGTCCAGTCCCGA-1,34,1637,mm10
GGCAGTCGTACGCGTC-1,805,4,hg19
GGCAGTCGTAGGTAGC-1,1555,36,hg19
GGCAGTCGTTCAGTAC-1,3255,10,hg19
GGCAGTCTCCTAAACG-1,3702,11,hg19
GGCGTCAGTAAGTAGT-1,7039,10,hg19
GGCGTCATCTCAGTCC-1,10673,10,hg19
GGCTGTGAGAGTTCGG-1,2850,20,hg19
GGCTGTGAGCAAGTGC-1,4897,10,hg19
GGCTGTGAGGACTGGT-1,4616,11,hg19
GGCTGTGGTCAAATCC-1,14401,30,hg19
GGCTGTGGTTCTGACA-1,8000,8,hg19
GGCTTGGGTTAGGGAC-1,5074,56,hg19
GGCTTGGTCGCAATGT-1,4861,10,hg19
GGCTTTCAGTTACGGG-1,11210,22,hg19
GGCTTTCCAACACGTT-1,6672,12,hg19
GGCTTTCGTGCGGTAA-1,6757,9,hg19
GGCTTTCGTTGTCCCT-1,1975,39,hg19
GGGAAGTAGACCATGG-1,8345,7,hg19
GGGAAGTGTCACTCGG-1,2336,4,hg19
GGGAAGTGTGATCGTT-1,5198,21,hg19
GGGAAGTGTTCCCAAA-1,7486,6,hg19
GGGAAGTTCCTCACCA-1,3850,9,hg19
GGGAAGTTCTCGTGGG-1,9599,6,hg19
GGGACAAAGAACCGCA-1,7689,32,hg19
GGGACAACAGAGGTTG-1,816,23,hg19
GGGACAAGTCTTTCTA-1,16903,18,hg19
GGGACAAGTGTCACAT-1,4135,5,hg19
GGGACAATCCACATAG-1,507,12,hg19
GGGACAATCGTTGCCT-1,3839,5,hg19
GGGACCTCAATAAGGT-1,4860,10,hg19
GGGACCTCAGAGTGTG-1,7599,11,hg19
GGGACCTGTACGACAG-1,188,4981,mm10
GGGACCTTCCGATGTA-1,3279,10,hg19
GGGACTCAGCCTATTG-1,19978,19,hg19
GGGACTCAGGACAAGA-1,5659,4,hg19
GGGACTCAGGTCACAG-1,10165,7,hg19
GGGACTCGTATTTCTC-1,5503,20,hg19
GGGACTCGTGGCTTGC-1,14594,17,hg19
GGGACTCTCGGCCCAA-1,3594,7,hg19
GGGAGATAGGTTAAAC-1,5225,6,hg19
GGGAGATTCCGCGAGT-1,3323,12,hg19
GGGAGATTCGGTGTAT-1,2634,3,hg19
GGGAGTACACAGTATC-1,4074,7,hg19
GGGAGTACACTGTGAT-1,6712,6,hg19
GGGAGTAGTGTACGCC-1,4372,5,hg19
GGGATCCAGACGCCCT-1,3255,10,hg19
GGGATCCGTCTCGGGT-1,3073,5,hg19
GGGATGAAGCCTTTCC-1,2358,10,hg19
GGGATGACAGGACGAT-1,4764,7,hg19
GGGATGAGTAATGCGG-1,8129,16,hg19
GGGATGAGTATGACAA-1,1786,12,hg19
GGGATGATCCTCGCAT-1,6508,29,hg19
GGGATGATCGGAATGG-1,1911,4,hg19
GGGCCATAGAAGATCT-1,3559,13,hg19
GGGCCATAGTCATGAA-1,3398,7,hg19
GGGCCATCACGCCACA-1,3886,8,hg19
GGGCCATGTTCGTGCG-1,8224,14,hg19
GGGCCATTCAGGAAGC-1,5092,5,hg19
GGGCCATTCTGCGGCA-1,9116,96,hg19
GGGCGTTCAAGCCTGC-1,3835,7,hg19
GGGCGTTGTGGGTCAA-1,7121,8,hg19
GGGCGTTTCTAGAACC-1,8395,8,hg19
GGGCTACCAACAGCCC-1,6606,6,hg19
GGGCTCAAGGGAGTTC-1,4172,7700,Multiplet
GGGCTCAAGTCGGCCT-1,20296,20,hg19
GGGCTCAGTGGTCTTA-1,16887,126,hg19
GGGCTCATCCGGTAAT-1,6088,14,hg19
GGGCTCATCTGCGGGT-1,4187,5,hg19
GGGTAGAAGTCCCGAC-1,9891,12,hg19
GGGTAGAGTCGTGCCA-1,607,2,hg19
GGGTAGAGTGAGTAGC-1,3912,12,hg19
GGGTATTAGCAACCAG-1,20688,20,hg19
GGGTATTCAAGGTTGG-1,4551,5,hg19
GGGTATTGTACGAGCA-1,1871,45,hg19
GGGTATTGTTGTGCAT-1,8170,9,hg19
GGGTATTTCTCAGAAC-1,2885,8,hg19
GGGTCACAGGACAAGA-1,2715,2,hg19
GGGTCACAGTAAATGC-1,3559,25,hg19
GGGTCACCAATAGGAT-1,6850,5,hg19
GGGTCACCACTGTCCT-1,72,4818,mm10
GGGTCACCAGCAGTAG-1,4021,15,hg19
GGGTCACCATGGTGGA-1,13333,7,hg19
GGGTCACGTCAACACT-1,7427,4,hg19
GGGTCACGTCAAGGCA-1,4192,8,hg19
GGGTCACGTCCGTTTC-1,6338,22,hg19
GGGTCACGTCTTTCTA-1,1261,11,hg19
GGGTCACGTGATCGTT-1,2947,7,hg19
GGGTCTGAGACCAAGC-1,3894,6,hg19
GGGTCTGAGTCACGCC-1,615,5,hg19
GGGTCTGCATGGGATG-1,4414,25,hg19
GGGTCTGGTTGGACTT-1,4558,12,hg19
GGGTCTGTCGTGGAAG-1,3914,5,hg19
GGGTGAACATGCAGGA-1,12661,12,hg19
GGGTGAATCTCTTCAA-1,6424,16,hg19
GGGTGTCCAGTCGAGA-1,9900,7,hg19
GGGTGTCTCCATGATG-1,7106,27,hg19
GGGTTATAGCGCTGCT-1,5775,14,hg19
GGGTTATAGGACAGCT-1,3105,10,hg19
GGGTTATGTTACCCAA-1,1325,9,hg19
GGGTTATTCCTCGCAT-1,2098,8,hg19
GGGTTATTCTCGCGTT-1,14479,33,hg19
GGGTTATTCTCTGCCA-1,2208,6,hg19
GGGTTTAAGAGGTTTA-1,1802,4,hg19
GGGTTTAAGCACTGGA-1,2415,23,hg19
GGGTTTAAGGGATCTG-1,3820,5,hg19
GGGTTTACACGCCAGT-1,3458,2,hg19
GGGTTTAGTCCTGGGT-1,5151,17,hg19
GGGTTTAGTTTGTTCT-1,24954,31,hg19
GGTAACTAGTACTGTC-1,1748,5,hg19
GGTAACTAGTGGAATT-1,6180,7,hg19
GGTAACTTCGGTCTAA-1,7918,14,hg19
GGTAATCAGATGGCGT-1,5044,6,hg19
GGTAATCAGCTAGCCC-1,6621,10,hg19
GGTAATCCATAATGCC-1,1594,19,hg19
GGTAATCCATGAGGGT-1,2846,4,hg19
GGTAATCGTAGCTGAG-1,3995,6,hg19
GGTAATCTCGAACACT-1,4298,26,hg19
GGTAGAGCATGACAGG-1,3282,10,hg19
GGTAGAGCATGGGAAC-1,759,60,hg19
GGTAGAGTCCTTCGAC-1,4550,6,hg19
GGTCACGGTATCAGCT-1,8467,32,hg19
GGTCTGGAGCTAGATA-1,502,17,hg19
GGTCTGGAGCTTTCTT-1,6657,14,hg19
GGTCTGGCAATTCTCT-1,7644,11,hg19
GGTCTGGCATCTCCCA-1,2165,4,hg19
GGTCTGGGTTCGTGCG-1,4150,9,hg19
GGTCTGGGTTGGCTAT-1,10037,7,hg19
GGTCTGGGTTTACCAG-1,4001,9,hg19
GGTCTGGTCCCATTCG-1,5441,25,hg19
GGTCTGGTCGATACAC-1,2703,12,hg19
GGTCTGGTCTAGCCAA-1,3818,2,hg19
GGTCTGGTCTTTGCAT-1,1482,7,hg19
GGTGAAGAGCAGTACG-1,2463,31,hg19
GGTGAAGCAAGCCTGC-1,6984,15,hg19
GGTGAAGTCGAGAATA-1,1036,5,hg19
GGTGAAGTCTGGTTGA-1,6129,17,hg19
GGTGATTAGTCGTCTA-1,4076,6,hg19
GGTGATTGTAGTCCTA-1,13323,11,hg19
GGTGATTTCCTCACGT-1,5039,8,hg19
GGTGGCTCAATACCCA-1,4249,5,hg19
GGTGGCTGTACAAAGT-1,720,6,hg19
GGTGGCTGTCACCCTT-1,9213,15,hg19
GGTGGCTTCACTCTTA-1,24518,30,hg19
GGTGGCTTCTTCCCAG-1,108,3521,mm10
GGTGTCGAGCCATGCC-1,55,3141,mm10
GGTGTCGGTCACAGTT-1,2786,6,hg19
GGTGTCGTCAGCGTCG-1,6620,4,hg19
GGTGTCGTCGTAGGGA-1,7100,5,hg19
GGTGTTAAGCCTCGTG-1,1875,62,hg19
GGTGTTAAGTGATGGC-1,759,7,hg19
GGTGTTAGTGCGAACA-1,10452,16,hg19
GGTGTTATCGATACAC-1,1209,8,hg19
GGTGTTATCGCAGTTA-1,4985,4,hg19
GGTTAACAGCAAGCCA-1,9854,15,hg19
GGTTAACAGTGAGGTC-1,5675,16,hg19
GGTTAACCAAGACAAT-1,4094,31,hg19
GGTTAACTCTAGCATG-1,2125,9,hg19
GGTTAACTCTGGAGAG-1,3338,6,hg19
GGTTAACTCTGGTGCG-1,5310,25,hg19
GGTTCTCCAAAGGAGA-1,3477,7,hg19
GGTTCTCGTTCTTGCC-1,3257,5,hg19
GGTTGTAAGAAGTGTT-1,8647,16,hg19
GGTTGTACAAATCCCA-1,7364,14,hg19
GGTTGTACAACATCGT-1,4602,8,hg19
GGTTGTACAACGATCT-1,5122,11,hg19
GTAACACAGCTAGTTC-1,7719,40,hg19
GTAACACCAAGCACAG-1,1499,2,hg19
GTAACACCATGGCTGC-1,1168,5,hg19
GTAACACTCCTACCAC-1,8664,26,hg19
GTAACCAAGCATCAGG-1,7068,9,hg19
GTAACCAAGGATGTTA-1,7036,11,hg19
GTAACCACACGGGCTT-1,2831,34,hg19
GTAAGTCGTACGGTTT-1,2245,5,hg19
GTAAGTCGTAGCGTAG-1,16168,19,hg19
GTAAGTCGTGAGTTTC-1,50,8354,mm10
GTAAGTCGTTGGTGTT-1,14766,16,hg19
GTAAGTCTCGCTAATG-1,38091,19,hg19
GTAAGTCTCGCTACGG-1,2765,9,hg19
GTAATCGGTGGCTAGA-1,2913,5,hg19
GTAATCGGTTCAGCTA-1,9769,5,hg19
GTAATCGTCACCGGGT-1,2042,3,hg19
GTAATCGTCATCTATC-1,5683,10,hg19
GTAATCGTCCAATGCA-1,4555,3,hg19
GTAATCGTCCGAGGCT-1,5528,6,hg19
GTAATGCAGACGGTCA-1,5047,4,hg19
GTAATGCAGACTCGAG-1,3347,4,hg19
GTAATGCAGGTGCATG-1,3847,17,hg19
GTAATGCGTGTTATCG-1,3206,7,hg19
GTACAACCAGCGTTGC-1,5096,14,hg19
GTACAACGTCCTCAGG-1,3842,13,hg19
GTACAACTCACCTTAT-1,6571,11,hg19
GTACAACTCTGCAGCG-1,6370,8,hg19
GTACAGTAGTCTTCCC-1,3767,9,hg19
GTACAGTCAAGAGATT-1,3989,6,hg19
GTACAGTGTCTAACTG-1,8868,9,hg19
GTACAGTTCAATCGGT-1,2482,13,hg19
GTACAGTTCATGGGAG-1,6496,19,hg19
GTACAGTTCCATAAGC-1,6606,76,hg19
GTACAGTTCGGATTAC-1,10962,16,hg19
GTAGAAAAGCATAGGC-1,1647,22,hg19
GTAGAAAGTTAAGAAC-1,5365,6,hg19
GTAGAAAGTTGCATTG-1,6193,49,hg19
GTAGAGGAGCAGAAAG-1,3327,4,hg19
GTAGAGGGTAGGTAGC-1,4344,3,hg19
GTAGAGGTCTGACGCG-1,202,1192,mm10
GTAGATCAGGCGAACT-1,3983,18,hg19
GTAGATCAGGTTAGTA-1,5358,12,hg19
GTAGATCAGTGGACGT-1,2821,10,hg19
GTAGATCCACTTACAG-1,11154,10,hg19
GTAGATCTCATGCCGG-1,6133,7,hg19
GTAGATCTCGATCCAA-1,3239,5,hg19
GTAGATCTCTTTCGAT-1,7720,7,hg19
GTAGCTACAGAGACTG-1,522,7,hg19
GTAGCTACATGACAGG-1,4118,8,hg19
GTAGCTAGTCGAAGCA-1,4849,22,hg19
GTAGCTAGTTAAGGAT-1,6314,6,hg19
GTAGCTATCGACACCG-1,1037,30,hg19
GTAGGAGGTATGTCAC-1,514,10,hg19
GTAGGAGGTCCGGTGT-1,14438,13,hg19
GTAGGAGGTTGCTCCT-1,1096,4,hg19
GTAGGAGTCCACTGGG-1,2377,17,hg19
GTAGGTTCAATAGGAT-1,3088,8,hg19
GTAGGTTCACTGCGTG-1,1166,1,hg19
GTAGGTTCAGCACGAA-1,5949,17,hg19
GTAGGTTTCGAGAGCA-1,5553,7,hg19
GTAGGTTTCTGCTGAA-1,2793,11,hg19
GTAGTACAGCAGCACA-1,3905,10,hg19
GTAGTACAGGATATGT-1,5166,24,hg19
GTAGTACTCGCCGATG-1,3321,0,hg19
GTATTGGCAATAGTGA-1,5622,9,hg19
GTATTGGCATATCTCT-1,2853,56,hg19
GTATTGGCATGGCACC-1,2450,3,hg19
GTATTGGTCGCCTCTA-1,4237,16,hg19
GTATTTCAGATGGTCG-1,6398,6,hg19
GTATTTCAGGTCGACA-1,8081,30,hg19
GTATTTCCAAGACCGA-1,4796,9,hg19
GTATTTCCACGAGGAT-1,1332,951,hg19
GTATTTCGTCTCGGAC-1,3284,6,hg19
GTATTTCGTTATCTGG-1,15370,8,hg19
GTATTTCTCGCCTAGG-1,1278,3,hg19
GTCAAACAGAACCGCA-1,19518,19,hg19
GTCAAACAGTAATTGG-1,2587,3,hg19
GTCAAACCACCCTTGT-1,202,1433,mm10
GTCAAACCATACGCAT-1,6058,13,hg19
GTCAAACGTACCTGTA-1,3379,25,hg19
GTCAAGTAGGGTTTCT-1,8645,21,hg19
GTCAAGTCAACTCCAA-1,2715,7,hg19
GTCAAGTGTACGTAGG-1,4177,15,hg19
GTCAAGTTCATCACAG-1,5189,10,hg19
GTCAAGTTCCTGCCAT-1,4107,16,hg19
GTCACGGCACAAGCAG-1,2920,8,hg19
GTCACGGCACAAGTTC-1,2797,12,hg19
GTCACGGGTAAGCGGT-1,6679,16,hg19
GTCACTCAGAGTGACC-1,1588,8,hg19
GTCACTCAGGATATAC-1,4608,19,hg19
GTCACTCCAACAAAGT-1,4212,8,hg19
GTCACTCCAACACAGG-1,9506,20,hg19
GTCACTCGTCTAATCG-1,9777,30,hg19
GTCACTCGTGCTCGTG-1,6130,20,hg19
GTCAGCGAGCATCCCG-1,4052,10,hg19
GTCAGCGAGTGGTGAC-1,5763,3216,Multiplet
GTCAGCGGTCGCAACC-1,5173,5,hg19
GTCATCCAGGAAAGGT-1,153,12155,mm10
GTCATCCAGGTTGACG-1,3309,3,hg19
GTCATCCCACAGAAGC-1,2095,9,hg19
GTCATCCGTACGACTT-1,17677,19,hg19
GTCATCCGTATGCAAA-1,4661,7,hg19
GTCATCCTCAATCGGT-1,2287,8,hg19
GTCATGACAGAGGACT-1,2099,6,hg19
GTCATGATCGAGGCAA-1,864,2,hg19
GTCATTTGTATGAGCG-1,4225,5,hg19
GTCATTTTCGCGTCGA-1,817,2,hg19
GTCATTTTCTGCATGA-1,6082,15,hg19
GTCCACTAGACTAAGT-1,4867,10,hg19
GTCCACTAGAGGTTTA-1,9272,6,hg19
GTCCACTCAGTCCGTG-1,19813,17,hg19
GTCCACTGTAACTAAG-1,5476,20,hg19
GTCCCATAGACAGTCG-1,4344,8,hg19
GTCCCATAGTTGGACG-1,3440,9,hg19
GTCCCATCAAAGGGCT-1,4295,9,hg19
GTCCCATCATCGGAAG-1,1429,7,hg19
GTCCCATGTCAGGAGT-1,26046,12,hg19
GTCCCATGTCGACTTA-1,5585,10,hg19
GTCCCATGTGGCTGAA-1,803,10,hg19
GTCCCATGTTCGGTAT-1,1492,3,hg19
GTCCCATGTTGGTGTT-1,8285,6,hg19
GTCCCATTCGAGCACC-1,9208,10,hg19
GTCCCATTCTGCTAGA-1,4829,8,hg19
GTCCTCAAGTTCAACC-1,3349,7,hg19
GTCCTCAGTTAGGAGC-1,7754,12,hg19
GTCCTCATCTGCCTGT-1,6002,4,hg19
GTCGAATAGTGTAGTA-1,6790,6,hg19
GTCGAATCACGCTGTG-1,636,1,hg19
GTCGAATGTGGACTAG-1,4322,2,hg19
GTCGAATTCACCTGGG-1,46,2552,mm10
GTCGCGAAGTCATCGT-1,3079,5,hg19
GTCGCGAGTACCAGAG-1,5200,12,hg19
GTCGCGATCTAGAACC-1,10650,20,hg19
GTCGTAAAGAGACAAG-1,2087,7,hg19
GTCGTAACAAATGATG-1,1997,4,hg19
GTCGTAACATACCAGT-1,1223,3,hg19
GTCGTAAGTGAGGCAT-1,837,7,hg19
GTCGTTCAGAGCAACC-1,4480,13,hg19
GTCGTTCAGTTGCATC-1,938,4,hg19
GTCGTTCCAGCGTGCT-1,2829,6,hg19
GTCGTTCGTAGGTAGC-1,4282,9,hg19
GTCGTTCGTATGAGAT-1,1870,1,hg19
GTCGTTCTCAGGGATG-1,1658,1,hg19
GTCTACCAGAGCACTG-1,4558,22,hg19
GTCTACCAGGTAACTA-1,7817,12,hg19
GTCTACCCAAGCAGGT-1,15989,8,hg19
GTCTACCCATCTGTTT-1,1011,22,hg19
GTCTACCCATGCGTGC-1,2948,2,hg19
GTCTACCGTGACGCCT-1,6114,13,hg19
GTCTACCTCCACACCT-1,1308,11,hg19
GTCTACCTCTTAAGGC-1,1430,7,hg19
GTCTAGAAGATCGGTG-1,3568,15,hg19
GTCTAGAAGGAACGTC-1,665,32,hg19
GTCTAGAGTATCTCTT-1,3261,15,hg19
GTCTAGATCTGGTCAA-1,8799,7,hg19
GTCTCACAGCTTAAGA-1,154,5735,mm10
GTCTCACAGGTAGATT-1,4615,5,hg19
GTCTCACGTGGTTTAC-1,3590,12,hg19
GTCTCACTCAACTTTC-1,8706,18,hg19
GTCTCACTCATCCTGC-1,174,11991,mm10
GTCTCACTCCCTATTA-1,7210,8,hg19
GTCTCACTCTCAGGCG-1,2697,8,hg19
GTCTGTCGTCTCGGGT-1,6371,8,hg19
GTCTGTCGTGCCGGTT-1,54,11180,mm10
GTCTGTCTCCAATCTT-1,2856,5,hg19
GTCTTTAAGTCAGGGT-1,5863,21,hg19
GTCTTTACATATCTGG-1,8497,15,hg19
GTCTTTAGTATGCAAA-1,4279,1,hg19
GTCTTTAGTCAAGCCC-1,10914,17,hg19
GTCTTTATCTATCGTT-1,3357,2,hg19
GTGACGCAGAGAACCC-1,799,1,hg19
GTGACGCAGCACGATG-1,5738,7,hg19
GTGACGCCACCCTGAG-1,8519,26,hg19
GTGACGCCAGAAACCG-1,4507,16,hg19
GTGACGCGTCCGAAGA-1,6229,13,hg19
GTGACGCTCACTCCGT-1,12663,56,hg19
GTGACGCTCGCTTGCT-1,5645,13,hg19
GTGAGCCCACATAGCT-1,11058,9,hg19
GTGAGCCGTAGGGAGG-1,4029,8,hg19
GTGAGCCTCAGGAAGC-1,8242,4,hg19
GTGAGGACACTGGATT-1,3470,8,hg19
GTGAGGAGTGCTTATG-1,848,22,hg19
GTGAGGATCCTCCACA-1,1248,12,hg19
GTGAGTTGTAATGCTC-1,8074,15,hg19
GTGAGTTGTCCAGTTA-1,891,15,hg19
GTGAGTTTCATTCATC-1,3231,5,hg19
GTGAGTTTCCGCACTT-1,4831,4,hg19
GTGATGTAGAGGCGGA-1,10507,10,hg19
GTGATGTGTAGGATAT-1,5709,28,hg19
GTGATGTGTATCCTTT-1,688,4,hg19
GTGATGTGTCCCTGTT-1,4887,11,hg19
GTGATGTTCAAGTAAG-1,7598,8,hg19
GTGCACGAGACCTTTG-1,72,1678,mm10
GTGCACGAGCCAGAGT-1,3841,3,hg19
GTGCACGAGCTCAGAG-1,14094,22,hg19
GTGCACGTCCCAAGCG-1,1306,7,hg19
GTGCACGTCCCTTTGG-1,4868,20,hg19
GTGCAGCTCTTGAGCA-1,4470,20,hg19
GTGCGTGGTACTTGTG-1,3172,3,hg19
GTGCGTGGTGGTATGG-1,12621,7,hg19
GTGCGTGTCAACTTTC-1,4781,6,hg19
GTGCGTGTCAATGCAC-1,5744,7,hg19
GTGCGTGTCGGACAAG-1,11320,14,hg19
GTGCTGGAGACCTGGA-1,3424,8,hg19
GTGCTGGCAAAGGTTA-1,4709,7,hg19
GTGCTGGGTGGGATTG-1,5777,4,hg19
GTGCTGGTCCCTCTTT-1,13435,46,hg19
GTGCTTCAGCTGTCCG-1,5934,5,hg19
GTGCTTCCATCCTCAC-1,34,1892,mm10
GTGCTTCGTAGGCAGT-1,2876,5,hg19
GTGCTTCGTGACTAAA-1,4994,7,hg19
GTGCTTCTCACAAGGG-1,89,1121,mm10
GTGGAAGAGGCTCTCG-1,3363,7,hg19
GTGGAAGCAGCCGGTT-1,5204,13,hg19
GTGGAAGCAGGTCAGA-1,4579,2,hg19
GTGGAAGTCATGAAAG-1,5872,5,hg19
GTGGAAGTCCATTTAC-1,3151,9,hg19
GTGGAGACAGTCCCGA-1,4962,6,hg19
GTGGAGAGTATAGCTC-1,5817,10,hg19
GTGGCGTAGGGTTAAT-1,1212,15,hg19
GTGGCGTGTTCATCGA-1,5609,1,hg19
GTGGCGTGTTCGTACA-1,2450,21,hg19
GTGGCGTGTTGCCGCA-1,7154,13,hg19
GTGGGAAAGGACTTCT-1,11875,8,hg19
GTGGGAAAGGCCTTCG-1,2255,18,hg19
GTGGGAAAGTAGCAAT-1,14245,20,hg19
GTGGGAACACACCGCA-1,137,4810,mm10
GTGGTTAAGGGTATAT-1,785,3,hg19
GTGGTTAAGTCAGGGT-1,5730,14,hg19
GTGGTTAGTAGAAACT-1,3905,13,hg19
GTGGTTATCCTTGACC-1,2327,4,hg19
GTGGTTATCTTGGCTC-1,18526,10,hg19
GTGTAACAGAAACCCG-1,3123,16,hg19
GTGTAACAGAGAGGGC-1,884,3,hg19
GTGTAACAGAGGTGCT-1,11740,50,hg19
GTGTAACGTTGAGAGC-1,1006,4,hg19
GTGTAACTCCATATGG-1,3730,8,hg19
GTGTAACTCCTTTGAT-1,7342,53,hg19
GTGTCCTAGAGTTGTA-1,3460,12,hg19
GTGTCCTAGATGATTG-1,78,7665,mm10
GTGTCCTGTGCAACAG-1,4256,3132,Multiplet
GTGTCCTTCCCTGGTT-1,6652,6,hg19
GTGTCCTTCTGTCGCT-1,2388,10,hg19
GTGTGATTCCTCACTG-1,3227,8,hg19
GTGTGATTCTCGAGTA-1,3628,15,hg19
GTGTGATTCTTCGGAA-1,6763,7,hg19
GTGTGGCAGAAGGATG-1,3567,6,hg19
GTGTGGCCAAGGGCAT-1,4697,6,hg19
GTGTGGCCAATTGCGT-1,4003,9,hg19
GTGTGGCCACGCGGTT-1,5564,12,hg19
GTGTGGCCACTCTGCT-1,5990,5,hg19
GTGTGGCGTGCCGTTG-1,4924,3,hg19
GTGTGGCGTGCTGCAC-1,7446,5,hg19
GTGTGGCTCATCGACA-1,5871,11,hg19
GTGTTAGAGATCACCT-1,2700,2,hg19
GTGTTAGAGTTTCAGC-1,600,145,hg19
GTGTTAGCATCTCAAG-1,4432,5,hg19
GTGTTAGTCTTTCAGT-1,5948,5,hg19
GTGTTCCCACGACAGA-1,3011,5,hg19
GTGTTCCCATCCGGCA-1,4084,4,hg19
GTGTTCCGTTGGTGTT-1,2917,2,hg19
GTTACAGAGTAACCGG-1,8261,6,hg19
GTTACAGTCACCTCAC-1,2729,5,hg19
GTTACCCCATCCTTCG-1,3529,4,hg19
GTTACCCGTAATTAGG-1,3335,10,hg19
GTTACCCTCACGACTA-1,5075,7,hg19
GTTACCCTCGATTTCT-1,3766,3,hg19
GTTACGAAGTCATGCT-1,3972,9,hg19
GTTACGATCCGTGTCT-1,1345,2,hg19
GTTACGATCCTAAGTG-1,6532,6,hg19
GTTACGATCGAAACAA-1,96,9570,mm10
GTTACGATCGCGGTAC-1,4869,11,hg19
GTTACGATCTGTACAG-1,12896,22,hg19
GTTAGACAGATGGCAC-1,4133,2,hg19
GTTAGACAGGCCACCT-1,5602,9,hg19
GTTAGACAGTAGCTCT-1,7350,10,hg19
GTTAGACCACATACTG-1,4477,14,hg19
GTTAGACTCCAAACCA-1,5222,8,hg19
GTTAGACTCCGTTGGG-1,3820,10,hg19
GTTAGTGAGCTACTAC-1,2982,1,hg19
GTTAGTGGTAGTGATA-1,3473,13,hg19
GTTAGTGGTAGTGGCA-1,6075,13,hg19
GTTAGTGGTATCGGTT-1,4159,28,hg19
GTTATGGAGCAGCCTC-1,2394,5,hg19
GTTATGGCAACAACAA-1,601,4,hg19
GTTATGGCATAGATGA-1,11794,15,hg19
GTTATGGTCGTCCATC-1,5895,13,hg19
GTTCATTGTAGAGGAA-1,6150,10,hg19
GTTCATTTCACGGAGA-1,14446,4,hg19
GTTCATTTCTAGCCAA-1,4759,10,hg19
GTTCCGTCAACTACGT-1,37,818,mm10
GTTCCGTGTAGGCTGA-1,3554,0,hg19
GTTCGCTAGTAACGAT-1,4839,6,hg19
GTTCGCTCAGGACATG-1,3362,3,hg19
GTTCGCTGTATGACAA-1,2467,5,hg19
GTTCGCTTCTCCGCAT-1,2921,4,hg19
GTTCTATCAATGTCTG-1,6208,46,hg19
GTTCTATCAGAGTTCT-1,7934,12,hg19
GTTCTATGTACGTACT-1,5747,6,hg19
GTTCTATGTCGAGATG-1,11190,28,hg19
GTTCTATGTGCCTTCT-1,14383,21,hg19
GTTCTATGTTTGTTGG-1,3684,15,hg19
GTTCTATTCAGACTGT-1,10317,12,hg19
GTTCTATTCGACATTG-1,27431,16,hg19
GTTCTATTCGGTCACG-1,3961,5,hg19
GTTGAACAGTCTAACC-1,5149,14,hg19
GTTGAACGTCGTTCAA-1,4279,0,hg19
GTTGAACGTTGCCAAT-1,589,4,hg19
GTTGAACTCGGACCAC-1,3374,11,hg19
GTTGAACTCGGTCAGC-1,5792,14,hg19
GTTGCGGAGGTTGAGC-1,3866,6,hg19
GTTGCGGAGTAGTCCT-1,48,3556,mm10
GTTGCGGGTAGGCTCC-1,2119,8,hg19
GTTGCGGGTTCAATCG-1,5714,37,hg19
GTTGCTCAGGTTCATC-1,4157,18,hg19
GTTGCTCCAAAGCACG-1,3733,5,hg19
GTTGCTCTCAGTCATG-1,1224,11,hg19
GTTGCTCTCGAGAATA-1,5024,7,hg19
GTTGCTCTCTTCTTCC-1,573,1577,mm10
GTTGTAGCACTATGTG-1,4089,5,hg19
GTTGTAGCATACCATG-1,21329,17,hg19
GTTGTAGTCCATCAGA-1,2801,5,hg19
GTTGTAGTCGGTCAGC-1,3771,3,hg19
GTTGTCCAGCATCAAA-1,3067,7,hg19
GTTGTCCAGGGATGTC-1,529,2,hg19
GTTGTCCAGTATCTGC-1,2992,9,hg19
GTTGTCCGTACATACC-1,6296,17,hg19
GTTGTGAAGAGAGAAC-1,876,3,hg19
GTTGTGAAGGATCACG-1,3290,5,hg19
GTTGTGAAGTTCATGC-1,16044,13,hg19
GTTGTGACACAATTCG-1,2771,8,hg19
GTTGTGACACGTCTCT-1,2893,43,hg19
GTTGTGAGTTGCTTGA-1,2078,5,hg19
GTTTACTAGGTAATCA-1,10722,17,hg19
GTTTACTGTCTACACA-1,114,3394,mm10
GTTTACTGTTCTGAGT-1,12450,59,hg19
GTTTGGACACCAGCTG-1,2960,7,hg19
GTTTGGACATCCTATT-1,2247,9,hg19
GTTTGGAGTCCATACA-1,8478,48,hg19
GTTTGGAGTTGTAAAG-1,4141,3,hg19
GTTTGGATCGAGTTGT-1,2855,1,hg19
TAACACGAGCCAGTAG-1,8666,8,hg19
TAACACGAGGTTCCGC-1,4478,15,hg19
TAACACGGTAAGGCCA-1,1000,4,hg19
TAACACGTCAAACCCA-1,4688,4,hg19
TAACACGTCTCACTCG-1,3091,7,hg19
TAACCAGCAATCTCTT-1,510,8,hg19
TAACCAGCAGAGTGAC-1,8423,6,hg19
TAACCAGCAGTCGTTA-1,8930,6,hg19
TAACCAGCATTGACAC-1,3381,21,hg19
TAACCAGTCCTATTGT-1,10223,14,hg19
TAACCAGTCGGCTATA-1,14795,15,hg19
TAACCAGTCTCGTTTA-1,3823,7,hg19
TAACGACAGACCAGCA-1,6383,14,hg19
TAACGACCAAGAGAGA-1,4448,12,hg19
TAACGACGTTCTCTAT-1,3693,21,hg19
TAACGACTCGGTTCAA-1,7506,10,hg19
TAACTTCAGGTAAAGG-1,3646,5,hg19
TAACTTCAGTTCATCG-1,7088,14,hg19
TAACTTCCAAATGAGT-1,13136,11,hg19
TAACTTCCAGCTACTA-1,102,3638,mm10
TAAGCACAGAAGGATG-1,5203,5,hg19
TAAGCACAGGGATCTG-1,2907,4,hg19
TAAGCACCACGCGCAT-1,9921,25,hg19
TAAGCACCAGAGATGC-1,3864,4,hg19
TAAGCACGTACCAATC-1,795,14,hg19
TAAGCACGTACCGTGC-1,8550,13,hg19
TAAGCACGTCAGACGA-1,3535,19,hg19
TAAGCACGTGTCATCA-1,2614,5,hg19
TAAGCACTCGAGTGGA-1,5684,34,hg19
TAAGCCAAGATGGGCT-1,5402,7,hg19
TAAGCCACATGTGACT-1,7029,3,hg19
TAAGCCATCCATTGGA-1,5369,12,hg19
TAAGCCATCCCTCATG-1,3072,3,hg19
TAAGCCATCCTGTACC-1,47,2693,mm10
TAAGCCATCGAAGCCC-1,2632,7,hg19
TAAGCGTAGCTGTTAC-1,4789,5,hg19
TAAGCGTAGGATTCCT-1,2712,8,hg19
TAAGCGTCACGGTGCT-1,3819,6,hg19
TAAGCGTCATAGGTAA-1,14569,10,hg19
TAAGCGTCATGCAGCC-1,2670,4,hg19
TAAGCGTGTCAAGGCA-1,2684,36,hg19
TAAGTCGAGTGGTTAA-1,9106,8,hg19
TAAGTCGCAGAACTTC-1,3541,6,hg19
TAAGTCGTCGTGCTCT-1,2561,10,hg19
TAAGTCGTCTTCGTAT-1,6374,7,hg19
TAATCTCAGTGATAAC-1,3708,44,hg19
TAATCTCGTATTGCCA-1,66,6983,mm10
TAATCTCGTGGTCTTA-1,2264,6910,Multiplet
TAATTCCAGCAGTAAT-1,551,10,hg19
TAATTCCAGTCTCCTC-1,1721,7,hg19
TAATTCCTCGAACCAT-1,4864,27,hg19
TAATTCCTCGCCTTGT-1,1998,1,hg19
TAATTCCTCGTGGAAG-1,2462,4,hg19
TAATTCCTCTGGTCAA-1,9066,13,hg19
TAATTCCTCTGTTGGA-1,2988,27,hg19
TAATTCCTCTTGTGCC-1,3342,38,hg19
TACAACGGTCACCGCA-1,4596,52,hg19
TACACCCAGTAGAATC-1,4790,137,hg19
TACACCCCAACCCTAA-1,5804,16,hg19
TACACCCCATGTGTCA-1,10868,13,hg19
TACACCCGTGGACCAA-1,11007,39,hg19
TACACCCTCTACGGGC-1,11347,15,hg19
TACAGGTAGGGTTTCT-1,5076,12,hg19
TACAGGTAGTAAGGGA-1,680,5,hg19
TACAGGTCAGGATCTT-1,5181,4,hg19
TACAGGTGTCTACAGT-1,38934,17,hg19
TACAGGTGTGATGTAA-1,4024,22,hg19
TACAGGTGTTTACCAG-1,14579,86,hg19
TACATTCGTCACTCGG-1,3988,22,hg19
TACCCACCAATACCTG-1,4321,19,hg19
TACCCACGTCTACAAC-1,5863,8,hg19
TACCCACGTTTACCTT-1,6482,6,hg19
TACCCGTAGTCCTGCG-1,1294,4,hg19
TACCCGTCACGGCCAT-1,3160,10,hg19
TACCCGTCAGTTTGGT-1,7218,4,hg19
TACCCGTTCAATGCAC-1,2695,11,hg19
TACCCGTTCGGCACTG-1,6607,14,hg19
TACCGAACAATCGCAT-1,67,4465,mm10
TACCGAACAGTCCCGA-1,5885,10,hg19
TACCGAAGTACCTAGT-1,3372,4,hg19
TACCGGGCAACTGAAA-1,3353,6,hg19
TACCGGGCATGACTGT-1,55,3936,mm10
TACCGGGCATGGCTGC-1,3643,14,hg19
TACCGGGTCAGAACCT-1,3086,7,hg19
TACCTCGGTCGCCACA-1,5865,9,hg19
TACCTCGGTCTAATCG-1,3447,11,hg19
TACCTGCAGTCAATCC-1,3873,24,hg19
TACCTGCAGTGTAGAT-1,3642,5,hg19
TACCTGCGTAGAAACT-1,7693,2,hg19
TACCTGCGTGACGCCT-1,556,2,hg19
TACCTGCTCGGCATAT-1,6485,19,hg19
TACGCTCAGGGCAGAG-1,4553,7,hg19
TACGCTCGTATGTGTC-1,3753,3,hg19
TACGCTCGTTGTAGCT-1,8005,4,hg19
TACGCTCTCCACGTCT-1,10409,23,hg19
TACGCTCTCTACCCAC-1,2869,4,hg19
TACGGGCAGTGAACAT-1,5484,18,hg19
TACGGGCGTCTGGTTA-1,6295,8,hg19
TACGGGCTCCACAGCG-1,3201,9,hg19
TACGGGCTCTCTTCAA-1,7584,23,hg19
TACGGTAAGTCGGCCT-1,3101,5,hg19
TACGGTAGTATCCCAA-1,3623,9,hg19
TACGGTAGTCGATTTG-1,4295,14,hg19
TACGGTAGTTGCATGT-1,4075,8,hg19
TACGGTATCACCACAA-1,1453,3,hg19
TACGTCCAGAGTTCGG-1,5816,7,hg19
TACGTCCAGGCATCAG-1,4032,6,hg19
TACGTCCAGGGCCCTT-1,3104,10,hg19
TACGTCCCAACTTGCA-1,1319,5,hg19
TACGTCCCACTCCGAG-1,7587,5,hg19
TACGTCCTCGCAATGT-1,1175,14,hg19
TACGTCCTCGCCTATC-1,1097,56,hg19
TACGTCCTCTAACGGT-1,5682,21,hg19
TACTGCCGTGCACATT-1,516,9,hg19
TACTGCCTCGAGGCAA-1,8773,41,hg19
TACTTACAGAAATTCG-1,13283,7,hg19
TACTTACAGCCAACCC-1,14353,33,hg19
TACTTACAGCGAGAAA-1,11382,31,hg19
TACTTACCAACCAATC-1,125,5165,mm10
TACTTCACAGAGTCAG-1,4048,6,hg19
TACTTCACAGTCAGTT-1,7028,10,hg19
TACTTCAGTTGCTCGG-1,2072,6,hg19
TACTTGTAGACCTCAT-1,4461,6,hg19
TACTTGTAGATCCAAA-1,14983,18,hg19
TACTTGTGTACGAAAT-1,10987,11,hg19
TACTTGTTCCGAGTGC-1,1286,7,hg19
TACTTGTTCTGAATGC-1,5993,4,hg19
TACTTGTTCTTTGCTA-1,24441,18,hg19
TAGACCACAGCGGTTC-1,5230,6,hg19
TAGACCAGTCCTTTGC-1,6374,15,hg19
TAGACTGCACGAGGAT-1,6521,22,hg19
TAGACTGTCACCTCAC-1,6812,135,hg19
TAGAGTCAGACTCATC-1,2746,10,hg19
TAGAGTCCATTGAAAG-1,4498,17,hg19
TAGAGTCCATTGTAGC-1,4540,10,hg19
TAGAGTCGTTGACTAC-1,1773,2,hg19
TAGATCGAGGATACAT-1,2334,6,hg19
TAGATCGCAACGATCT-1,99,7985,mm10
TAGATCGCACACGGAA-1,2940,8,hg19
TAGATCGCAGCCATTA-1,7198,6,hg19
TAGATCGTCCCGAGTG-1,3734,5,hg19
TAGATCGTCGGCCAAC-1,4812,19,hg19
TAGATCGTCTACTGAG-1,3301,1,hg19
TAGCACAAGCACCCAC-1,3240,20,hg19
TAGCACACACTGGCGT-1,3930,16,hg19
TAGCACAGTATCACCA-1,116,8508,mm10
TAGCACATCACAAGAA-1,3016,9,hg19
TAGCACATCACAGAGG-1,3883,5,hg19
TAGGAGGAGGCGTTAG-1,740,9,hg19
TAGGAGGTCTTGCAGA-1,2934,2,hg19
TAGGGTTAGCAGGCAT-1,2612,6,hg19
TAGGGTTCACGAGGTA-1,5234,7,hg19
TAGGGTTGTTAAGACA-1,3824,46,hg19
TAGGGTTGTTGTGTAC-1,2257,5,hg19
TAGGGTTTCACATCAG-1,561,6,hg19
TAGGTACAGAGCTTTC-1,15641,15,hg19
TAGGTACAGTAGTGCG-1,1678,3243,Multiplet
TAGGTACAGTGAGCCA-1,6697,19,hg19
TAGGTACCAAGTCGTT-1,2371,9,hg19
TAGGTACTCACTCACC-1,39,2210,mm10
TAGGTACTCTGAATGC-1,2294,5,hg19
TAGGTTGAGGCCATAG-1,8314,8,hg19
TAGGTTGCAAATGCGG-1,4787,12,hg19
TAGGTTGCATTCATCT-1,890,24,hg19
TAGGTTGGTCGGTAAG-1,3595,2,hg19
TAGGTTGGTGCAGATG-1,1828,6,hg19
TAGGTTGTCTCACCCA-1,65,3361,mm10
TAGTGCACAGTAACGG-1,3275,10,hg19
TAGTGCACATAGATCC-1,4172,12,hg19
TAGTGCAGTCTTTATC-1,1993,2,hg19
TAGTGCAGTTCTTGCC-1,23812,17,hg19
TATACCTCACCGTCTT-1,9915,29,hg19
TATACCTGTAGACGGT-1,4918,6,hg19
TATACCTTCAACCGAT-1,4413,9,hg19
TATATCCAGAACAAGG-1,8770,11,hg19
TATATCCCAGACGCTC-1,5064,17,hg19
TATATCCCAGCAGACA-1,946,33,hg19
TATATCCTCTACTTCA-1,12220,13,hg19
TATCAGGAGACTAAGT-1,4190,7,hg19
TATCAGGAGTCGAATA-1,4056,17,hg19
TATCAGGCAGTTTCGA-1,5094,18,hg19
TATCAGGTCCTCTCTT-1,9620,13,hg19
TATCAGGTCTTTCTAG-1,5324,12,hg19
TATCCTAGTAAGATTG-1,4838,5,hg19
TATCCTAGTGAATAAC-1,3939,6,hg19
TATCCTATCATTGCCC-1,8695,16,hg19
TATCGCCCAGGTGACA-1,5662,5,hg19
TATCGCCGTGGCTGAA-1,11581,17,hg19
TATCGCCTCATTCACT-1,4218,10,hg19
TATCGCCTCGGAAACG-1,6781,7,hg19
TATCTGTTCCGGTTCT-1,9331,25,hg19
TATCTGTTCGCTGATA-1,3286,75,hg19
TATCTTGAGGATGAGA-1,123,932,mm10
TATCTTGCATGGCCCA-1,213,6171,mm10
TATCTTGGTGAGGCAT-1,3347,10,hg19
TATCTTGGTTCCACAA-1,4920,19,hg19
TATCTTGGTTGGTAGG-1,3959,4,hg19
TATCTTGTCACTTCTA-1,4555,11,hg19
TATGTTCAGAGCATAT-1,34775,37,hg19
TATGTTCAGCGTGTTT-1,5183,5,hg19
TATGTTCCAAAGGTTA-1,3380,6,hg19
TATGTTCCAATGCAAA-1,5443,10,hg19
TATGTTCGTGAAAGTT-1,10901,14,hg19
TATGTTCTCACCTTAT-1,3308,7,hg19
TATTCCAAGAAACACT-1,1747,4,hg19
TATTCCACAGCAATTC-1,4218,7,hg19
TATTCCAGTCTACGTA-1,81,4429,mm10
TATTGCTAGGCCTTCG-1,18247,32,hg19
TATTGCTCAAGAGGTC-1,3029,4,hg19
TATTGCTCACCTGAAT-1,6666,24,hg19
TATTGCTCAGAGACTG-1,1706,2,hg19
TATTGCTCATTCTGTT-1,5045,13,hg19
TATTGCTTCAAGAGTA-1,7469,13,hg19
TATTGCTTCCTTGACC-1,4852,164,hg19
TATTGCTTCGTTCGCT-1,1797,5,hg19
TATTGGGAGTGTAGTA-1,8627,8,hg19
TATTGGGCAGAACCGA-1,6155,9,hg19
TATTGGGCAGAGATTA-1,4015,12,hg19
TATTGGGGTATATGGA-1,5597,9,hg19
TATTGGGGTGTATTCG-1,4013,6,hg19
TATTGGGGTTCTATCT-1,2953,46,hg19
TATTGGGTCCTCACCA-1,2441,6,hg19
TATTGGGTCGATCCCT-1,5456,6,hg19
TATTGGGTCTCTTGCG-1,7481,4,hg19
TATTGGGTCTTTCTAG-1,4656,4,hg19
TATTTCGCAATAACCC-1,3241,12,hg19
TCAAGACAGGATCACG-1,2894,5,hg19
TCAAGACGTACCTGTA-1,4939,15,hg19
TCAAGACGTCGGCACT-1,46,1268,mm10
TCAAGACGTGCGTTTA-1,7359,10,hg19
TCAAGACGTGTGTGGA-1,7264,20,hg19
TCAAGACTCCGCACGA-1,3885,17,hg19
TCAAGCAAGCCAGACA-1,5979,12,hg19
TCAAGCAAGCCGTCGT-1,1567,4,hg19
TCAAGCACAGCTTTCC-1,7247,12,hg19
TCAAGCACATGACTAC-1,4186,15,hg19
TCAAGCAGTGCATCTA-1,2939,46,hg19
TCAAGCATCAACTACG-1,7823,16,hg19
TCAAGTGCACGTCTCT-1,3233,12,hg19
TCAAGTGCATCTGCGG-1,5412,4,hg19
TCAAGTGGTACCAGAG-1,3193,6,hg19
TCAAGTGGTCCAAATC-1,653,5,hg19
TCAAGTGGTCTCAGAT-1,569,0,hg19
TCAAGTGTCCGTGTCT-1,2231,4,hg19
TCAATCTAGCTCTGTA-1,3970,10,hg19
TCAATCTCAATCGCAT-1,1553,12,hg19
TCAATCTGTATACCCA-1,1665,9,hg19
TCAATTCGTATCAGCT-1,7114,11,hg19
TCAATTCGTCCTACAA-1,4619,9,hg19
TCAATTCTCAGGGATG-1,4672,8,hg19
TCAATTCTCTCCGATC-1,6447,15,hg19
TCAATTCTCTGTCCCA-1,5427,19,hg19
TCACAAGAGTAATACG-1,5300,15,hg19
TCACAAGAGTGCACCC-1,3154,5,hg19
TCACAAGCAAAGCTAA-1,4240,5,hg19
TCACAAGCAAGCGCTC-1,116,8595,mm10
TCACAAGCAGACCAGA-1,4915,19,hg19
TCACAAGCAGAGAAAG-1,4625,5,hg19
TCACAAGGTTCCGCGA-1,5272,10,hg19
TCACAAGTCACATTGG-1,11641,5,hg19
TCACAAGTCACGGGAA-1,9986,10,hg19
TCACACCCACCGCTAG-1,8344,15,hg19
TCACACCGTGACATCT-1,3936,8,hg19
TCACACCTCAAGCTTG-1,1574,3,hg19
TCACACCTCATGGAGG-1,4670,85,hg19
TCACACCTCTGCCTCA-1,4402,16,hg19
TCACACCTCTGCGAGC-1,4653,3,hg19
TCACATTCAATAAGGT-1,2272,11,hg19
TCACATTCACTACAGT-1,6206,11,hg19
TCACATTGTATCCCTC-1,16556,40,hg19
TCACGCTAGGAGACCT-1,6787,10,hg19
TCACGCTAGTTACGGG-1,3399,15,hg19
TCACGCTCAGGATTCT-1,4734,27,hg19
TCACGCTCATGACGTT-1,11850,16,hg19
TCACGCTTCATTCATC-1,8905,34,hg19
TCACGCTTCGACGCTG-1,4650,14,hg19
TCACGCTTCGTCGGGT-1,13569,10,hg19
TCACGGGAGGATTCCT-1,11624,18,hg19
TCACGGGCACATGAAA-1,5871,13,hg19
TCACTATAGAACTGAT-1,1239,1,hg19
TCACTATAGAGAGGTA-1,3718,17,hg19
TCACTATAGTGCACCC-1,2022,10,hg19
TCACTATCACGACGAA-1,3228,13,hg19
TCACTATCAGTCGTTA-1,4255,7,hg19
TCACTATGTTTACTTC-1,787,3,hg19
TCACTCGAGCAGATAT-1,6766,22,hg19
TCACTCGAGGCTAAAT-1,15910,41,hg19
TCACTCGCAGCAGTCC-1,5432,3,hg19
TCACTCGGTGGTTTGT-1,3076,27,hg19
TCACTCGTCACGTCCT-1,4903,4,hg19
TCAGCAAAGGTGCGAT-1,3353,15,hg19
TCAGCAAGTTATGGTC-1,5134,6,hg19
TCAGCAATCACTAGCA-1,4990,7,hg19
TCAGCAATCTGTTGGA-1,3298,16,hg19
TCAGCCTAGTCCCAAT-1,8734,5,hg19
TCAGCCTGTTATAGCC-1,3974,6,hg19
TCAGGGCGTAGCTTGT-1,1526,8,hg19
TCAGGGCGTCTGTGTA-1,1173,10,hg19
TCAGGTAAGGATACAT-1,4808,6,hg19
TCAGGTACAAATAAGC-1,4819,35,hg19
TCAGGTAGTCACCGCA-1,9727,22,hg19
TCAGGTATCACCGGGT-1,2373,3,hg19
TCAGTCCAGAAGTATC-1,3451,7,hg19
TCAGTCCGTGGGTATG-1,6075,6,hg19
TCAGTCCGTTTGGGTT-1,4011,20,hg19
TCAGTCCTCGATTGAC-1,3186,5,hg19
TCAGTCCTCGCAGTTA-1,3732,16,hg19
TCAGTGACAAATGAAC-1,4373,9,hg19
TCAGTGAGTACAGTAA-1,3167,6,hg19
TCAGTGAGTATCGGTT-1,5811,12,hg19
TCAGTGAGTCAGTTTG-1,5560,7,hg19
TCAGTGAGTTAGGACG-1,2430,3,hg19
TCAGTGAGTTCAGCTA-1,2607,7,hg19
TCAGTGATCTGTTGGA-1,6769,7,hg19
TCAGTTTCAGTACTAC-1,5887,21,hg19
TCAGTTTTCTGTACAG-1,5080,5,hg19
TCATACTCAGAGGACT-1,6099,19,hg19
TCATACTGTCTTGAAC-1,5443,8,hg19
TCATACTGTGGGACAT-1,45,2481,mm10
TCATATCAGGGTAATT-1,859,1,hg19
TCATATCCAATTGTGC-1,6972,45,hg19
TCATATCCACTAGTAC-1,2604,80,hg19
TCATATCGTATTCTCT-1,5282,5,hg19
TCATATCGTCCTCCAT-1,3371,7,hg19
TCATATCGTGGTCAAG-1,5099,11,hg19
TCATCATAGTGGTTGG-1,10977,19,hg19
TCATCATGTCTGTGCG-1,8046,7,hg19
TCATCATGTGACCTGC-1,6944,14,hg19
TCATCCGGTTCTCCAC-1,5957,23,hg19
TCATCCGTCTATACGG-1,3474,12,hg19
TCATCCGTCTGATGGT-1,4412,7,hg19
TCATGAGAGAATCTAG-1,7500,36,hg19
TCATGAGAGGCAGCTA-1,2115,4,hg19
TCATGAGCAAGATCCT-1,5097,15,hg19
TCATGAGCAATTTCCT-1,8099,12,hg19
TCATGAGGTCTTGTCC-1,2535,5,hg19
TCATGAGTCCGGGACT-1,6287,15,hg19
TCATGAGTCGCGGACT-1,2631,3,hg19
TCATGCCAGCTGAGTG-1,44,4300,mm10
TCATGCCAGTCATTGC-1,1694,6,hg19
TCATGCCAGTTGCGCC-1,4289,5,hg19
TCATGCCCAATCTCTT-1,19589,34,hg19
TCATGCCCACGATTCA-1,7493,27,hg19
TCATGCCCATTGAGGG-1,5275,5,hg19
TCATGCCGTTTCGCTC-1,10878,38,hg19
TCATGGACAATCAAGA-1,5245,7,hg19
TCATGGACAGACGCTC-1,5887,8,hg19
TCATGGATCCTATTTG-1,38814,27,hg19
TCATGTTAGCACTCTA-1,3918,6,hg19
TCATGTTAGCCTTCTC-1,1225,4,hg19
TCATGTTAGTCTAGAA-1,4563,9,hg19
TCATGTTCAGGCTATT-1,4620,19,hg19
TCATGTTCAGGTACGA-1,1180,6,hg19
TCATTACCAACTCGTA-1,7072,42,hg19
TCATTACGTATGTCCA-1,13795,24,hg19
TCATTACTCCGTGGTG-1,4454,23,hg19
TCATTACTCCTAGCTC-1,5367,26,hg19
TCATTACTCGAATGCT-1,5751,5,hg19
TCATTCAAGACAGCGT-1,2229,4,hg19
TCATTCACACCGGTCA-1,4620,6,hg19
TCATTCAGTCTACAGT-1,5351,11,hg19
TCATTGTAGTCTTCGA-1,5526,17,hg19
TCATTGTAGTGCGACA-1,35,2289,mm10
TCATTGTAGTGCGTCC-1,19952,18,hg19
TCATTGTGTTGAATCC-1,12513,11,hg19
TCATTGTTCGGCGATC-1,2420,5,hg19
TCATTTGAGTTAACAG-1,14206,28,hg19
TCATTTGCAGCTAACT-1,3252,14,hg19
TCATTTGGTTCGAACT-1,1940,8,hg19
TCATTTGTCATCGGGC-1,2366,11,hg19
TCATTTGTCCTCGCAT-1,3294,11,hg19
TCATTTGTCTGCCTCA-1,4705,6,hg19
TCCACCAAGTCACACT-1,2150,453,hg19
TCCACCACATAGGTAA-1,1347,6,hg19
TCCACCAGTAGGACCA-1,5343,3,hg19
TCCACCAGTATGAGGC-1,997,5,hg19
TCCACCAGTCAGACTT-1,7526,20,hg19
TCCACCAGTCCAAAGG-1,3615,3691,Multiplet
TCCACCATCCTCATAT-1,14657,8,hg19
TCCACGTAGGAAGTCC-1,2897,8,hg19
TCCACGTCATATGGCT-1,5031,14,hg19
TCCACGTGTGTTACAC-1,5049,10,hg19
TCCACGTTCGTTGTAG-1,3355,8,hg19
TCCAGAATCAAACGAA-1,5729,9,hg19
TCCATCGCAATAGTCC-1,2074,2,hg19
TCCATCGGTAACATAG-1,1510,3,hg19
TCCATCGGTACAGAAT-1,6367,25,hg19
TCCATGCAGAACCGCA-1,2738,11,hg19
TCCATGCAGGGTCACA-1,3547,5,hg19
TCCATGCCACCGGCTA-1,5492,8,hg19
TCCCACAAGACGGTTG-1,748,3,hg19
TCCCACACAACAGCCC-1,3151,13,hg19
TCCCACACATGCAGGA-1,6857,11,hg19
TCCCACATCAAGGAGC-1,11023,29,hg19
TCCCACATCCTAGAGT-1,8574,7,hg19
TCCCACATCGCTGTTC-1,3853,4,hg19
TCCCACATCTGAGTCA-1,3312,13,hg19
TCCCAGTCATCGAACT-1,4345,7,hg19
TCCCAGTGTACGATCT-1,4128,5,hg19
TCCCAGTGTCTAGGTT-1,3230,5,hg19
TCCCAGTTCCTTCACG-1,3658,7,hg19
TCCCAGTTCTGGACCG-1,7170,45,hg19
TCCCATGCAAGGGCAT-1,4495,7,hg19
TCCCATGCACTGGACC-1,5625,14,hg19
TCCCATGGTAAGGTCG-1,7919,3,hg19
TCCCATGTCCCAAGTA-1,1522,8,hg19
TCCCATGTCTATTTCG-1,2305,4,hg19
TCCGAAAAGGCTTAGG-1,5236,4,hg19
TCCGAAACAAACCATC-1,1014,5,hg19
TCCGAAACACGTCATA-1,7011,33,hg19
TCCGAAACATCGATGT-1,3366,11,hg19
TCCGAAAGTTAACCTG-1,2744,4,hg19
TCCGAAATCAGTAGGG-1,4453,4,hg19
TCCGAAATCTGCCTCA-1,5486,28,hg19
TCCGATCAGGTAATCA-1,3991,3,hg19
TCCGATCGTATGAGGC-1,1734,11,hg19
TCCGATCGTTACGTAC-1,4649,8,hg19
TCCGGGAAGAAGGTAG-1,7931,4,hg19
TCCGGGAAGGGCAAGG-1,3957,311,hg19
TCCGGGAAGTGCGTCC-1,2270,4,hg19
TCCGGGACATCGTGGC-1,2731,4,hg19
TCCGGGAGTGCCGAAA-1,2184,4,hg19
TCCGGGATCTGAACGT-1,3020,8,hg19
TCCGTGTCAACACACT-1,9635,10,hg19
TCCGTGTGTAGACACG-1,5629,8,hg19
TCCGTGTTCACCCTCA-1,4861,5,hg19
TCCGTGTTCTGCGTCT-1,3203,5,hg19
TCCTAATAGGGTAATT-1,2398,41,hg19
TCCTAATCAGGCATGA-1,10813,9,hg19
TCCTAATGTCCGGTGT-1,2047,6,hg19
TCCTCCCAGGGATCTG-1,4795,19,hg19
TCCTCCCCACTTGACA-1,20923,56,hg19
TCCTCCCCATCGGAAG-1,761,4,hg19
TCCTCCCCATGTGGCC-1,4239,23,hg19
TCCTCCCGTGAATTAG-1,4811,6,hg19
TCCTCCCTCATAAGGA-1,3861,15,hg19
TCCTCGAAGACATCAA-1,1940,8,hg19
TCCTCGAAGCCTCTTC-1,1307,3,hg19
TCCTCGACATGCCATA-1,8354,8,hg19
TCCTCGAGTCACGACC-1,2442,4,hg19
TCCTCGAGTGGATCGA-1,9902,16,hg19
TCCTCGATCAGACCTA-1,2440,13,hg19
TCCTCTTAGCCATTTG-1,1484,21,hg19
TCCTCTTCAGCGGTCT-1,185,2710,mm10
TCCTCTTGTCAACATC-1,4864,14,hg19
TCCTCTTGTCATCCGG-1,10505,6,hg19
TCCTCTTGTGGCTCTG-1,881,7,hg19
TCCTGCAAGGGCAATC-1,370,11641,mm10
TCCTGCACACTTCCTG-1,2813,12,hg19
TCCTGCAGTAACACGG-1,9709,18,hg19
TCCTGCAGTATTGAGA-1,6272,4,hg19
TCCTGCAGTATTTCGG-1,5950,4,hg19
TCCTGCATCCCTCATG-1,2677,12,hg19
TCCTTCTAGGTAAGTT-1,10001,3,hg19
TCCTTCTAGTTACGAA-1,5048,28,hg19
TCCTTCTCAGAACTTC-1,7877,54,hg19
TCCTTCTTCCATACTT-1,2594,10,hg19
TCCTTCTTCGACGTCG-1,7587,13,hg19
TCCTTCTTCGAGTGGA-1,3053,5,hg19
TCCTTCTTCGCCCAGA-1,5657,10,hg19
TCCTTTCAGGGTAATT-1,2787,6,hg19
TCCTTTCGTTGGTACT-1,3247,3,hg19
TCGAACAAGAAGTCTA-1,7357,6864,Multiplet
TCGAACAAGAGGGCGA-1,5045,6,hg19
TCGAACACACTCCGAG-1,5949,8,hg19
TCGAACACATCGTCCT-1,6665,9,hg19
TCGAACATCAAGTGTC-1,4731,9,hg19
TCGAACATCTGCTCTG-1,8150,9,hg19
TCGAAGTAGGGATCAC-1,10745,8,hg19
TCGAAGTAGTTAGTAG-1,13254,22,hg19
TCGAAGTGTATCACCA-1,5347,13,hg19
TCGAAGTGTCTCACGG-1,15036,16,hg19
TCGAAGTGTGTCCAAT-1,2817,0,hg19
TCGACCTGTAGCCAGA-1,2620,6,hg19
TCGACCTGTGCCTATA-1,6336,23,hg19
TCGACCTTCGACGTCG-1,6144,32,hg19
TCGACGGGTGTAAACA-1,3664,4,hg19
TCGACGGTCACAAGAA-1,567,16,hg19
TCGATTTTCCCGAGAC-1,4712,10,hg19
TCGCACTAGTGATAAC-1,11906,15,hg19
TCGCACTGTATCCTTT-1,65,5047,mm10
TCGCACTTCACTGGTA-1,6138,20,hg19
TCGCAGGAGCTGAAGC-1,2743,2,hg19
TCGCAGGAGGATTTGA-1,3514,1,hg19
TCGCAGGAGGGATCAC-1,15218,19,hg19
TCGCAGGCACGCGTCA-1,8738,9,hg19
TCGCAGGCAGTAGGAC-1,5088,13,hg19
TCGCTCAAGCCTGTCG-1,2363,3,hg19
TCGCTCAAGGTCATCT-1,10751,12,hg19
TCGCTCACAACCGCTG-1,3015,5,hg19
TCGCTCAGTACGGTTT-1,4063,13,hg19
TCGCTCAGTGGCAGAT-1,4205,12,hg19
TCGCTTGCACTACACA-1,12106,14,hg19
TCGCTTGCAGACACAG-1,4946,8,hg19
TCGGATAGTGAATATG-1,4696,5,hg19
TCGGATAGTGCACGCT-1,2492,4,hg19
TCGGATAGTTTAGTCG-1,2831,6320,Multiplet
TCGGATATCGACATAC-1,15152,15,hg19
TCGGGCAAGTTTAGGA-1,6724,12,hg19
TCGGGCACAGTGTGCC-1,2524,7,hg19
TCGGGCATCGCGCCAA-1,11705,93,hg19
TCGGGTGTCTTCTGTA-1,2330,5,hg19
TCGGTCTAGGCACAAC-1,683,10,hg19
TCGGTCTAGGGAGGGT-1,2362,6,hg19
TCGGTCTAGTGTAGAT-1,2095,7,hg19
TCGGTCTTCAGAGTTC-1,548,85,hg19
TCGGTCTTCCGTGCGA-1,5797,2,hg19
TCGTAGAAGGTTCAGG-1,2782,6,hg19
TCGTAGAGTCCTCCTA-1,3750,4,hg19
TCGTCCAAGCTACGTT-1,1698,5,hg19
TCGTCCAGTAATGTGA-1,5016,6,hg19
TCGTCCATCTGATTCT-1,538,17,hg19
TCGTGCTAGAGATTCA-1,3257,19,hg19
TCGTGCTCATGTTTGG-1,6579,11,hg19
TCGTGCTTCTGAGAGG-1,3726,3,hg19
TCGTGGGAGAGATCGC-1,5822,10,hg19
TCGTGGGCACTCCGGA-1,9585,5,hg19
TCGTGGGTCATGGGAG-1,10082,11,hg19
TCTAACTCAACCGACC-1,5326,16,hg19
TCTAACTGTCTCCCTA-1,1400,11,hg19
TCTAACTTCAAGGACG-1,646,64,hg19
TCTAACTTCGACATCA-1,3708,6,hg19
TCTACATAGACTCATC-1,3527,48,hg19
TCTACATAGCCTGTCG-1,5943,7,hg19
TCTACATCAGGATTCT-1,17423,41,hg19
TCTACATGTCGTCATA-1,1820,2,hg19
TCTACATTCTTGGAAC-1,4116,14,hg19
TCTACCGAGAGCACTG-1,2329,13,hg19
TCTACCGAGGTAAGTT-1,5806,37,hg19
TCTACCGAGGTTGACG-1,3036,6,hg19
TCTACCGCAACTTGGT-1,3775,6,hg19
TCTACCGGTTCGGTTA-1,25163,18,hg19
TCTACCGGTTGAATCC-1,19010,17,hg19
TCTATACGTAGACAGC-1,3557,197,hg19
TCTATACTCAGGGATG-1,5019,14,hg19
TCTATACTCCTACACC-1,7512,10,hg19
TCTATACTCGAGCCTG-1,5472,4,hg19
TCTATCAAGCGATGCA-1,4335,8,hg19
TCTATCAGTACTGGGA-1,4765,2,hg19
TCTATCAGTTTACTTC-1,233,25188,mm10
TCTATCATCCACAGCG-1,3079,14,hg19
TCTATCATCCATAAGC-1,5500,8,hg19
TCTATCATCGAGAGCA-1,12276,13,hg19
TCTATCATCGGCCTTT-1,743,5,hg19
TCTATCATCTGGTCAA-1,6973,6,hg19
TCTCACGAGGCTGGAT-1,3135,7,hg19
TCTCACGAGGTTGCCC-1,3083,10,hg19
TCTCACGCAAGATGGC-1,7424,7,hg19
TCTCACGGTAATTAGG-1,3448,3,hg19
TCTCACGTCACAAGGG-1,9984,23,hg19
TCTCAGCCAAGACCGA-1,3049,10,hg19
TCTCAGCCACAAATGA-1,1320,13,hg19
TCTCAGCCATGACCCG-1,7990,11,hg19
TCTCAGCGTAGACAAT-1,11465,15,hg19
TCTCAGCTCGTGTCAA-1,3513,7,hg19
TCTCAGCTCTCTTAAC-1,5606,14,hg19
TCTCCGAAGCGTGTCC-1,2897,5,hg19
TCTCCGAAGGATATGT-1,4030,7,hg19
TCTCCGAAGGCGCTCT-1,5643,6,hg19
TCTCCGAAGGCTCCCA-1,3042,6,hg19
TCTCCGAAGGTCACCC-1,3366,5,hg19
TCTCCGAGTATCTTCT-1,3790,41,hg19
TCTCCGAGTGGTACAG-1,6917,9,hg19
TCTCCGAGTGTCCGTG-1,2914,5,hg19
TCTCCGATCGGTAGGA-1,4510,20,hg19
TCTCCGATCTAACGCA-1,11770,25,hg19
TCTCTGGGTGGATTTC-1,6405,28,hg19
TCTCTGGTCTAAGGAA-1,3937,10,hg19
TCTGCCAAGGGAGGAC-1,2437,7,hg19
TCTGCCAAGTAAGCAT-1,9860,6,hg19
TCTGCCACAACATCGT-1,7660,14664,Multiplet
TCTGCCACAAGTATCC-1,281,5175,mm10
TCTGCCAGTCGGAACA-1,4335,1,hg19
TCTGCCATCATACAGC-1,1997,8,hg19
TCTGCCATCGTTATCT-1,1931,5,hg19
TCTGCCATCTCGTGAA-1,6495,10,hg19
TCTGGCTAGCGAGTCA-1,1412,11,hg19
TCTGGCTCATAATCGC-1,7362,4,hg19
TCTGGCTCATGCCATA-1,901,24,hg19
TCTGGCTGTACTAACC-1,3895,6,hg19
TCTGGCTGTACTGAGG-1,1733,8,hg19
TCTGGCTGTGCCCAGT-1,4816,7,hg19
TCTGGCTGTTGTGTAC-1,101,3305,mm10
TCTGTCGCATGGCTGC-1,4429,3,hg19
TCTGTCGTCCAAGCAT-1,4164,11,hg19
TCTGTCGTCTCCGTGT-1,2007,13,hg19
TCTTAGTTCTTCGCTG-1,6720,4,hg19
TCTTCCTAGCTGCCTG-1,2425,6,hg19
TCTTCCTAGCTGTACT-1,12688,40,hg19
TCTTCCTAGGGCGAAG-1,756,9,hg19
TCTTCCTCATGTTCGA-1,24637,20,hg19
TCTTCCTGTTCCAGGC-1,8110,25,hg19
TCTTCCTGTTGCACGC-1,1114,23,hg19
TCTTCCTTCGCGGACT-1,997,6,hg19
TCTTGCGAGGTCATTC-1,4543,6,hg19
TCTTGCGGTTGAAGTA-1,7572,63,hg19
TCTTGCGTCCAAGAGG-1,1170,3,hg19
TCTTTGAAGACCTTTG-1,5276,8,hg19
TCTTTGAAGTTGCGAG-1,2889,14,hg19
TCTTTGATCAACACCA-1,1718,9,hg19
TCTTTGATCGTCGACG-1,807,3,hg19
TGAACGTAGGCGAACT-1,2238,7,hg19
TGAACGTAGGTGATAT-1,1608,8,hg19
TGAACGTTCGTGCTCT-1,906,7,hg19
TGAATCGAGCCTGCCA-1,5147,9,hg19
TGAATCGAGCGGTAGT-1,7118,11,hg19
TGAATCGAGGGCCTCT-1,4306,3,hg19
TGAATCGGTAAGCGGT-1,6399,32,hg19
TGAATCGGTACCCAGC-1,15584,16,hg19
TGAATCGGTCAAAGTA-1,3830,8,hg19
TGAATCGGTGATGAAT-1,6932,9,hg19
TGAATCGGTGGAGGTT-1,14206,19,hg19
TGAATCGTCTGGCTGG-1,2174,7,hg19
TGAATGCAGCAGATAT-1,3435,6,hg19
TGAATGCAGGACATCG-1,1583,12,hg19
TGAATGCGTGGCTAGA-1,1761,11,hg19
TGAATGCTCTAGTACG-1,713,186,hg19
TGACAGTTCAATCCAG-1,3919,4,hg19
TGACCCTCAGCAATTC-1,8041,10,hg19
TGACCCTCATGGCCAC-1,8692,7,hg19
TGACCCTGTATTGGCT-1,3381,7,hg19
TGACCCTGTGTCTAAC-1,4844,9,hg19
TGACGCGAGCTAATCC-1,5555,17,hg19
TGACGCGGTATGCTTG-1,1997,78,hg19
TGACGCGGTTTAGAGA-1,4586,4,hg19
TGACTCCTCTTTGGAG-1,4949,5,hg19
TGAGACTCACATCCCT-1,4270,26,hg19
TGAGCATCAGCGTATT-1,9138,8,hg19
TGAGCATGTATAGCTC-1,3530,2,hg19
TGAGCATTCACGGGCT-1,2441,6,hg19
TGAGCATTCATTCTTG-1,6271,10,hg19
TGAGCATTCGGTGAAG-1,5759,14,hg19
TGAGCGCCACGGGCTT-1,27521,27,hg19
TGAGCGCCATTGGGAG-1,5000,4,hg19
TGAGCGCGTAACATCC-1,5833,5,hg19
TGAGCGCGTGGAATGC-1,18,589,mm10
TGAGCGCTCCTTCTTC-1,6593,19,hg19
TGAGGAGCATGGCTAT-1,514,6,hg19
TGAGGAGTCGGAGATG-1,6312,18,hg19
TGAGGGACAGCTACAT-1,7438,4,hg19
TGAGGGATCGTAATGC-1,2448,7,hg19
TGAGGTTCAAGTCCCG-1,5157,41,hg19
TGAGGTTCAATACCTG-1,8660,22,hg19
TGAGGTTGTTGTATGC-1,37,4922,mm10
TGAGTCATCAAAGAAC-1,6736,15,hg19
TGAGTCATCATGCGGC-1,4390,2,hg19
TGAGTCATCCGCAGTG-1,6474,6,hg19
TGATCAGAGCAACTCT-1,2187,7,hg19
TGATCAGAGCTACTGT-1,4798,12,hg19
TGATCAGCAAACTAGA-1,4283,4,hg19
TGATCAGGTCAAGGCA-1,5219,11,hg19
TGATCAGTCCACGGGT-1,5114,10,hg19
TGATCTTAGAGGTGCT-1,10274,26,hg19
TGATCTTCAAAGTATG-1,15214,12,hg19
TGATCTTCAGCAGTGA-1,3913,21,hg19
TGATCTTCAGGCCCTA-1,17945,29,hg19
TGATCTTGTCCACTTC-1,4111,7,hg19
TGATCTTTCAGTGTCA-1,10482,12,hg19
TGATCTTTCCACTTTA-1,5673,18,hg19
TGATCTTTCGTGTGAT-1,24,18018,mm10
TGATGCAAGAAATTGC-1,3976,18,hg19
TGATGCAAGGAAACGA-1,2917,6,hg19
TGATGCACAGAGCCCT-1,9054,11,hg19
TGATGCAGTACCTAAC-1,2862,6,hg19
TGATGCAGTACTCGCG-1,7279,20,hg19
TGATGCATCACCATCC-1,2606,21,hg19
TGATGCATCTCTAGGA-1,34,542,mm10
TGATGGTAGCGTGAAC-1,5368,6,hg19
TGATGGTCATCCAATG-1,6261,11,hg19
TGATGGTCATTGAGCT-1,1268,1,hg19
TGATGGTGTTAAGAAC-1,1435,4,hg19
TGATGGTGTTAATCGC-1,4432,14,hg19
TGATGGTTCGCGTTTC-1,4387,4,hg19
TGATGGTTCTAGCCAA-1,800,17,hg19
TGATTCTAGCCAGTAG-1,4082,14,hg19
TGATTCTAGCCATGCC-1,3814,10,hg19
TGATTCTGTGGATACG-1,3979,12,hg19
TGATTTCTCCTGTAGA-1,3646,5,hg19
TGCACGGAGAAACACT-1,5829,11,hg19
TGCACGGCAATTGCAC-1,6950,10,hg19
TGCACGGGTGTTCGAT-1,3266,5,hg19
TGCACGGTCGTTGTTT-1,4859,10,hg19
TGCAGATAGAAGCCAC-1,7202,44,hg19
TGCAGATAGCATCGAG-1,8574,12,hg19
TGCAGATGTGTCCAAT-1,2946,2,hg19
TGCAGATTCTATTTCG-1,4584,8,hg19
TGCAGATTCTCGTGGG-1,3130,8,hg19
TGCAGGCCATACCATG-1,1929,3,hg19
TGCAGGCGTTAGTCGT-1,5193,26,hg19
TGCAGTAAGTTCCAGT-1,15503,17,hg19
TGCAGTAGTAACTAAG-1,5172,177,hg19
TGCAGTATCCCATAGA-1,18026,23,hg19
TGCATCCAGACATAAC-1,6946,7,hg19
TGCATCCAGGTTGCCC-1,16353,19,hg19
TGCATCCCATAGTCGT-1,10239,47,hg19
TGCATCCGTTGGCCTG-1,56,4640,mm10
TGCATCCTCCACTGGG-1,62,4435,mm10
TGCATGAAGAGTATAC-1,8332,9,hg19
TGCATGAGTATGTCCA-1,5246,17,hg19
TGCATGAGTCGCGTCA-1,3262,2,hg19
TGCATGATCTATGCCC-1,3336,6,hg19
TGCCGAGAGATAGTGT-1,3741,3,hg19
TGCCGAGAGCATTTGC-1,2606,10,hg19
TGCCGAGCATGTGGCC-1,5538,11,hg19
TGCCGAGGTATGCAAA-1,2274,7,hg19
TGCCGAGTCTACTTCA-1,9450,15,hg19
TGCGACGCATCGGAAG-1,4350,10,hg19
TGCGACGTCGCTTTAT-1,3435,4,hg19
TGCGACGTCGTAACCA-1,3130,6,hg19
TGCGACGTCGTTCTCG-1,10345,9,hg19
TGCGACGTCTCCCAAC-1,4138,7,hg19
TGCGACGTCTGATGGT-1,3263,7,hg19
TGCGATAAGAGCATCG-1,5960,10,hg19
TGCGATAAGGAACATT-1,5435,12,hg19
TGCGATATCATTCGTT-1,13488,30,hg19
TGCGATATCCATCTCG-1,2702,6,hg19
TGCGATATCTTCCCGA-1,619,14,hg19
TGCGGCACATGCAGGA-1,46,2340,mm10
TGCGGCAGTTTGATCG-1,3653,6,hg19
TGCGGCATCAGACTGT-1,1983,7,hg19
TGCGGCATCCAACTAG-1,1542,4,hg19
TGCGGGTAGAGTCACG-1,2300,5,hg19
TGCGGGTCAACTCCCT-1,2555,10,hg19
TGCGGGTCACAGTCCG-1,2642,8,hg19
TGCGGGTGTTCAGCGC-1,2941,7,hg19
TGCGGGTTCGGCTGAC-1,312,6779,mm10
TGCGGGTTCGGTCGAC-1,4227,7,hg19
TGCGGGTTCTCTCGAC-1,6016,8,hg19
TGCGGGTTCTTTGCTA-1,4431,12,hg19
TGCTCCACATCTTCGC-1,7066,8,hg19
TGCTCCATCAGCTTGA-1,3220,12,hg19
TGCTCCATCATTCTTG-1,3237,14,hg19
TGCTCCATCTATCGCC-1,7415,37,hg19
TGCTCGTAGCCGAACA-1,13410,10,hg19
TGCTCGTAGTGACCTT-1,5637,27,hg19
TGCTCGTGTATTGAGA-1,2338,7,hg19
TGCTCGTGTGATTAGA-1,3548,5,hg19
TGCTCGTGTGCATGAG-1,1588,12,hg19
TGCTGAAAGTGTTGAA-1,5137,33,hg19
TGCTGAAAGTTCATCG-1,50,4766,mm10
TGCTGAACACAGTATC-1,4999,9,hg19
TGCTTCGAGCGTATGG-1,1064,65,hg19
TGCTTCGCAGAGATGC-1,4691,7,hg19
TGCTTCGCAGCGCTTG-1,5988,4,hg19
TGCTTCGCAGGAACCA-1,5184,5,hg19
TGCTTCGGTAGCGAGT-1,5859,12,hg19
TGCTTGCAGTGTTCAC-1,5581,12,hg19
TGCTTGCCAAGTGATA-1,1015,6,hg19
TGCTTGCGTCTTACAG-1,17691,12,hg19
TGCTTGCTCCGTGTCT-1,2899,5,hg19
TGCTTGCTCGGAGCAA-1,3652,18,hg19
TGGAACTAGCACCAGA-1,2707,10,hg19
TGGAACTAGGATGGCT-1,3893,16,hg19
TGGAACTCAGGAGGTT-1,6290,12,hg19
TGGAACTCAGGATGAC-1,86,5945,mm10
TGGAGAGAGCATTTGC-1,40,1066,mm10
TGGAGAGAGTCTCTGA-1,6526,13,hg19
TGGAGAGCAGCAGATG-1,53,7775,mm10
TGGAGAGGTCACAGTT-1,4052,4,hg19
TGGAGAGTCAACGAGG-1,2552,5,hg19
TGGAGGAAGAGTCAGC-1,6172,11,hg19
TGGAGGAAGCTATCTG-1,1822,6983,Multiplet
TGGAGGAAGCTCGACC-1,1393,8,hg19
TGGAGGACATCTATCT-1,522,4,hg19
TGGAGGAGTATCGTGT-1,5941,19,hg19
TGGATCAGTACCAGAG-1,3561,6,hg19
TGGATCAGTGCCAAGA-1,3319,4,hg19
TGGATGTCATACTGTG-1,12065,11,hg19
TGGATGTGTTTCTATC-1,2653,6,hg19
TGGATGTTCTGCATAG-1,3312,6,hg19
TGGCGTGAGCAGCAGT-1,12731,18,hg19
TGGCGTGCACAACGCC-1,4996,15,hg19
TGGCGTGCAGACTCTA-1,11969,7,hg19
TGGCGTGGTCGCATCG-1,3788,12,hg19
TGGCGTGGTCTACGTA-1,15101,12,hg19
TGGCGTGGTTCAGTAC-1,2740,15,hg19
TGGCGTGTCACTGATG-1,3233,3,hg19
TGGGAAGAGGTTTACC-1,7489,15,hg19
TGGGAAGGTGACCTGC-1,4758,4,hg19
TGGGAAGTCAAATGAG-1,544,6,hg19
TGGGAAGTCGAACCTA-1,3571,20,hg19
TGGGAAGTCTTTGGAG-1,3335,11,hg19
TGGGAGAAGACGTCGA-1,5558,2,hg19
TGGGAGAGTCACCCTT-1,3898,5,hg19
TGGGAGATCCACTGGG-1,7435,25,hg19
TGGGAGATCCTCACCA-1,38,532,mm10
TGGGATTAGGCATCTT-1,3057,7,hg19
TGGGATTGTAATTAGG-1,8004,3365,Multiplet
TGGGATTTCAGCACCG-1,4010,31,hg19
TGGGCGTCACGACAGA-1,3322,23,hg19
TGGGCTGGTCGTACTA-1,20976,8,hg19
TGGGCTGGTCTCGGGT-1,1907,13,hg19
TGGGCTGTCTTACGTT-1,5571,4,hg19
TGGGTTAAGTAAACAC-1,9316,31,hg19
TGGGTTAAGTATGGCG-1,143,11364,mm10
TGGGTTACAGTTAGAA-1,5562,29,hg19
TGGGTTAGTTAGGAGC-1,7635,23,hg19
TGGTACACAGACGATG-1,1491,25,hg19
TGGTACAGTATCAAGA-1,17835,25,hg19
TGGTACAGTTAAGAAC-1,2795,8,hg19
TGGTACATCAGCCTCT-1,6307,12,hg19
TGGTACATCATGTCTT-1,3869,11,hg19
TGGTACATCTGACGCG-1,4711,7,hg19
TGGTAGTAGCTACGTT-1,8548,15,hg19
TGGTAGTAGTGCGCTC-1,807,14,hg19
TGGTAGTCATGAAGGC-1,5832,6,hg19
TGGTAGTTCAAAGGAT-1,6238,3,hg19
TGGTAGTTCCCGAACG-1,11002,19,hg19
TGGTAGTTCGGCCTTT-1,4990,11,hg19
TGGTGATAGACAGCTG-1,2915,3,hg19
TGGTGATAGGTGCGAT-1,12519,48,hg19
TGGTGATCATATGAAG-1,5545,15,hg19
TGGTGATGTCCTCCAT-1,3532,6,hg19
TGGTGATGTCGTTGGC-1,4074,12,hg19
TGGTTAGAGACAGTCG-1,12332,16,hg19
TGGTTAGCAACCACAT-1,4390,9,hg19
TGGTTAGCATTAAGCC-1,8040,14,hg19
TGGTTAGGTGACATCT-1,3971,11,hg19
TGGTTAGTCCTTCTAA-1,3344,9,hg19
TGTAACGAGCGTTAGG-1,4413,10,hg19
TGTAACGGTCGCAACC-1,687,6,hg19
TGTAACGGTTATTCTC-1,2154,6,hg19
TGTAACGTCGCCTTGT-1,44,12424,mm10
TGTAAGCAGTTGGAAT-1,4151,9,hg19
TGTAAGCCACACAGAG-1,5168,8,hg19
TGTAAGCCAGAACTTC-1,7172,29,hg19
TGTAAGCGTCATCGGC-1,4693,8,hg19
TGTAAGCGTCCACTCT-1,6340,11,hg19
TGTAAGCTCAGACATC-1,10229,10,hg19
TGTACAGAGACCAAGC-1,2901,11,hg19
TGTACAGAGACGACTG-1,2318,79,hg19
TGTACAGAGAGCCATG-1,772,2,hg19
TGTACAGGTATCGAAA-1,6873,14,hg19
TGTACAGTCAAGCCAT-1,6910,18,hg19
TGTACAGTCATTCGTT-1,1887,6,hg19
TGTAGACAGAAGTCTA-1,939,309,hg19
TGTAGACCACATAACC-1,44,5386,mm10
TGTAGACCACTAACCA-1,3297,8,hg19
TGTAGACTCGTCCTTG-1,4637,6,hg19
TGTCAGAGTAACAAGT-1,5296,93,hg19
TGTCAGAGTTCTCCCA-1,5345,10,hg19
TGTCCACAGCATGCAG-1,2053,159,hg19
TGTCCACGTGCTATTG-1,3493,6,hg19
TGTCCACTCTTAGCCC-1,153,1613,mm10
TGTCCCACACAGCGCT-1,3531,8,hg19
TGTCCCACATAGGTTC-1,98,1441,mm10
TGTCCCAGTACTTCCC-1,6152,5,hg19
TGTCCCAGTGTTACTG-1,30,18189,mm10
TGTCCTGGTCAAAGAT-1,6581,35,hg19
TGTCCTGGTCCTACGG-1,1624,11,hg19
TGTCCTGGTGGTCTTA-1,112,16080,mm10
TGTCCTGGTTGGCCGT-1,4669,7,hg19
TGTCCTGTCCGCACTT-1,3862,6,hg19
TGTGAGTCAACGATTC-1,624,4,hg19
TGTGAGTCATCGGAAG-1,4169,12,hg19
TGTGAGTGTATCAAGA-1,4210,7,hg19
TGTGAGTTCAATCTCT-1,5353,6,hg19
TGTGAGTTCCCTCTTT-1,52,895,mm10
TGTGAGTTCGCGCTGA-1,2368,4,hg19
TGTGATGAGCATCAGG-1,7618,19,hg19
TGTGATGAGCATGCGA-1,3983,6,hg19
TGTGATGTCCGGGACT-1,3196,5,hg19
TGTGCGGCATTCTCTA-1,7928,10,hg19
TGTGGCGAGCGTGAGT-1,2559,3,hg19
TGTGGCGAGGAACATT-1,4692,3,hg19
TGTGGCGCAGCGCGTT-1,4452,7141,Multiplet
TGTGGCGGTCGTAATC-1,4154,12,hg19
TGTGTGACAAGATTGA-1,2703,6,hg19
TGTGTGACATCGGAGA-1,5504,230,hg19
TGTGTGATCCACTTTA-1,1666,5,hg19
TGTGTGATCTGGCCTT-1,4781,6,hg19
TGTTACTAGCTCGAAG-1,932,15,hg19
TGTTACTAGCTGGCTC-1,3749,68,hg19
TGTTCATCAGATACCT-1,8996,18,hg19
TGTTCATGTCAGTCCG-1,8848,16,hg19
TGTTCATTCCGTAATG-1,3009,4,hg19
TGTTCCGAGAGGCGGA-1,1955,7,hg19
TGTTCCGAGGTCACAG-1,9541,18,hg19
TGTTCCGAGTAGGAAG-1,7584,21,hg19
TGTTCCGCAGCAGATG-1,6442,8,hg19
TGTTCCGGTCTTACAG-1,4868,3,hg19
TGTTCCGTCATTACGG-1,4095,4,hg19
TGTTCCGTCGAGGCAA-1,767,6,hg19
TGTTCTAGTCTACATG-1,1609,66,hg19
TGTTGAGTCAAGGACG-1,4225,26,hg19
TGTTGAGTCAGATTGC-1,6232,11,hg19
TGTTGGAAGGAGGGTG-1,979,36,hg19
TGTTGGAGTCATCCCT-1,11871,23,hg19
TGTTGGAGTCTGTTAG-1,1250,4,hg19
TGTTGGATCATTCACT-1,8731,19,hg19
TGTTGGATCGCTCTCA-1,2415,5,hg19
TGTTTGTAGACAACTA-1,10112,20,hg19
TGTTTGTGTAAGATAC-1,5490,66,hg19
TGTTTGTGTCTTGAAC-1,2348,9,hg19
TGTTTGTGTGGGAGAG-1,4085,2,hg19
TGTTTGTTCATTTACC-1,14829,10,hg19
TTAATCCAGCCATCCG-1,3036,9,hg19
TTAATCCCAACCGACC-1,5107,9,hg19
TTAATCCGTAGCCAGA-1,4298,13,hg19
TTAATCCGTGAGATCG-1,5844,45,hg19
TTAATCCTCACATCAG-1,12889,16,hg19
TTACAGGAGCTCCACG-1,5871,17,hg19
TTACAGGAGGAAAGTG-1,4484,8,hg19
TTACAGGAGGTTGGAC-1,4413,5,hg19
TTACAGGCACCCTGAG-1,1343,39,hg19
TTACAGGCACGGGTAA-1,3824,9,hg19
TTACAGGCATAGAGGC-1,3614,5,hg19
TTACAGGCATGTGTCA-1,3075,7,hg19
TTACAGGGTAGGAGTC-1,4496,3,hg19
TTACAGGTCCACAAGT-1,1599,6,hg19
TTACAGGTCTTGCGCT-1,3598,12,hg19
TTACCATCACAAGCCC-1,2075,8,hg19
TTACCATGTAGGCTCC-1,8914,17,hg19
TTACCATGTGCCGGTT-1,2467,4,hg19
TTACCGCAGCATCCCG-1,3673,2,hg19
TTACCGCAGTGAGGTC-1,4829,9,hg19
TTACCGCAGTGTACCT-1,539,10,hg19
TTACCGCTCAAAGAAC-1,709,8,hg19
TTACGCCAGATCCTAC-1,73,2482,mm10
TTACGCCCAAAGCTAA-1,3642,6,hg19
TTACGCCCAATTCGTG-1,4890,3,hg19
TTACGCCGTAGTTAGA-1,2034,1,hg19
TTACGTTAGTAAATGC-1,2188,17,hg19
TTACGTTCAAAGCGTG-1,3464,7,hg19
TTACGTTCAAGAAATC-1,1114,58,hg19
TTACGTTCAAGTCATC-1,3899,6,hg19
TTACGTTTCGCCTAGG-1,4003,12,hg19
TTACTGTAGCCATGCC-1,14680,9,hg19
TTACTGTAGTTAACAG-1,2910,8,hg19
TTACTGTCACAATGAA-1,4171,8,hg19
TTACTGTCATATAGCC-1,1914,2,hg19
TTACTGTGTCTGCATA-1,682,11,hg19
TTACTGTTCACACGAT-1,3745,3,hg19
TTACTGTTCACTTGTT-1,10071,12,hg19
TTAGGCAAGATTCGCT-1,3795,10,hg19
TTAGGCAAGTTAACGA-1,264,14397,mm10
TTAGGCAGTATACCTG-1,5865,0,hg19
TTAGGCAGTGCATGAG-1,588,4,hg19
TTAGGCATCCCTCAAC-1,6350,19,hg19
TTAGGGTAGATTCGAA-1,4482,7,hg19
TTAGGGTAGTAAACGT-1,3941,12,hg19
TTAGGGTCAGGGTCTC-1,651,3,hg19
TTAGGGTGTAGGCTCC-1,2508,7,hg19
TTAGGGTGTTGAAGTA-1,2427,5,hg19
TTAGGGTGTTGAGTCT-1,5171,9,hg19
TTAGGGTGTTTACTTC-1,17150,33,hg19
TTAGGGTGTTTCGATG-1,10183,8,hg19
TTAGGGTTCTTCTCAA-1,2014,7,hg19
TTAGTCTAGACCCTTA-1,3998,5,hg19
TTAGTCTTCGTCAAAC-1,9756,6,hg19
TTATTGCAGAGCAGTC-1,3549,23,hg19
TTATTGCAGCATGGGT-1,4739,10,hg19
TTATTGCAGGTTGCCC-1,3547,1,hg19
TTATTGCTCACTGCTC-1,56,7190,mm10
TTCAATCAGCATGGGT-1,23596,72,hg19
TTCAATCAGCCTTTGA-1,33,785,mm10
TTCAATCAGGAGACCT-1,602,6,hg19
TTCAATCGTCCTCCAT-1,6222,5,hg19
TTCAATCGTTCTAAGC-1,2861,8,hg19
TTCAATCTCTGAGTCA-1,5166,12,hg19
TTCACCGGTCTCAAGT-1,3020,5,hg19
TTCACGCAGGGTCAAC-1,2479,22,hg19
TTCACGCCAATTGCCA-1,4452,21,hg19
TTCACGCCACGGTGTC-1,6997,9,hg19
TTCACGCCATCATGAC-1,2391,6,hg19
TTCACGCCATGACTTG-1,3905,4,hg19
TTCACGCCATGGCACC-1,5422,17,hg19
TTCACGCGTACCTAGT-1,6505,6,hg19
TTCACGCGTTCTCAGA-1,5928,13,hg19
TTCAGGAAGGTACAAT-1,8049,16,hg19
TTCAGGACAGATAAAC-1,7292,10,hg19
TTCAGGAGTCAGTCTA-1,11071,55,hg19
TTCAGGAGTGTACATC-1,128,4504,mm10
TTCAGGAGTGTCCTAA-1,15079,11,hg19
TTCAGGATCGTCGATA-1,33,9082,mm10
TTCATGTAGCATACTC-1,9127,30,hg19
TTCATGTCAGTTCACA-1,14146,27,hg19
TTCATGTTCAGATGCT-1,3404,7,hg19
TTCCAATAGGGATCTG-1,4823,11,hg19
TTCCAATCACTTCTCG-1,4292,30,hg19
TTCCAATGTCTCCCTA-1,7072,15,hg19
TTCCAATGTGAGCAGT-1,3543,4,hg19
TTCCAATGTTCTAACG-1,508,151,hg19
TTCCAATTCCTCTAGC-1,7339,38,hg19
TTCCACGAGTTCTCTT-1,9377,13,hg19
TTCCACGCAATACGAA-1,5399,16,hg19
TTCCACGCAGACCAGA-1,4271,12,hg19
TTCCACGGTCGCGGTT-1,2308,5,hg19
TTCCACGTCAGTGGGA-1,30080,12,hg19
TTCCACGTCGCCGAAC-1,546,7,hg19
TTCCGGTAGCTTCGTA-1,898,1,hg19
TTCCGGTCAGAGATGC-1,2855,6,hg19
TTCCGGTTCGCGCCAA-1,18670,102,hg19
TTCCGTGGTTTGTGGT-1,3486,5,hg19
TTCCGTGTCTGCCTGT-1,3208,6,hg19
TTCCTAACAAAGGTTA-1,3645,17,hg19
TTCCTAACAATCCTAG-1,3484,3,hg19
TTCCTAACACCCGTAG-1,4630,8,hg19
TTCCTAAGTACAGTAA-1,5473,8,hg19
TTCCTAAGTTAGTTCG-1,3721,8,hg19
TTCCTAATCATTATCC-1,15207,20,hg19
TTCCTAATCCACGAAT-1,4956,21,hg19
TTCCTAATCTTGGGCG-1,9396,22,hg19
TTCCTCTCACGGCTAC-1,982,14,hg19
TTCCTCTTCTCGCTCA-1,5748,26,hg19
TTCCTCTTCTCGGTCT-1,5486,20,hg19
TTCCTTCAGATAGCAT-1,5806,9,hg19
TTCCTTCAGCCTGAGA-1,653,2,hg19
TTCCTTCCACTACTTT-1,1609,29,hg19
TTCCTTCCACTTTAGG-1,2286,3,hg19
TTCCTTCGTCGTGGTC-1,10355,14,hg19
TTCCTTCTCCCTTCCC-1,5867,7,hg19
TTCCTTCTCTTTCCAA-1,4161,4,hg19
TTCGATTAGAAACTCA-1,1293,3,hg19
TTCGATTGTCCACACG-1,1865,12,hg19
TTCGATTGTTCCGCAG-1,4874,7,hg19
TTCGATTTCATTTGCT-1,105,9589,mm10
TTCGATTTCGAGCCAC-1,2576,8,hg19
TTCGCTGAGTTATGGA-1,1367,15,hg19
TTCGCTGCAAATAAGC-1,4940,11,hg19
TTCGCTGGTAGGTGCA-1,10290,18,hg19
TTCGCTGGTATGGGAC-1,4671,11,hg19
TTCGCTGGTTACACAC-1,35,16947,mm10
TTCGCTGTCTAAGAAG-1,5620,9,hg19
TTCGGTCCAAACGAGC-1,5048,8,hg19
TTCGGTCGTAGGACCA-1,5360,10,hg19
TTCGGTCGTAGGATAT-1,2285,12,hg19
TTCGGTCGTCAAATCC-1,668,9,hg19
TTCGGTCGTGATGGCA-1,2254,3,hg19
TTCTAACAGATGGCGT-1,3528,6,hg19
TTCTAACCACTCCCTA-1,610,19,hg19
TTCTAACTCTCGTGAA-1,2284,4,hg19
TTCTAGTCACGGATCC-1,8020,22,hg19
TTCTAGTGTATCTTCT-1,597,7,hg19
TTCTCTCAGAGGCCAT-1,16357,18,hg19
TTCTCTCCAATTGCTG-1,6102,7,hg19
TTCTCTCGTGATACCT-1,11407,17,hg19
TTCTCTCTCGCCTTTG-1,14958,49,hg19
TTCTGTAAGCGACTAG-1,2778,9,hg19
TTCTGTAAGCTAATGA-1,7020,10,hg19
TTCTGTAAGTCTACCA-1,166,7094,mm10
TTCTGTACACCGTGGT-1,4068,9,hg19
TTCTGTAGTTCCTAAG-1,3235,7,hg19
TTCTGTATCAACACGT-1,177,4094,mm10
TTCTTCCCAGGCGAAT-1,2776,8,hg19
TTCTTCCTCACTTCTA-1,679,8,hg19
TTCTTGAAGCGTATAA-1,3430,32,hg19
TTCTTGAAGGGAACAA-1,4603,14,hg19
TTCTTGACAAGCTACT-1,4066,6,hg19
TTCTTGACAGCTGTCG-1,7190,20,hg19
TTCTTGACATCGAGCC-1,3863,7,hg19
TTCTTGAGTAAGAACT-1,2913,8,hg19
TTCTTGAGTCCATCTC-1,150,3862,mm10
TTCTTGATCGAGTCCG-1,10681,27,hg19
TTGAACGCAGTGGGTA-1,5341,12,hg19
TTGAACGGTCGATTTG-1,9428,7,hg19
TTGAACGGTGTCTCCT-1,2113,11,hg19
TTGAACGTCATCGCCT-1,5690,12,hg19
TTGACCCAGCCGATAG-1,5787,10,hg19
TTGACCCGTGCGTTTA-1,37,15893,mm10
TTGAGTGAGCCGTAAG-1,4596,4,hg19
TTGAGTGAGGAACTCG-1,3504,78,hg19
TTGAGTGCATCGGTTA-1,807,8,hg19
TTGAGTGGTACGAGCA-1,31,2379,mm10
TTGAGTGTCTGTGTGA-1,28078,17,hg19
TTGATGGAGAGCGACT-1,7148,14,hg19
TTGCATTCAAGAGTTA-1,9427,12,hg19
TTGCATTCAATCGAAA-1,4054,7,hg19
TTGCCTGGTGTTATCG-1,1303,8,hg19
TTGCCTGGTTGGGCCT-1,4597,6,hg19
TTGCCTGTCTTTGATC-1,5787,16,hg19
TTGCGTCAGAATAACC-1,5004,8,hg19
TTGCGTCTCAGTAGGG-1,4327,8,hg19
TTGCGTCTCCAGCTCT-1,5208,11,hg19
TTGCTGCCAAATGGCG-1,1435,2,hg19
TTGCTGCGTCAGATTC-1,1429,1,hg19
TTGCTGCGTGAGTTTC-1,9300,10,hg19
TTGCTGCTCTGCGGAC-1,7796,24,hg19
TTGGATGCAATTGAAG-1,3030,6,hg19
TTGGATGCACCGTGAC-1,938,10,hg19
TTGGATGCATCTGTTT-1,11589,19,hg19
TTGGATGGTAAGATAC-1,19270,19,hg19
TTGGATGGTACCGGAA-1,6176,10,hg19
TTGGATGGTAGTTAGA-1,5477,5,hg19
TTGGATGTCTGCGATA-1,4688,3,hg19
TTGGGATAGGAATTAC-1,7960,14,hg19
TTGGGATCAGGCACTC-1,7349,27,hg19
TTGGGATCATAGACTC-1,589,8,hg19
TTGGGATGTATAATGG-1,11797,31,hg19
TTGGGATGTCTACGAT-1,22842,21,hg19
TTGGGCGAGAGTCTTC-1,17170,16,hg19
TTGGGCGGTGGAACCA-1,5584,8,hg19
TTGGGTAAGATACCAA-1,3373,13,hg19
TTGGGTAAGTCTTCGA-1,2212,4,hg19
TTGGGTACAAGACCGA-1,3628,7,hg19
TTGGTTTGTCGAACAG-1,2087,6,hg19
TTGGTTTGTGAGACCA-1,4879,9,hg19
TTGGTTTTCGGTCGGT-1,4508,9,hg19
TTGTGGAAGACACACG-1,7969,11,hg19
TTGTGGATCCTCTAGC-1,6820,6,hg19
TTGTGGATCGCGATCG-1,39,2191,mm10
TTGTGTTAGACTTCGT-1,7863,15,hg19
TTGTGTTAGAGTTCGG-1,4197,4,hg19
TTGTGTTAGCCGGATA-1,4547,7,hg19
TTGTGTTAGGGCCAAT-1,6842,14,hg19
TTGTGTTAGGTCGTCC-1,8396,21,hg19
TTGTGTTAGTATAGAC-1,5586,2,hg19
TTGTGTTCACGGTGCT-1,2180,7,hg19
TTGTGTTGTCCACAGC-1,1110,6,hg19
TTGTGTTTCCGTCAAA-1,2348,5,hg19
TTGTGTTTCGTTACCC-1,3600,18,hg19
TTGTTCAAGACATATG-1,183,9024,mm10
TTGTTCAAGCCGATAG-1,1535,4,hg19
TTGTTCAAGTTGTAAG-1,2653,10,hg19
TTGTTCAGTCCTCCAT-1,4571,9,hg19
TTGTTCAGTTGCCGAC-1,6640,20,hg19
TTGTTGTAGATACAGT-1,5087,40,hg19
TTGTTGTCAAACGTGG-1,2998,20,hg19
TTGTTGTCAGCCCAGT-1,7799,8,hg19
TTGTTTGAGGTTCCGC-1,2649,13,hg19
TTGTTTGCAATCTCGA-1,8413,13,hg19
TTGTTTGCACTGGAAG-1,232,6231,mm10
TTGTTTGGTAAGCAAT-1,3342,9,hg19
TTTACCAAGATGATTG-1,707,3,hg19
TTTACCAAGTCGGCCT-1,4245,8,hg19
TTTACCAGTGTTTGCA-1,4334,3,hg19
TTTACCATCCACAGCG-1,16652,21,hg19
TTTACCATCCGTAATG-1,3876,8,hg19
TTTACCATCGATTGAC-1,8819,6,hg19
TTTACCATCTGCACCT-1,5468,65,hg19
TTTACGTAGCCTCAGC-1,10303,47,hg19
TTTACGTTCGTCTACC-1,3639,325,hg19
TTTACGTTCGTTGTTT-1,2965,1,hg19
TTTACTGAGTTGTCAC-1,530,10,hg19
TTTACTGCAAGTCATC-1,6494,10,hg19
TTTACTGGTTCCCACT-1,3298,8,hg19
TTTAGTCAGACCTTTG-1,4056,64,hg19
TTTAGTCAGCTTTCCC-1,21676,17,hg19
TTTAGTCAGGTAAGAG-1,3877,6,hg19
TTTAGTCCAATCTGCA-1,74,3369,mm10
TTTAGTCGTCCTTGTC-1,504,9,hg19
TTTAGTCTCAAGGAGC-1,3080,7,hg19
TTTATGCAGACTACCT-1,6155,22,hg19
TTTATGCTCAGACATC-1,6069,12,hg19
TTTATGCTCCTTACCG-1,14114,22,hg19
TTTCACAGTATCGCTA-1,2006,16,hg19
TTTCACAGTGGTAACG-1,11326,30,hg19
TTTCACATCGAACGGA-1,6813,7,hg19
TTTCACATCGCGTCGA-1,3336,7,hg19
TTTCAGTAGCGCTGCT-1,3845,9,hg19
TTTCAGTCAATTGCGT-1,4841,0,hg19
TTTCAGTGTTCTCAGA-1,2313,6,hg19
TTTCAGTTCCCTCTCC-1,8951,26,hg19
TTTCAGTTCGAGTACT-1,3426,6,hg19
TTTCATGCAACAGCCC-1,1918,8,hg19
TTTCATGCACTGTGTA-1,4861,11,hg19
TTTCATGGTAAGATTG-1,3949,5,hg19
TTTCATGGTACAAAGT-1,5525,6,hg19
TTTCATGGTACGAGCA-1,1366,28,hg19
TTTCATGGTCTTGAGT-1,3286,2,hg19
TTTCATGGTTGGACTT-1,3738,17,hg19
TTTCATGTCGGACCAC-1,3225,18,hg19
TTTCCTCAGCAAGGAA-1,4972,7,hg19
TTTCCTCGTAAGGTCG-1,626,1,hg19
TTTCCTCGTATGATCC-1,19062,21,hg19
TTTCCTCGTGTTCCTC-1,6821,49,hg19
TTTCCTCTCTGTAAGC-1,10222,21,hg19
TTTCGATAGTTGCCCG-1,667,2,hg19
TTTCGATCACTGGAAG-1,3023,5,hg19
TTTCGATCAGCACAAG-1,8149,9,hg19
TTTCGATGTGCTGATT-1,3582,8,hg19
TTTGACTAGACAACTA-1,1074,34,hg19
TTTGACTAGACTTCGT-1,2005,5,hg19
TTTGACTAGCGCCCAT-1,3562,3,hg19
TTTGACTCAGCGTAGA-1,20249,9,hg19
TTTGATCAGGGAGGGT-1,3419,13,hg19
TTTGATCAGGTAGATT-1,6808,16,hg19
TTTGATCAGTAGGATT-1,8075,10,hg19
TTTGATCAGTGTACCT-1,1301,9,hg19
TTTGATCCAAATGAAC-1,3716,8,hg19
TTTGATCCAGGATCTT-1,1624,45,hg19
TTTGGAGAGACCTGGA-1,7046,10,hg19
TTTGGAGCAACTCCAA-1,7593,5,hg19
TTTGGAGGTCCCGCAA-1,2461,21,hg19
TTTGGAGTCGAACACT-1,108,2765,mm10
TTTGGTTAGAGGTTAT-1,6182,4,hg19
TTTGGTTCAGAGGACT-1,163,547,mm10
TTTGGTTCAGAGGCTA-1,5535,6,hg19
TTTGGTTCATCGAGCC-1,7583,27,hg19
TTTGGTTGTCGAGTGA-1,4183,3,hg19
TTTGGTTTCACCTCTG-1,6975,25,hg19
TTTGTTGAGTGCCGAA-1,7210,13,hg19
TTTGTTGCATATGCGT-1,5140,78,hg19
TTTGTTGCATCACGGC-1,15302,65,hg19
