barcode,hg19,mm10,call
AAACCCAAGCAATTCC-1,1,50,mm10
AAACCCAAGTGGATAT-1,1738,4,hg19
AAACCCACAAGGAGTC-1,8186,6946,Multiplet
AAACCCAGTAGAAACT-1,3564,8,hg19
AAACCCAGTAGAGACC-1,0,52,mm10
AAACGAAAGTAGTCAA-1,6803,4,hg19
AAACGAACATCGATAC-1,0,53,mm10
AAACGAAGTGTTATCG-1,4852,4,hg19
AAACGAAGTTTGATCG-1,4597,1,hg19
AAACGAATCGAGCCTG-1,4583,11,hg19
AAACGCTAGATCGCTT-1,8123,17,hg19
AAACGCTCAGTAGAAT-1,4650,22,hg19
AAACGCTGTCTGCCTT-1,3390,13,hg19
AAACGCTTCACTCCGT-1,11764,27,hg19
AAACGCTTCCCAGGAC-1,2,57,mm10
AAACGCTTCCTAGAGT-1,0,89,mm10
AAACGCTTCGTTATCT-1,5108,3,hg19
AAAGAACAGGATGTTA-1,6397,8,hg19
AAAGAACCACTGAATC-1,6032,6,hg19
AAAGAACGTAGCTGTT-1,3828,3,hg19
AAAGAACTCTTAGTTC-1,4848,19,hg19
AAAGGATGTCGCTTGG-1,5939,23,hg19
AAAGGATGTGTAAACA-1,4273,4,hg19
AAAGGATTCAAACCTG-1,7631,17,hg19
AAAGGGCAGGGTTGCA-1,0,47,mm10
AAAGGGCCACCAGCGT-1,47,440,mm10
AAAGGGCCACTACGGC-1,6914,8,hg19
AAAGGGCCATCCTTCG-1,4324,3,hg19
AAAGGGCCATGGGTTT-1,4237,4,hg19
AAAGGGCGTGGATTTC-1,13888,4,hg19
AAAGGTAAGTTGTAGA-1,4462,6,hg19
AAAGGTAGTTCCATTT-1,8039,9,hg19
AAAGTCCAGACTAGAT-1,6697,7,hg19
AAAGTCCGTAGTTCCA-1,2948,6,hg19
AAAGTCCTCACCACAA-1,1,62,mm10
AAAGTCCTCATGCATG-1,5017,5,hg19
AAAGTGAAGTGAATAC-1,1990,0,hg19
AAAGTGAAGTTCTCTT-1,34,591,mm10
AAAGTGACACCGGTCA-1,4505,3,hg19
AAAGTGATCCGGTAAT-1,0,59,mm10
AAAGTGATCTGCGGCA-1,3751,6,hg19
AAATGGAAGGAGTACC-1,52,79,mm10
AAATGGACACAACGAG-1,9162,17,hg19
AAATGGACACAATGCT-1,9274,8,hg19
AAATGGAGTCACATTG-1,1510,9,hg19
AAATGGAGTCCAATCA-1,4808,1,hg19
AAATGGAGTTTCCCAC-1,6556,8,hg19
AACAAAGCATAAGCGG-1,638,5,hg19
AACAAAGGTCGAGCAA-1,2511,6,hg19
AACAAAGTCATGGATC-1,3255,11,hg19
AACAACCCACTCCGGA-1,1111,3,hg19
AACAACCCATGACGTT-1,2977,4,hg19
AACAACCGTATATGGA-1,4272,4,hg19
AACAACCGTATGCTTG-1,2828,3,hg19
AACAACCGTCGCCACA-1,1,52,mm10
AACAACCGTTAGGCTT-1,1,71,mm10
AACAACCTCTCTCTAA-1,95,87,hg19
AACAAGAAGACCATAA-1,2773,3,hg19
AACAAGAGTATCGATC-1,7238,9,hg19
AACAAGAGTCGTTGGC-1,4324,6,hg19
AACAAGAGTCTGCCTT-1,8761,9,hg19
AACAAGATCAAGTGGG-1,3410,4,hg19
AACAAGATCGTCGACG-1,1269,4,hg19
AACAAGATCGTGGGAA-1,6001,14,hg19
AACACACCAACGGTAG-1,3953,7,hg19
AACACACTCCTTTGAT-1,6392,11,hg19
AACAGGGAGCACTAAA-1,8947,4,hg19
AACAGGGAGTCAGCGA-1,9069,5,hg19
AACAGGGAGTTACGTC-1,8449,14,hg19
AACAGGGCAGTGGCTC-1,4555,6,hg19
AACAGGGGTACGAAAT-1,4588,6,hg19
AACAGGGGTGCCGTTG-1,1,51,mm10
AACAGGGGTGTACATC-1,542,6,hg19
AACAGGGGTTAACAGA-1,4851,12,hg19
AACAGGGTCAATCCAG-1,3854,6,hg19
AACAGGGTCATCACAG-1,5215,3,hg19
AACCAACAGCTTCATG-1,591,4,hg19
AACCAACAGGTGCATG-1,4907,2,hg19
AACCAACGTGCAATGG-1,0,56,mm10
AACCACAAGACATATG-1,2964,4,hg19
AACCACAAGAGTCGAC-1,3854,5,hg19
AACCACACAAACACCT-1,0,66,mm10
AACCACACAAGAGGCT-1,0,51,mm10
AACCACACACATGTTG-1,18377,11,hg19
AACCACACACGCTGTG-1,6348,16,hg19
AACCACACATAGTCGT-1,4791,3,hg19
AACCACAGTATAGGGC-1,2084,6,hg19
AACCACAGTCGGTACC-1,5137,5,hg19
AACCACATCATTACTC-1,6252,5,hg19
AACCATGCATCTCGTC-1,6102,12,hg19
AACCATGGTAACATCC-1,2,50,mm10
AACCATGTCCGGTAAT-1,1,56,mm10
AACCCAAAGGTGCTTT-1,4758,20,hg19
AACCCAATCTGGGTCG-1,2784,4,hg19
AACCTGAAGAAACCCG-1,3500,2,hg19
AACCTGAAGGGTGGGA-1,1998,3,hg19
AACCTGAGTGACTGAG-1,1300,3,hg19
AACCTGATCATCGACA-1,5427,4,hg19
AACCTGATCTGTCCCA-1,2529,5,hg19
AACCTTTAGGTACTGG-1,0,63,mm10
AACCTTTCAATAACGA-1,4912,8,hg19
AACCTTTCAGTCGCTG-1,1039,6,hg19
AACCTTTCATACAGCT-1,0,70,mm10
AACCTTTTCATCGGGC-1,7563,8,hg19
AACCTTTTCCTTATAC-1,0,48,mm10
AACCTTTTCTACGCGG-1,4631,13,hg19
AACGAAAGTTGGCCTG-1,5821,3,hg19
AACGAAATCACTTCTA-1,7628,3,hg19
AACGGGAAGAAACTAC-1,1744,11,hg19
AACGGGAAGCGAACTG-1,3258,5,hg19
AACGGGAAGTCAATCC-1,6263,14,hg19
AACGGGACAAATCCCA-1,4453,12,hg19
AACGGGACAAGCGATG-1,2048,5,hg19
AACGGGAGTGCAATAA-1,0,50,mm10
AACGGGATCATACAGC-1,5841,4,hg19
AACGGGATCGCAATGT-1,1942,7,hg19
AACGTCACAAGAGAGA-1,1333,4,hg19
AACGTCAGTGATTCTG-1,3992,4,hg19
AACGTCATCTAAGGAA-1,2219,7,hg19
AACTTCTAGAGAGGTA-1,0,47,mm10
AACTTCTAGATGGGCT-1,4377,2,hg19
AACTTCTCAAGAGCTG-1,0,72,mm10
AACTTCTGTCACGTGC-1,982,4,hg19
AACTTCTGTCTGTAAC-1,7487,11,hg19
AACTTCTGTGGATTTC-1,1,59,mm10
AACTTCTTCGACATAC-1,6396,12,hg19
AAGAACAAGCTTAGTC-1,5718,11,hg19
AAGAACAAGGTTGTTC-1,3418,6,hg19
AAGAACAAGTGGAATT-1,6786,9,hg19
AAGAACACAGTTGCGC-1,5472,10,hg19
AAGAACACATCGATAC-1,0,59,mm10
AAGAACAGTGTGTCCG-1,0,56,mm10
AAGAACAGTTAGGAGC-1,4425,9,hg19
AAGACAAAGATTCGAA-1,3631,5,hg19
AAGACAAAGCTGGAGT-1,3529,3,hg19
AAGACAAAGTTTGAGA-1,4715,17,hg19
AAGACAAGTGCCTTCT-1,5231,2,hg19
AAGACAATCACGGTCG-1,4705,7,hg19
AAGACAATCCGAAGGA-1,1,71,mm10
AAGACAATCCGATAGT-1,3165,2,hg19
AAGACTCAGATTGTGA-1,4973,2,hg19
AAGACTCAGCAATAGT-1,0,73,mm10
AAGACTCAGTCAGAGC-1,3778,12,hg19
AAGACTCAGTCCTGTA-1,1044,3,hg19
AAGACTCCACAACCGC-1,2,68,mm10
AAGACTCCACTATCGA-1,4874,6,hg19
AAGACTCCACTGCATA-1,601,4,hg19
AAGACTCCATCCGCGA-1,2756,4,hg19
AAGACTCGTACGACAG-1,4437,16,hg19
AAGACTCTCTTTGGAG-1,7919,8,hg19
AAGATAGCACGGCTAC-1,1260,9,hg19
AAGATAGGTTGCTCGG-1,3823,4,hg19
AAGATAGGTTGTTGAC-1,1,52,mm10
AAGCATCCAGCAGTTT-1,0,79,mm10
AAGCATCGTCCCTGAG-1,1589,2,hg19
AAGCATCTCAGAACCT-1,6271,22,hg19
AAGCATCTCAGCTGAT-1,3480,11,hg19
AAGCATCTCCACTTCG-1,2059,10,hg19
AAGCCATGTGGGCTTC-1,0,61,mm10
AAGCCATTCTCGTGAA-1,0,68,mm10
AAGCGAGAGAGAATCT-1,6431,8,hg19
AAGCGAGAGCGTCTCG-1,3729,1,hg19
AAGCGAGAGGACTATA-1,3560,3,hg19
AAGCGAGAGTAGACAT-1,4423,10,hg19
AAGCGAGCAAAGGCTG-1,5556,8,hg19
AAGCGAGCACGGGTAA-1,4351,3,hg19
AAGCGTTAGCTGACAG-1,2779,5,hg19
AAGCGTTCACAAGCTT-1,6639,16,hg19
AAGCGTTCAGACCTGC-1,3438,6,hg19
AAGCGTTCAGGGAGAG-1,2,46,mm10
AAGCGTTGTGGTTCTA-1,3497,5,hg19
AAGCGTTGTTACCCTC-1,4373,7,hg19
AAGGAATAGTAGGCCA-1,6356,8,hg19
AAGGAATCAGATCCAT-1,5696,19,hg19
AAGGAATGTATTGAGA-1,3829,10,hg19
AAGGAATGTCTCCTGT-1,3877,2,hg19
AAGGAATTCTTTGATC-1,4838,1,hg19
AAGGTAAAGATGGCAC-1,2956,8,hg19
AAGGTAAAGGAAAGTG-1,4399,3,hg19
AAGGTAAAGTGCGTCC-1,1,61,mm10
AAGGTAACAAGTCATC-1,7495,7,hg19
AAGGTAACACTGTCGG-1,6392,3,hg19
AAGTCGTAGTAGATCA-1,1390,2,hg19
AAGTCGTAGTTGAAGT-1,2636,3,hg19
AAGTCGTCAAACACGG-1,3563,9,hg19
AAGTCGTTCAAGTGGG-1,4533,5,hg19
AAGTCGTTCTGGTCAA-1,5117,2,hg19
AAGTGAAAGGTTCTAC-1,0,46,mm10
AAGTGAACAATTCACG-1,3268,4,hg19
AAGTGAACAGTTAGAA-1,5526,5,hg19
AAGTGAAGTATCGTTG-1,3576,0,hg19
AAGTGAAGTCGCATTA-1,3446,3,hg19
AAGTGAAGTGTCTCCT-1,6313,3,hg19
AAGTGAAGTGTTACTG-1,4192,4,hg19
AAGTGAAGTTCCACGG-1,4910,1,hg19
AAGTGAATCACTCACC-1,4117,9,hg19
AAGTGAATCGATACGT-1,4787,8,hg19
AAGTTCGTCACCACAA-1,9633,16,hg19
AAGTTCGTCGCTAAAC-1,5399,5,hg19
AAGTTCGTCTGTGCTC-1,27,2748,mm10
AATAGAGAGCCTGTGC-1,3024,14,hg19
AATAGAGAGCGCTGCT-1,7216,5,hg19
AATAGAGCATGTTTGG-1,1,56,mm10
AATAGAGTCATGTCTT-1,4516,4,hg19
AATCACGAGCGCACAA-1,5679,5,hg19
AATCACGCACAGTATC-1,7020,11,hg19
AATCACGCAGTCCCGA-1,3791,2,hg19
AATCACGGTAGCGATG-1,9923,4,hg19
AATCACGGTTGTGGCC-1,4977,9,hg19
AATCACGTCGCAGAGA-1,7420,16,hg19
AATCACGTCTACTGCC-1,5856,8,hg19
AATCACGTCTCAGTCC-1,0,56,mm10
AATCACGTCTGGGTCG-1,2818,4,hg19
AATCGACCAATAGTAG-1,4582,4,hg19
AATCGACGTAATGATG-1,0,46,mm10
AATCGACGTTCATCTT-1,4843,5,hg19
AATCGACTCTCTAAGG-1,3970,9,hg19
AATCGTGAGAGTCACG-1,2,71,mm10
AATCGTGAGGGATCAC-1,1922,9,hg19
AATCGTGCAGCTTTCC-1,8842,15,hg19
AATCGTGTCATTACTC-1,4859,1,hg19
AATCGTGTCTGAATGC-1,4339,5,hg19
AATGAAGCACCTGCTT-1,4922,8,hg19
AATGAAGGTAAGACCG-1,4724,6,hg19
AATGAAGTCGCCTATC-1,6370,5,hg19
AATGACCAGTAGAATC-1,3450,7,hg19
AATGACCAGTGGCAGT-1,1,50,mm10
AATGACCCAACAGCTT-1,0,97,mm10
AATGACCCAATAAGGT-1,2586,10,hg19
AATGACCCACTGGACC-1,5415,15,hg19
AATGACCGTGACACGA-1,8042,6,hg19
AATGACCTCTGGGCCA-1,3461,3,hg19
AATGCCACAATTGCCA-1,157,13083,mm10
AATGCCACACTCCGGA-1,4107,12,hg19
AATGCCACAGACATCT-1,4966,12,hg19
AATGCCAGTGCAACGA-1,5410,10,hg19
AATGCCATCACTCACC-1,2822,4,hg19
AATGCCATCTCTTGCG-1,3926,6,hg19
AATGCCATCTTCTAAC-1,5162,10,hg19
AATGGAAAGAGGTTAT-1,3907,4,hg19
AATGGAAAGCTAGCCC-1,5131,3,hg19
AATGGAAGTCACTCTC-1,6097,7,hg19
AATGGAATCGAGAACG-1,1,69,mm10
AATGGCTAGGTAGACC-1,5090,13,hg19
AATGGCTAGTAAGCAT-1,2812,3,hg19
AATGGCTCAAGCGATG-1,3148,3,hg19
AATGGCTGTAGCGTTT-1,1838,6,hg19
AATGGCTTCACTGGTA-1,0,66,mm10
AATTCCTAGCGTATAA-1,2810,2,hg19
AATTCCTAGGCCTAAG-1,6768,16,hg19
AATTCCTCAACTGTGT-1,3601,7,hg19
AATTCCTCATCCTGTC-1,1976,5,hg19
AATTCCTGTAGACAGC-1,3286,2,hg19
AATTCCTTCAGCAGAG-1,4104,15,hg19
AATTCCTTCTCATGGA-1,4448,5,hg19
AATTTCCAGACCTGGA-1,814,1,hg19
AATTTCCTCGATACGT-1,2507,5,hg19
ACAAAGAAGCACTCTA-1,2362,16,hg19
ACAAAGAAGTGGACTG-1,3492,7,hg19
ACAAAGACACAGGATG-1,5297,8,hg19
ACAAAGACAGAGTGTG-1,3757,8,hg19
ACAAAGAGTGAGCGAT-1,3691,12,hg19
ACAAAGAGTTACCTTT-1,3656,7,hg19
ACAAAGAGTTAGTCGT-1,0,91,mm10
ACAAAGAGTTCCGTTC-1,4315,4,hg19
ACAAAGAGTTTCACTT-1,7275,5,hg19
ACAAAGATCGGAGATA-1,0,77,mm10
ACAAAGATCGGAGATG-1,186,37427,mm10
ACAAAGATCGGAGGTG-1,0,108,mm10
ACAACCAAGCCTTCTC-1,0,71,mm10
ACAACCACAAGCACAG-1,2130,12,hg19
ACAACCAGTACCAATC-1,5485,5,hg19
ACAACCATCCACACAA-1,4264,18,hg19
ACAACCATCCGCAACG-1,3176,9,hg19
ACAAGCTGTCCTCCAT-1,1597,5,hg19
ACAAGCTGTGGGCTTC-1,5701,7,hg19
ACACAGTAGACGCTCC-1,3,53,mm10
ACACAGTAGTGCCTCG-1,5916,8,hg19
ACACAGTAGTTGTAGA-1,0,48,mm10
ACACAGTCAACACGAG-1,3571,7,hg19
ACACAGTCATCCAACA-1,5135,9,hg19
ACACAGTTCAGACCCG-1,5670,1,hg19
ACACAGTTCAGCGCGT-1,3617,2,hg19
ACACCAAGTTCTAAGC-1,7734,7,hg19
ACACCAAGTTGGTACT-1,4164,7,hg19
ACACCAATCTGTCGCT-1,7654,13,hg19
ACACGCGAGAGTCAAT-1,5762,5,hg19
ACACGCGAGTAGTGCG-1,6485,7,hg19
ACACGCGGTACGATCT-1,1566,10,hg19
ACACGCGTCATTCTTG-1,2621,11,hg19
ACACTGAAGGTGAGAA-1,981,3,hg19
ACACTGAGTATCTCGA-1,4351,10,hg19
ACACTGAGTCCGACGT-1,4476,3,hg19
ACACTGATCCGTAGTA-1,2692,5,hg19
ACACTGATCTTTGGAG-1,6196,4,hg19
ACAGAAAAGTTCCAGC-1,0,49,mm10
ACAGAAAAGTTTCAGC-1,116,12271,mm10
ACAGAAACAGCTATAC-1,5026,11,hg19
ACAGAAACATCCGAAT-1,5411,6,hg19
ACAGAAACATGTTCGA-1,2503,7,hg19
ACAGAAAGTCTTGCTC-1,2824,9,hg19
ACAGAAATCTGCTCTG-1,1,48,mm10
ACAGAAATCTGTAACG-1,3672,9,hg19
ACAGCCGAGGACTATA-1,1,46,mm10
ACAGCCGCAACAAGAT-1,5193,9,hg19
ACAGCCGCACACAGAG-1,4455,3,hg19
ACAGCCGCACATGGTT-1,2853,4,hg19
ACAGCCGCATGTGACT-1,3811,7,hg19
ACAGCCGGTAGGCTCC-1,1867,9,hg19
ACAGCCGTCTTGGGCG-1,0,49,mm10
ACAGGGAAGCCATTCA-1,4880,5,hg19
ACATCCCAGAGCGACT-1,3708,5,hg19
ACATCCCCAGTCGCAC-1,9150,8,hg19
ACATCCCGTTGCGTAT-1,2419,1,hg19
ACATCCCTCCACAGGC-1,5368,23,hg19
ACATCGAAGGAGGTTC-1,4804,2,hg19
ACATCGACAGAGTAAT-1,17448,18,hg19
ACATCGAGTATCCCAA-1,0,57,mm10
ACATCGAGTCTTGAGT-1,9178,39,hg19
ACATCGATCATCACTT-1,1567,13,hg19
ACATCGATCCTAGCGG-1,1311,6,hg19
ACATCGATCTGACGCG-1,2867,3,hg19
ACATGCAAGATGCTAA-1,4106,4,hg19
ACATGCAGTCCAGCAC-1,4868,5,hg19
ACATGCAGTCCAGCCA-1,0,49,mm10
ACATGCAGTGGTTTGT-1,5127,9,hg19
ACATGCATCGTCGCTT-1,0,48,mm10
ACATTTCGTTGTGCCG-1,3488,19,hg19
ACATTTCTCCGTTGGG-1,0,56,mm10
ACATTTCTCGATTTCT-1,7179,11,hg19
ACCAAACAGGTCCAGA-1,2386,6,hg19
ACCAAACAGTCAGAGC-1,4986,4,hg19
ACCAAACCACGATAGG-1,4600,5,hg19
ACCAAACCAGAGACTG-1,12265,10,hg19
ACCAAACGTGGCATCC-1,0,64,mm10
ACCAAACTCATACGGT-1,5838,12,hg19
ACCAACACAAATGGCG-1,3396,3,hg19
ACCAACACAGAGGTTG-1,1,55,mm10
ACCAACAGTAACAAGT-1,3648,11,hg19
ACCAACAGTGCGTTTA-1,3067,4,hg19
ACCAACATCCACTAGA-1,1,46,mm10
ACCACAAAGTCGAAGC-1,3770,22,hg19
ACCACAATCACTCTTA-1,0,51,mm10
ACCACAATCGAGTCTA-1,3703,10,hg19
ACCATTTAGACTTCCA-1,13097,18,hg19
ACCATTTCACAAGCTT-1,1,74,mm10
ACCATTTCATGTGCCG-1,2438,8,hg19
ACCCAAAAGCACTCCG-1,3930,12,hg19
ACCCAAAAGTTCCTGA-1,1878,5,hg19
ACCCAAATCCGATAAC-1,5064,6,hg19
ACCCTCAAGAAGAACG-1,1313,4,hg19
ACCCTCAAGGGTAGCT-1,10867,29,hg19
ACCCTCACAGGATCTT-1,0,82,mm10
ACCCTCATCTCGTGAA-1,3809,7,hg19
ACCCTTGAGAGTTGTA-1,2536,2,hg19
ACCCTTGCATAATCCG-1,4537,3,hg19
ACCCTTGCATTGAAGA-1,11992,4,hg19
ACCCTTGGTAGTCTGT-1,7649,13,hg19
ACCCTTGGTGATATAG-1,2404,5,hg19
ACCGTTCAGAGTCTGG-1,5656,2,hg19
ACCGTTCCATTCTCCG-1,6069,10,hg19
ACCGTTCGTTCGTACA-1,8562,19,hg19
ACCGTTCGTTGCTGAT-1,2676,11,hg19
ACCGTTCTCCACACCT-1,1,56,mm10
ACCGTTCTCGGTTCAA-1,8291,7,hg19
ACCTACCAGGTACAGC-1,4106,3,hg19
ACCTACCCACCAGTAT-1,1861,4,hg19
ACCTACCCACGTACTA-1,2848,9,hg19
ACCTACCCACGTATAC-1,7963,4,hg19
ACCTACCGTGTCATGT-1,3378,14,hg19
ACCTGAAAGCTAAGTA-1,4731,9,hg19
ACCTGAAAGTTGTCGT-1,9382,3,hg19
ACCTGAACAGACCTGC-1,7019,10,hg19
ACCTGAACAGATACCT-1,4491,11,hg19
ACCTGAATCAGCTTCC-1,0,51,mm10
ACCTGAATCCCGAAAT-1,4389,7,hg19
ACCTGAATCGACCAAT-1,5713,5,hg19
ACCTGTCCAGCATACT-1,4426,16,hg19
ACCTGTCGTGTCTCCT-1,2901,4,hg19
ACCTGTCTCCAGTGTA-1,3297,11,hg19
ACGATCAAGCTATCCA-1,3375,4,hg19
ACGATCACACACGGTC-1,4684,7,hg19
ACGATCACATAGAGGC-1,0,55,mm10
ACGATCAGTAAGCAAT-1,6547,5,hg19
ACGATCATCGAACTCA-1,2441,18,hg19
ACGATGTCATAGGAGC-1,8292,22,hg19
ACGATGTTCCAGTGCG-1,11597,10,hg19
ACGATGTTCGCCAATA-1,2430,8,hg19
ACGATGTTCGTCAACA-1,5781,8,hg19
ACGCACGAGGAACATT-1,11072,5,hg19
ACGCACGCAGTGTACT-1,3108,15,hg19
ACGCACGGTACAAGTA-1,1448,3,hg19
ACGCACGGTCTTTATC-1,65,51,hg19
ACGGAAGAGTGAGGCT-1,6582,6,hg19
ACGGAAGCATGATGCT-1,5794,11,hg19
ACGGAAGGTACGATTC-1,6650,4,hg19
ACGGAAGTCTATTGTC-1,3117,2,hg19
ACGGGTCAGCCGATTT-1,0,51,mm10
ACGGGTCCACATAGCT-1,3214,21,hg19
ACGGGTCCACGATAGG-1,5813,14,hg19
ACGGGTCGTGGACCTC-1,5526,5,hg19
ACGGTCGAGACCGCCT-1,4066,4,hg19
ACGGTCGAGTTTCGAC-1,2804,10,hg19
ACGGTCGGTGTCCAAT-1,6379,82,Multiplet
ACGGTCGGTTCTCAGA-1,2874,7,hg19
ACGGTCGGTTGCGTAT-1,0,55,mm10
ACGGTCGTCGACACTA-1,3801,14,hg19
ACGGTTAAGCTCGGCT-1,3702,15,hg19
ACGGTTAGTGAATATG-1,4416,12,hg19
ACGGTTATCAAGTAAG-1,6578,15,hg19
ACGGTTATCGACCACG-1,6309,4,hg19
ACGTAACAGTGGATTA-1,1303,11,hg19
ACGTAACGTCTTGCGG-1,4149,2,hg19
ACGTAACGTGTTCGTA-1,0,136,mm10
ACGTAACTCTGTTGGA-1,4542,9,hg19
ACGTACAAGGATATAC-1,3345,4,hg19
ACGTACAAGGCTCCCA-1,5767,8,hg19
ACGTACAGTAGCGTCC-1,0,60,mm10
ACGTACAGTGGGACAT-1,4457,9,hg19
ACGTACATCCCTCGAT-1,3973,16,hg19
ACGTACATCCGGGACT-1,6499,17,hg19
ACGTACATCTCCGATC-1,6252,7,hg19
ACGTAGTGTCTAGGCC-1,5357,2,hg19
ACGTAGTTCCCACAGG-1,0,65,mm10
ACGTCCTAGACGCAGT-1,2972,4,hg19
ACGTCCTCAAAGCGTG-1,3326,3,hg19
ACGTCCTCACCTAAAC-1,2444,3,hg19
ACGTCCTCAGCGATTT-1,7192,6,hg19
ACGTCCTGTATTGCCA-1,4550,3,hg19
ACGTCCTGTTGCTCCT-1,5196,4,hg19
ACGTCCTTCACTCTTA-1,1,50,mm10
ACGTTCCAGTTGTCGT-1,1,48,mm10
ACGTTCCCAATCGTCA-1,3440,15,hg19
ACGTTCCCACTCAGAT-1,3841,13,hg19
ACGTTCCGTATGCGTT-1,2208,9,hg19
ACGTTCCGTTCGGACC-1,655,1,hg19
ACGTTCCTCCCTTGGT-1,9360,20,hg19
ACTACGAAGGTCCGAA-1,2647,6,hg19
ACTACGACAAGGATGC-1,2714,3,hg19
ACTACGACATTGCTTT-1,1065,5,hg19
ACTATCTCATCGCTAA-1,4757,4,hg19
ACTATCTGTATCGAAA-1,5374,4,hg19
ACTATCTTCACCTCAC-1,6869,12,hg19
ACTATCTTCACCTCGT-1,0,63,mm10
ACTATGGAGCAGTAAT-1,4647,8,hg19
ACTATGGCACGGTGAA-1,0,50,mm10
ACTATGGCACTGATTG-1,3267,9,hg19
ACTATGGCATGTTCGA-1,5856,11,hg19
ACTATTCAGGATCACG-1,4113,2,hg19
ACTATTCCAAATGGTA-1,1721,16,hg19
ACTATTCCAGTGAGCA-1,5055,2,hg19
ACTATTCCATTCTGTT-1,0,65,mm10
ACTATTCGTGATTCAC-1,6477,3,hg19
ACTATTCGTTATTCTC-1,0,49,mm10
ACTATTCTCCCAGCGA-1,5391,12,hg19
ACTATTCTCCGTCACT-1,8686,11,hg19
ACTCCCAAGAAGCGGG-1,0,48,mm10
ACTCCCAAGCCTTGAT-1,3,52,mm10
ACTCCCACACCCATAA-1,5608,9,hg19
ACTCCCACATAATGAG-1,5775,4,hg19
ACTCCCAGTTAGGACG-1,6937,12,hg19
ACTCCCATCTCTCAAT-1,4626,5,hg19
ACTCTCGAGGGCGAAG-1,5900,4,hg19
ACTCTCGCATGCGGTC-1,3891,3,hg19
ACTCTCGTCATTTCCA-1,6952,5,hg19
ACTCTCGTCGCTATTT-1,5831,1,hg19
ACTGATGAGCTGACCC-1,2688,7,hg19
ACTGATGAGTAAACAC-1,6944,11,hg19
ACTGATGTCAGGAAAT-1,7610,5,hg19
ACTGATGTCGAGATGG-1,37,74,mm10
ACTGATGTCGGCTGTG-1,3283,4,hg19
ACTGCAAAGCGCACAA-1,7283,9,hg19
ACTGCAAAGTGGTGGT-1,4382,4,hg19
ACTGCAATCCTAACAG-1,3337,5,hg19
ACTGCAATCTGGACCG-1,2814,6,hg19
ACTGTCCCAGAAGTGC-1,1,50,mm10
ACTGTCCTCGTGCAGC-1,4407,4,hg19
ACTGTGAAGAGGTCGT-1,2338,1,hg19
ACTGTGAAGTACGAGC-1,3022,7,hg19
ACTGTGACACGGGCTT-1,0,48,mm10
ACTGTGACAGAGCGTA-1,3485,17,hg19
ACTGTGATCGATACAC-1,3084,4,hg19
ACTGTGATCGGTAACT-1,883,4,hg19
ACTTAGGAGCGTCAAG-1,3441,4,hg19
ACTTAGGAGGAAAGAC-1,3298,14,hg19
ACTTAGGCACGCTGCA-1,3207,4,hg19
ACTTATCTCACAATGC-1,0,92,mm10
ACTTATCTCGAACTCA-1,10338,36,hg19
ACTTCCGCAGTACTAC-1,2,59,mm10
ACTTCCGTCTGCGGGT-1,4638,3,hg19
ACTTCGCTCCACCTCA-1,5397,5,hg19
ACTTTCAAGCGTATAA-1,3162,2,hg19
ACTTTCAAGGTGAGCT-1,6074,3,hg19
ACTTTCAGTACCGGCT-1,5300,21,hg19
ACTTTCATCTAAACGC-1,4437,5,hg19
ACTTTGTCAACCAATC-1,2737,7,hg19
ACTTTGTCACGCCAGT-1,4990,4,hg19
ACTTTGTCATGAGAAT-1,1069,1,hg19
ACTTTGTGTACTGAGG-1,5731,2,hg19
ACTTTGTGTTGCTTGA-1,4156,0,hg19
AGAAATGCAACTAGAA-1,2158,9,hg19
AGAAATGCAATGACCT-1,0,72,mm10
AGAAATGCACGCGCAT-1,2742,6,hg19
AGAAATGCACGTATAC-1,2620,4,hg19
AGAAATGCAGCAGTTT-1,3537,6,hg19
AGAACAAAGCTAGAAT-1,2329,3,hg19
AGAACAAAGCTTTCTT-1,4953,6,hg19
AGAACAAAGTAAGCAT-1,1,46,mm10
AGAACAACAACTGAAA-1,3564,3,hg19
AGAACAACAAGGCGTA-1,5437,4,hg19
AGAACAACACTCCGGA-1,5641,8,hg19
AGAACAACAGCTGTTA-1,3893,2,hg19
AGAACAAGTCAACCAT-1,6066,4,hg19
AGAACCTAGCTGAAGC-1,4240,17,hg19
AGAACCTAGGGTAATT-1,3478,5,hg19
AGAACCTAGTTGCTCA-1,5433,8,hg19
AGAACCTCACCCAAGC-1,0,75,mm10
AGAACCTCAGGGAATC-1,4312,3,hg19
AGAACCTTCCGTCAAA-1,0,53,mm10
AGAACCTTCGGAATTC-1,6134,3,hg19
AGAACCTTCTTAAGGC-1,8090,5,hg19
AGAAGCGAGCCTGAAG-1,4001,7,hg19
AGAAGCGCAACAGCTT-1,1207,8,hg19
AGAAGCGGTCATGACT-1,6575,2,hg19
AGAAGCGTCAATCCAG-1,3294,2,hg19
AGAAGCGTCAGACCCG-1,3811,13,hg19
AGAAGCGTCCGTGGGT-1,7861,3,hg19
AGAAGCGTCGCCGTGA-1,4269,1,hg19
AGAAGCGTCGGATTAC-1,3540,4,hg19
AGAAGTACAAGGTCAG-1,3447,3,hg19
AGAAGTAGTAGTCCTA-1,3821,5,hg19
AGACAAAAGCATGTTC-1,1950,6,hg19
AGACAAAAGCGCACAA-1,3545,5,hg19
AGACAAACACGGCACT-1,1869,4,hg19
AGACAAATCCCTGGTT-1,8661,10,hg19
AGACAAATCTTAGTTC-1,6870,13,hg19
AGACACTAGCCGTAAG-1,0,65,mm10
AGACACTAGGTAAGTT-1,6378,11,hg19
AGACACTGTGATGTAA-1,3035,6,hg19
AGACACTGTTACACAC-1,1,83,mm10
AGACACTTCACTGCTC-1,5609,4,hg19
AGACAGGAGCCTTTCC-1,5916,15,hg19
AGACAGGAGCGATGCA-1,5333,4,hg19
AGACAGGAGCTCTTCC-1,1836,5,hg19
AGACAGGAGGCAGTCA-1,7091,7,hg19
AGACAGGAGTTCCGGC-1,4593,9,hg19
AGACAGGTCAGCAGAG-1,1592,1,hg19
AGACAGGTCTAAGGAA-1,0,107,mm10
AGACAGGTCTCTATGT-1,3727,3,hg19
AGACCATAGACATCCT-1,4785,21,hg19
AGACCATAGTAAACTG-1,1,61,mm10
AGACCATCAGTCTGGC-1,6166,7,hg19
AGACCATGTCAAGTTC-1,2421,3,hg19
AGACCATGTGACTCGC-1,63,31086,mm10
AGACCATTCAAACCTG-1,6740,29,hg19
AGACCATTCGTCAACA-1,4426,3,hg19
AGACCCGAGATCGGTG-1,2,49,mm10
AGACCCGAGCACTCTA-1,3670,15,hg19
AGACCCGAGCTTCTAG-1,7032,6,hg19
AGACCCGAGGTGCATG-1,4273,2,hg19
AGACCCGCAAGCCTGC-1,3552,20,hg19
AGACCCGCACACTGGC-1,825,2,hg19
AGACCCGGTGGCGCTT-1,5034,9,hg19
AGACCCGTCTGGTCAA-1,5107,3,hg19
AGACCCGTCTTACGTT-1,4307,10,hg19
AGACTCAAGACGGAAA-1,4361,8,hg19
AGACTCAAGCAACTCT-1,13994,27,hg19
AGACTCAAGCACTAAA-1,4719,9,hg19
AGACTCAAGGCTCACC-1,4104,5,hg19
AGACTCAAGTAACAGT-1,0,61,mm10
AGACTCAGTACTCGAT-1,6062,9,hg19
AGACTCAGTGGACAGT-1,3245,8,hg19
AGAGAATAGTCGGGAT-1,7250,11,hg19
AGAGAATAGTGAGGTC-1,8704,2,hg19
AGAGAATCAACCGCTG-1,2,68,mm10
AGAGAATGTCACTTCC-1,4226,8,hg19
AGAGAATGTCCAGCCA-1,8112,18,hg19
AGAGAGCAGAAGTATC-1,4457,8,hg19
AGAGAGCAGGCTGAAC-1,3531,4,hg19
AGAGAGCAGGTCTACT-1,5316,3,hg19
AGAGAGCCAGCACCCA-1,3922,6,hg19
AGAGAGCTCGTGGACC-1,1165,2,hg19
AGAGCAGAGCCTCACG-1,4958,8,hg19
AGAGCAGAGTACAGAT-1,1333,1,hg19
AGAGCAGGTAGCGCTC-1,0,54,mm10
AGAGCAGGTTCATCGA-1,3768,2,hg19
AGAGCCCCACCATAAC-1,6324,10,hg19
AGAGCCCCACTAGAGG-1,3579,4,hg19
AGAGCCCGTAATGCGG-1,3363,5,hg19
AGAGCCCGTGAACGGT-1,8231,9,hg19
AGATAGAAGGTAAGTT-1,4354,1,hg19
AGATAGAAGTCCCGAC-1,1,54,mm10
AGATAGACACAATCTG-1,5196,10,hg19
AGATAGAGTCTGTAGT-1,7399,7,hg19
AGATAGATCTCACGAA-1,1,49,mm10
AGATCCAAGCCTCAAT-1,4832,11,hg19
AGATCCAAGTCTTGGT-1,6674,20,hg19
AGATCCAAGTTGGCGA-1,3848,6,hg19
AGATCCAGTTCCGCAG-1,2828,11,hg19
AGATCCAGTTCTCCAC-1,3883,5,hg19
AGATCGTAGAGGGTAA-1,0,81,mm10
AGATCGTAGTCACTGT-1,5058,5,hg19
AGATCGTGTCGGAAAC-1,2769,4,hg19
AGATCGTTCAACCGAT-1,5684,5,hg19
AGATCGTTCATCACAG-1,1290,8,hg19
AGATCGTTCCTTCACG-1,5766,8,hg19
AGATGAATCAAGGAGC-1,6036,5,hg19
AGATGAATCAGTCACA-1,1,51,mm10
AGATGCTAGGCACTCC-1,3584,8,hg19
AGATGCTCAAGGACAC-1,6072,12,hg19
AGATGCTCATGATGCT-1,11864,16,hg19
AGATGCTTCATCACAG-1,7349,7,hg19
AGCATCAAGCGGTAAC-1,6585,6,hg19
AGCATCACACTTGTCC-1,1,51,mm10
AGCATCAGTCAAAGAT-1,0,50,mm10
AGCATCAGTCCAGCCA-1,1,57,mm10
AGCCAATGTCGGAACA-1,3202,8,hg19
AGCCAATTCACTGTCC-1,6038,4,hg19
AGCCAATTCAGGAAGC-1,3465,15,hg19
AGCCACGCACAGCTGC-1,7190,6,hg19
AGCCACGCACGTCATA-1,2913,4,hg19
AGCCAGCAGATCCCAT-1,5013,6,hg19
AGCCAGCCAACGACTT-1,4430,20,hg19
AGCCAGCTCTAAGGAA-1,0,51,mm10
AGCGATTGTGTTACTG-1,4932,4,hg19
AGCGATTGTTACAGCT-1,1192,4,hg19
AGCGATTTCCTTGAAG-1,994,1,hg19
AGCGCCAAGATGGCGT-1,3615,1,hg19
AGCGCCACACCGGCTA-1,2110,10,hg19
AGCGCCACACTGCGAC-1,4119,17,hg19
AGCGCTGAGCTTTCTT-1,5478,17,hg19
AGCGCTGGTGGCGTAA-1,2711,3,hg19
AGCGCTGGTTAATGAG-1,12873,10,hg19
AGCGCTGTCCACCTGT-1,4197,20,hg19
AGCGCTGTCCTACGAA-1,4142,6,hg19
AGCGTATAGATCCTAC-1,1,74,mm10
AGCGTATAGTGGACGT-1,5104,5,hg19
AGCGTATTCCGCTAGG-1,2325,3,hg19
AGCGTCGCAATCCTAG-1,2866,0,hg19
AGCGTCGCAGCCTTCT-1,4890,0,hg19
AGCGTCGTCGGATAAA-1,3431,2,hg19
AGCTACAAGAAACTAC-1,511,2,hg19
AGCTACACAACTGATC-1,5744,5,hg19
AGCTACACATAGAAAC-1,10722,9,hg19
AGCTCAAAGCCATTGT-1,9464,4,hg19
AGCTCAACAGCATCTA-1,0,66,mm10
AGCTCAACATTCAGCA-1,4037,9,hg19
AGCTCAAGTAACGCGA-1,7090,10,hg19
AGCTCAAGTAGCGTCC-1,2627,3,hg19
AGCTCAAGTATGGAGC-1,7267,18,hg19
AGCTCAAGTGATATAG-1,3272,3,hg19
AGCTCAAGTTCAGGTT-1,4664,5,hg19
AGCTCAAGTTGCCTAA-1,3169,5,hg19
AGCTCAATCAAGAGTA-1,7814,13,hg19
AGCTTCCAGCGCCTAC-1,3684,15,hg19
AGGAAATGTGTAGGAC-1,2555,1,hg19
AGGAATAAGAAGATCT-1,4054,6,hg19
AGGAATACAACTGATC-1,2580,8,hg19
AGGAATACAGACAAAT-1,0,80,mm10
AGGAATACATCGAACT-1,9269,14,hg19
AGGAATATCACGGAGA-1,3322,6,hg19
AGGACGAAGAGGTGCT-1,1394,5,hg19
AGGACGAAGCGTTCCG-1,2569,7,hg19
AGGACGACAATTGAAG-1,14420,12,hg19
AGGACGACAGCCGTTG-1,4203,3,hg19
AGGACGACATACCGTA-1,8317,5,hg19
AGGACTTAGGGCCCTT-1,7621,11,hg19
AGGACTTTCCACACAA-1,6224,12,hg19
AGGACTTTCCGACATA-1,2332,7,hg19
AGGAGGTCAAACTGCT-1,3138,5,hg19
AGGAGGTCATCGGATT-1,5049,16,hg19
AGGAGGTTCACCTGGG-1,3549,2,hg19
AGGATAAAGAGCAACC-1,72,15874,mm10
AGGATAATCATTTCCA-1,6110,11,hg19
AGGATCTAGTAGTCAA-1,4734,8,hg19
AGGATCTCAAGGCCTC-1,1958,15,hg19
AGGATCTTCATTGTTC-1,4517,2,hg19
AGGATCTTCGAAGAAT-1,6042,19,hg19
AGGATCTTCTGTCGTC-1,4740,10,hg19
AGGCATTCACCAGGTC-1,4284,5,hg19
AGGCATTGTCCAAGAG-1,3963,7,hg19
AGGCCACAGATGACAT-1,3959,13,hg19
AGGCCACAGCAACAAT-1,1660,6,hg19
AGGCCACCACGCGTCA-1,7790,8,hg19
AGGCCACCAGGTTCAT-1,6853,12,hg19
AGGCCACGTAGTTACC-1,5204,7,hg19
AGGCTGCAGGAACGCT-1,3416,4,hg19
AGGCTGCCACCAGTTA-1,1,61,mm10
AGGCTGCCATAGTCGT-1,4705,1,hg19
AGGCTGCCATGACTAC-1,9720,9,hg19
AGGCTGCGTTCAGCTA-1,759,2,hg19
AGGCTGCTCCATTGCC-1,3752,6,hg19
AGGCTGCTCGATAACC-1,5647,4,hg19
AGGCTGCTCGCATAGT-1,1394,2,hg19
AGGGAGTAGAGAGCAA-1,2902,5,hg19
AGGGAGTAGCGCACAA-1,6624,5,hg19
AGGGAGTAGCTAAGTA-1,5135,9,hg19
AGGGAGTCAGCTTCGG-1,1931,5,hg19
AGGGAGTCATACCATG-1,3338,10,hg19
AGGGAGTGTCAGGCAA-1,6287,7,hg19
AGGGAGTGTTATGTCG-1,4339,6,hg19
AGGGAGTTCCAAGCCG-1,4132,9,hg19
AGGGAGTTCCGTACGG-1,6280,8,hg19
AGGGCCTAGAGGTTTA-1,5957,14,hg19
AGGGCCTAGCTGTCCG-1,3581,6,hg19
AGGGCCTCACTGGAAG-1,84,42296,mm10
AGGGCCTGTCAAAGTA-1,4731,7,hg19
AGGGCCTTCAGTCAGT-1,9337,11,hg19
AGGGCCTTCGTTGCCT-1,6526,5,hg19
AGGGCCTTCTGGTCAA-1,0,54,mm10
AGGGCTCGTTGAGTCT-1,2492,0,hg19
AGGGTCCGTCAGCGTC-1,3895,2,hg19
AGGGTCCGTCGTGGTC-1,11133,4,hg19
AGGGTCCGTGGGCTTC-1,6277,4,hg19
AGGGTCCGTTACTCAG-1,2540,10,hg19
AGGGTCCTCTTGGATG-1,0,56,mm10
AGGGTGAAGCTGTCCG-1,4236,11,hg19
AGGGTGACACCCTTAC-1,8569,9,hg19
AGGGTGACAGTCGCTG-1,5334,15,hg19
AGGGTGAGTCTGTTAG-1,113,21524,mm10
AGGGTGAGTCTTGTCC-1,4292,7,hg19
AGGGTTTAGCCTGTGC-1,4190,5,hg19
AGGGTTTAGTTCGGTT-1,3889,12,hg19
AGGGTTTCAAGTTGGG-1,2344,3,hg19
AGGGTTTCACCGTGCA-1,43,51,mm10
AGGGTTTTCGTTGTGA-1,2,52,mm10
AGGGTTTTCTAGTGTG-1,2072,4,hg19
AGGTAGGAGAGCATAT-1,8385,11,hg19
AGGTAGGCACAGCCTG-1,80,7353,mm10
AGGTAGGCAGTGGTGA-1,3653,9982,Multiplet
AGGTAGGGTTGCGGAA-1,5695,9,hg19
AGGTAGGTCCCGAGTG-1,10079,8,hg19
AGGTCATAGCGCCTAC-1,7070,5,hg19
AGGTCATAGGGAGGTG-1,2578,2,hg19
AGGTCATCAACTTGCA-1,2173,5,hg19
AGGTCATGTGGTCTAT-1,6337,10,hg19
AGGTCATTCAAGAGGC-1,10764,8,hg19
AGGTCATTCATGAAAG-1,9010,7,hg19
AGGTCATTCCTAAACG-1,56,79,mm10
AGGTCATTCGCTATTT-1,500,2,hg19
AGGTCATTCTAGATCG-1,0,50,mm10
AGGTCTAAGAGGCCAT-1,0,63,mm10
AGGTCTACAGGTCCCA-1,940,21,hg19
AGGTCTAGTGACGTCC-1,1,46,mm10
AGGTCTAGTGGAGAAA-1,1752,5,hg19
AGGTCTATCAAGGCTT-1,3719,3,hg19
AGGTCTATCCATTGTT-1,847,2,hg19
AGGTCTATCCTCTCGA-1,1,46,mm10
AGGTGTTAGCGGATCA-1,8278,2,hg19
AGGTGTTCAAATCGTC-1,2987,5,hg19
AGGTGTTGTCCCGGTA-1,2210,2,hg19
AGGTGTTTCTTACGTT-1,9263,24,hg19
AGGTTACAGCGTTGTT-1,3570,3,hg19
AGGTTACGTGGCAACA-1,11899,10,hg19
AGGTTACGTTGACGGA-1,5373,10,hg19
AGGTTACTCTTTGCGC-1,1,54,mm10
AGGTTGTCATCCGTTC-1,0,103,mm10
AGTAACCAGGTTCAGG-1,9281,17,hg19
AGTACCAAGCCGGATA-1,0,60,mm10
AGTACCAAGGCTGGAT-1,835,8,hg19
AGTACCAAGGTACCTT-1,2991,1,hg19
AGTACCACAGGCCCTA-1,2258,10,hg19
AGTACCACATACTGAC-1,3596,5,hg19
AGTACCATCGCCAGTG-1,1210,2,hg19
AGTACTGAGACATATG-1,7520,7,hg19
AGTACTGGTATCAGGG-1,3387,5,hg19
AGTACTGGTATCGAAA-1,5143,6,hg19
AGTAGCTAGCGTCTGC-1,2540,5,hg19
AGTAGCTAGGGATCAC-1,3562,9,hg19
AGTAGCTCAACTGTGT-1,3232,1,hg19
AGTAGCTCATTGAGCT-1,3445,4,hg19
AGTAGCTGTAACAGGC-1,786,2,hg19
AGTAGCTGTTTCGTTT-1,7824,4,hg19
AGTAGCTTCTGATGGT-1,7724,6,hg19
AGTAGTCAGCCTATTG-1,3566,1,hg19
AGTAGTCCACCTGATA-1,3675,6,hg19
AGTAGTCCAGGGATAC-1,6238,10,hg19
AGTAGTCCAGTCGGAA-1,5182,6,hg19
AGTCAACAGCACTTTG-1,4179,5,hg19
AGTCAACAGGTGCCAA-1,1,56,mm10
AGTCAACCAAGGGTCA-1,1,70,mm10
AGTCAACGTGGTCCGT-1,3093,5,hg19
AGTCAACGTTGTACGT-1,4303,12,hg19
AGTCAACTCCATAGAC-1,4174,15,hg19
AGTCACACAATACAGA-1,4908,5,hg19
AGTCACACATCTTAGG-1,7196,7,hg19
AGTCACATCATCGCTC-1,4153,5,hg19
AGTCATGCACAATTCG-1,5525,7,hg19
AGTCATGGTCAATGGG-1,5118,4,hg19
AGTCATGGTTAGGCTT-1,9987,3,hg19
AGTCATGTCCAGTGCG-1,540,4,hg19
AGTCATGTCGCCGTGA-1,1,55,mm10
AGTCTCCCAATTGCTG-1,3019,4,hg19
AGTCTCCTCAAACCCA-1,5426,9,hg19
AGTCTCCTCACGGTCG-1,5934,13,hg19
AGTCTCCTCATGCCCT-1,4171,5,hg19
AGTGACTAGACAGTCG-1,1066,1,hg19
AGTGACTAGAGGACTC-1,1789,5,hg19
AGTGACTAGCAAATGT-1,7746,4,hg19
AGTGACTAGCAACCAG-1,3743,1,hg19
AGTGACTAGCTAATCC-1,1325,2,hg19
AGTGACTTCAGTCAGT-1,1504,7,hg19
AGTGACTTCCTCAGAA-1,5014,6,hg19
AGTGATCAGACATCAA-1,6016,7,hg19
AGTGATCAGACGGATC-1,1708,3,hg19
AGTGATCGTACCATAC-1,0,131,mm10
AGTGATCGTTACCCAA-1,1241,3,hg19
AGTGATCTCAATCAGC-1,7764,8,hg19
AGTGCCGCAACCGACC-1,2850,2,hg19
AGTGCCGCACGACAGA-1,7540,15,hg19
AGTGCCGGTCCCTCAT-1,1988,3,hg19
AGTGCCGTCGCCAGTG-1,23,311,mm10
AGTGCCGTCGTAGGAG-1,1659,3,hg19
AGTGCCGTCTAAGGAA-1,2188,3,hg19
AGTGTTGAGGATTCCT-1,3407,1,hg19
AGTGTTGCAATGAAAC-1,76,11139,mm10
AGTGTTGCAGCACGAA-1,11510,9,hg19
AGTGTTGGTTCGGTTA-1,3455,1,hg19
AGTGTTGTCGCTCTAC-1,3654,8,hg19
AGTGTTGTCTGCTCTG-1,4811,0,hg19
AGTTAGCAGCCACAAG-1,3231,7,hg19
AGTTAGCAGGTTAGTA-1,1,55,mm10
AGTTAGCCACTCAAGT-1,5961,9,hg19
AGTTAGCGTCTTCTAT-1,3473,5,hg19
AGTTCCCGTATCAAGA-1,28,57,mm10
AGTTCGAAGCTGTACT-1,4089,4,hg19
ATACCGAAGTCATGCT-1,7528,47,hg19
ATACCGACACTACGGC-1,2,57,mm10
ATACCGAGTTGGAGAC-1,3323,48,Multiplet
ATACCGATCCTCTAAT-1,0,54,mm10
ATACCTTCAGTCTACA-1,5958,33,hg19
ATACCTTGTACCCACG-1,952,2,hg19
ATACCTTTCCTATGGA-1,3859,2,hg19
ATACCTTTCTGCGTCT-1,1404,4,hg19
ATACTTCAGAGGTCGT-1,848,2,hg19
ATACTTCAGCAGAAAG-1,6778,11,hg19
ATACTTCGTAACACGG-1,3905,10,hg19
ATACTTCGTGCGTTTA-1,4707,2,hg19
ATACTTCTCTCAGTCC-1,1,77,mm10
ATAGACCAGCATCTTG-1,3893,6,hg19
ATAGAGAAGAGCAAGA-1,5984,20,hg19
ATAGAGACAAACGAGC-1,4531,7,hg19
ATAGAGACAAGGTTGG-1,3868,5,hg19
ATAGAGAGTCATCCGG-1,3841,8,hg19
ATAGAGAGTCCCAAAT-1,4472,3,hg19
ATAGAGATCGCGAAGA-1,3911,7,hg19
ATAGAGATCGTTATCT-1,10435,8,hg19
ATAGAGATCTGGTTGA-1,4299,4,hg19
ATAGGCTCACTGCGAC-1,8399,13,hg19
ATAGGCTGTAGGCTCC-1,4780,6,hg19
ATAGGCTTCCGCGATG-1,4885,9,hg19
ATATCCTAGAGTATAC-1,3849,13,hg19
ATATCCTGTTTGGGAG-1,0,82,mm10
ATATCCTTCACCCTCA-1,13072,40,hg19
ATATCCTTCCCTCAAC-1,2766,6,hg19
ATATCCTTCCTACACC-1,3,59,mm10
ATATCCTTCTGCCTCA-1,1,81,mm10
ATCACAGAGATTGACA-1,2598,6,hg19
ATCACAGGTCCCGCAA-1,2331,8,hg19
ATCACAGGTTTAAGGA-1,2917,3,hg19
ATCACAGTCCTCACGT-1,5764,9,hg19
ATCACAGTCGTCAACA-1,926,4,hg19
ATCACGACAACACAAA-1,5532,7,hg19
ATCACGAGTACGACAG-1,3715,21,hg19
ATCACGAGTAGTATAG-1,0,48,mm10
ATCACGATCTATTCGT-1,7089,11,hg19
ATCACTTAGATACATG-1,3933,1,hg19
ATCACTTGTGCACGCT-1,0,47,mm10
ATCAGGTCAAGTATCC-1,886,3,hg19
ATCAGGTCACATGTTG-1,2325,4,hg19
ATCAGGTGTACAGTTC-1,2,61,mm10
ATCAGGTGTACGAGCA-1,2445,3,hg19
ATCAGGTGTCATCGCG-1,942,2,hg19
ATCAGGTGTTTATGCG-1,4235,4,hg19
ATCAGGTTCTATACGG-1,1,47,mm10
ATCATTCAGGAGGTTC-1,3948,5,hg19
ATCATTCCATTCGATG-1,4275,7,hg19
ATCATTCCATTGAGCT-1,6793,18,hg19
ATCATTCGTCGGTGAA-1,4357,2,hg19
ATCATTCTCAAGGACG-1,2469,5,hg19
ATCCATTAGTTGTAGA-1,11318,18,hg19
ATCCATTGTCTTGGTA-1,7959,1,hg19
ATCCATTGTGCACATT-1,3205,5,hg19
ATCCCTGAGCTGTGCC-1,4116,2,hg19
ATCCCTGAGGCTTAAA-1,5977,4,hg19
ATCCCTGGTTCGGCGT-1,0,49,mm10
ATCCCTGTCTGTCTCG-1,4399,2,hg19
ATCCGTCCAACCAATC-1,1,72,mm10
ATCCGTCGTCTACATG-1,2739,2,hg19
ATCCGTCGTGGACCAA-1,2476,6,hg19
ATCCGTCTCGCCTAGG-1,5374,2,hg19
ATCCTATAGATTGTGA-1,3216,6,hg19
ATCCTATAGTCCTGTA-1,4477,5,hg19
ATCCTATCAAATACGA-1,5319,4,hg19
ATCCTATCAGTAGAAT-1,7179,7,hg19
ATCCTATTCTGTGCGG-1,890,3,hg19
ATCGATGAGACTAGAT-1,7949,6,hg19
ATCGATGAGACTTCAC-1,1,58,mm10
ATCGATGCAAGAAATC-1,4046,2,hg19
ATCGATGCACGCACCA-1,5,57,mm10
ATCGATGGTTCTCCTG-1,4577,5,hg19
ATCGATGTCACCTTGC-1,4116,3,hg19
ATCGATGTCCAATGCA-1,6893,9,hg19
ATCGATGTCTGAGTCA-1,3799,4,hg19
ATCGCCTAGAAGCTGC-1,11944,10,hg19
ATCGCCTAGGTGCAGT-1,1,53,mm10
ATCGCCTGTCACATTG-1,0,62,mm10
ATCGCCTTCGTTCTCG-1,5834,10,hg19
ATCGGATAGCCACAAG-1,4125,11,hg19
ATCGGATAGTCCCAGC-1,0,76,mm10
ATCGGATTCATTTGTC-1,1479,11,hg19
ATCGGCGCAACGGCTC-1,4609,15,hg19
ATCGGCGCAAGGTACG-1,702,0,hg19
ATCGGCGCAGAATGTA-1,4686,5,hg19
ATCGGCGCATGTGGCC-1,9039,6,hg19
ATCGGCGCATTCTCTA-1,3038,4,hg19
ATCGGCGGTCTGCAAT-1,2141,3,hg19
ATCGTAGAGCCTGACC-1,10265,9,hg19
ATCGTAGAGCGGTAAC-1,1812,2,hg19
ATCGTAGCAACGCATT-1,6333,10,hg19
ATCGTAGCAGTAACGG-1,1,61,mm10
ATCGTAGGTAAGGCTG-1,5478,4,hg19
ATCGTAGTCTCACGAA-1,1077,7,hg19
ATCGTCCCACACCTGG-1,806,2,hg19
ATCGTCCCACTGCATA-1,2379,16,hg19
ATCGTCCCATTGTAGC-1,2969,8,hg19
ATCGTGACACAGTACT-1,1617,7,hg19
ATCGTGACAGAACCGA-1,2832,8,hg19
ATCGTGACAGTCAGTT-1,4700,7,hg19
ATCGTGACATTCGGGC-1,5069,6,hg19
ATCGTGATCAGGCGAA-1,3990,8,hg19
ATCTCTAAGGACAACC-1,0,58,mm10
ATCTCTATCCTTACCG-1,7352,10,hg19
ATCTTCAAGCGAGAAA-1,1174,3,hg19
ATCTTCACATTCCTAT-1,1997,3,hg19
ATCTTCAGTACACGCC-1,2,58,mm10
ATCTTCAGTGCCCGTA-1,4220,5,hg19
ATCTTCATCAACCTTT-1,7581,8,hg19
ATCTTCATCTTGTGCC-1,5777,4,hg19
ATGAAAGCAAAGACTA-1,6514,4,hg19
ATGAAAGCAACTAGAA-1,3466,6,hg19
ATGAAAGGTCAGTCTA-1,0,66,mm10
ATGAAAGGTCTATGAC-1,6707,4,hg19
ATGACCAAGAAGTCCG-1,2312,15,hg19
ATGACCAAGCATCAGG-1,18002,23,hg19
ATGACCAAGCTCATAC-1,8834,8,hg19
ATGACCAAGTGGAAGA-1,5122,2,hg19
ATGACCACATCATCCC-1,1776,3,hg19
ATGACCAGTACGATTC-1,3836,7,hg19
ATGAGGGCACCAATTG-1,4386,7,hg19
ATGAGGGCAGGTATGG-1,517,5,hg19
ATGAGGGGTTCTCCCA-1,4324,19,hg19
ATGAGGGTCACTCACC-1,0,69,mm10
ATGAGGGTCAGAGCAG-1,5524,4,hg19
ATGAGTCAGGAACGTC-1,1,47,mm10
ATGAGTCCACGCGCTA-1,4019,7,hg19
ATGAGTCCAGAGTAAT-1,8232,3,hg19
ATGAGTCGTCTGTGGC-1,5226,2,hg19
ATGATCGCAACTCCCT-1,4111,12,hg19
ATGATCGCAGAGGGTT-1,4622,4,hg19
ATGATCGGTGGGATTG-1,11057,9,hg19
ATGATCGGTTGCATAC-1,3046,4,hg19
ATGATCGTCAAACGTC-1,10037,12,hg19
ATGATCGTCTCCGTGT-1,3742,5,hg19
ATGCATGGTATCAGCT-1,1,105,mm10
ATGCATGGTGGCTCTG-1,2085,7,hg19
ATGCATGTCGAAGCAG-1,5965,4,hg19
ATGCATGTCTTCCGTG-1,2972,6,hg19
ATGCCTCCAACGGTAG-1,4587,7,hg19
ATGCCTCCACAGTGTT-1,4482,2,hg19
ATGCCTCCACTAGTAC-1,8607,16,hg19
ATGCCTCGTCCAATCA-1,1,70,mm10
ATGCCTCTCAAGAAAC-1,6203,3,hg19
ATGCGATCACGCGTGT-1,5480,3,hg19
ATGCGATGTCTGTGCG-1,4653,3,hg19
ATGCGATGTGTCCTAA-1,3919,7,hg19
ATGGAGGCACGGTGCT-1,3491,3,hg19
ATGGAGGCATCCTTGC-1,4384,5,hg19
ATGGAGGGTAGACGTG-1,11544,6,hg19
ATGGAGGGTAGCTGCC-1,4517,3,hg19
ATGGAGGGTGACGCCT-1,1,96,mm10
ATGGAGGGTGTCATGT-1,4807,3,hg19
ATGGAGGTCTGTGCAA-1,2325,5,hg19
ATGGATCAGATACTGA-1,6912,17,hg19
ATGGATCAGCTGGCTC-1,6245,3,hg19
ATGGATCAGGATAATC-1,3099,4,hg19
ATGGATCCACTGAATC-1,5190,7,hg19
ATGGATCGTACCGGAA-1,1228,2,hg19
ATGGATCGTCATCGCG-1,2170,1,hg19
ATGGGAGAGTAAGAGG-1,4607,80,Multiplet
ATGGGAGAGTCTTCCC-1,3386,0,hg19
ATGGGAGGTAACTGCT-1,4364,4,hg19
ATGGGAGTCTTGAGCA-1,2819,2,hg19
ATGGGTTAGACTAAGT-1,2907,2,hg19
ATGGGTTAGTCCTGCG-1,0,64,mm10
ATGGGTTCACGTCATA-1,2837,6,hg19
ATGGGTTGTCTTGGTA-1,1561,20,hg19
ATGGGTTGTGGGTTGA-1,2632,1,hg19
ATGGGTTTCCTCTTTC-1,12592,31,hg19
ATGGTTGAGGTACTGG-1,3407,4,hg19
ATGGTTGGTCTACTGA-1,5269,13,hg19
ATGGTTGTCACCTGTC-1,3200,4,hg19
ATGGTTGTCAGCCCAG-1,1,60,mm10
ATGGTTGTCCATATGG-1,4178,13,hg19
ATGTCCCAGATCCAAA-1,0,65,mm10
ATGTCCCCATCTCAAG-1,5639,10,hg19
ATGTCCCGTGGCCCAT-1,3928,7,hg19
ATGTCCCGTTAGCTAC-1,5378,2,hg19
ATGTCCCGTTGAGAGC-1,4468,7,hg19
ATGTCTTAGGGCTAAC-1,6037,13,hg19
ATGTCTTAGTCAAGCG-1,3876,10,hg19
ATGTCTTGTTAAACAG-1,0,70,mm10
ATTACCTCAACCACGC-1,1,56,mm10
ATTACCTCAATTGAGA-1,0,54,mm10
ATTACCTGTTCGGCTG-1,5193,7,hg19
ATTACCTGTTCGGTAT-1,2892,3,hg19
ATTACCTGTTGGACCC-1,7579,9,hg19
ATTACCTTCAACCTCC-1,4756,33,hg19
ATTACTCAGGCATGGT-1,5889,6,hg19
ATTACTCGTTCGAACT-1,3233,9,hg19
ATTACTCTCGTTCGCT-1,3657,4,hg19
ATTACTCTCTTTGCAT-1,6382,14,hg19
ATTATCCTCGACGTCG-1,720,2,hg19
ATTATCCTCTTTGCGC-1,1,67,mm10
ATTCACTGTGATGAAT-1,0,52,mm10
ATTCACTTCAACCGAT-1,0,64,mm10
ATTCACTTCAAGCCAT-1,5733,11,hg19
ATTCACTTCAGCTGAT-1,7978,8,hg19
ATTCACTTCCGTTGGG-1,8920,6,hg19
ATTCAGGAGCCTTTCC-1,4181,36,hg19
ATTCAGGCAAGGCAAC-1,1,47,mm10
ATTCAGGCAGCTCATA-1,3162,9,hg19
ATTCAGGGTGACTATC-1,1342,16,hg19
ATTCAGGTCACCGACG-1,2363,16,hg19
ATTCATCAGCCTCGTG-1,4368,8,hg19
ATTCATCAGCTACTAC-1,7469,7,hg19
ATTCATCCACGGTGAA-1,1,48,mm10
ATTCATCCATCAGTCA-1,3578,2,hg19
ATTCATCGTGACAGCA-1,0,54,mm10
ATTCATCTCTGTACAG-1,2786,6,hg19
ATTCCATAGAAATTCG-1,2080,7,hg19
ATTCCATAGCCTGCCA-1,82,18721,mm10
ATTCCATAGTCTGCCA-1,0,55,mm10
ATTCCATGTTTGAACC-1,3568,6,hg19
ATTCCCGAGGTCGTAG-1,22,238,mm10
ATTCCCGAGTCGCGAA-1,30,1556,mm10
ATTCCCGTCACGATCA-1,0,69,mm10
ATTCCCGTCGTGTTCC-1,4299,3,hg19
ATTCCTACAAGAGTTA-1,2711,27,hg19
ATTCCTACATCGCTAA-1,0,50,mm10
ATTCCTATCAAGATAG-1,2084,4,hg19
ATTCGTTCACCAGCTG-1,9300,22,hg19
ATTCGTTCAGTAACGG-1,3428,4,hg19
ATTCGTTGTTCGCGTG-1,1400,71,hg19
ATTCGTTTCCGACGGT-1,4993,5,hg19
ATTCTACAGGAGACCT-1,0,72,mm10
ATTCTACAGTATGATG-1,600,2,hg19
ATTCTACCACTGAGGA-1,3731,6,hg19
ATTCTACCAGCTGTCG-1,4109,5,hg19
ATTCTACCAGCTTCCT-1,8887,37,hg19
ATTCTACCATAATGAG-1,1,57,mm10
ATTCTACGTACAGAGC-1,1421,1,hg19
ATTCTACGTTCGTACA-1,5090,4,hg19
ATTCTTGAGGATTTAG-1,4401,8,hg19
ATTCTTGAGTAGTCCT-1,1,56,mm10
ATTCTTGCATGAGATA-1,2093,12,hg19
ATTCTTGGTGGTCTAT-1,5377,7,hg19
ATTCTTGTCCCGAAAT-1,1,54,mm10
ATTGGGTAGTCCGCCA-1,2950,9,hg19
ATTGGGTCAACACTAC-1,6468,6,hg19
ATTGGGTCAGATCCAT-1,0,55,mm10
ATTGGGTGTTCTGACA-1,4826,14,hg19
ATTGTTCCAGAGGCTA-1,6280,13,hg19
ATTGTTCCAGATACCT-1,2546,0,hg19
ATTGTTCGTCCGTTTC-1,4844,4,hg19
ATTTACCAGTGTAGTA-1,588,4,hg19
ATTTACCCAGACGCTC-1,2345,5,hg19
ATTTACCCAGTAGAAT-1,4046,8,hg19
ATTTACCTCTCGTCGT-1,4116,3,hg19
ATTTCACCACCATTCC-1,3043,5,hg19
ATTTCACCACCCAATA-1,4234,13,hg19
ATTTCACCATCAGTGT-1,1,60,mm10
ATTTCACTCGAACACT-1,5300,3,hg19
ATTTCTGAGAAAGTCT-1,6083,8,hg19
ATTTCTGAGGGAGGCA-1,3895,8,hg19
ATTTCTGAGGTATTGA-1,7425,6,hg19
ATTTCTGAGTCTCGTA-1,2745,3,hg19
CAAAGAAAGCTATCTG-1,5874,9,hg19
CAAAGAACAGCACACC-1,0,53,mm10
CAAAGAACAGTCGGAA-1,3226,11,hg19
CAAAGAAGTTGGACTT-1,4215,11,hg19
CAAAGAATCTCTCTAA-1,0,48,mm10
CAACAACCAACTCCCT-1,2,55,mm10
CAACAACCAGCGTAGA-1,3099,5,hg19
CAACAACCATCCTAAG-1,4912,6,hg19
CAACAACCATCTCCCA-1,6,63,mm10
CAACAACCATTCTCCG-1,7321,12,hg19
CAACAACGTTTGGAAA-1,1162,6,hg19
CAACAACTCCGCAAAT-1,0,59,mm10
CAACAACTCGTGGGTC-1,6059,18,hg19
CAACAGTAGCATCAGG-1,3329,5,hg19
CAACAGTTCCATACAG-1,0,70,mm10
CAACAGTTCTTCTCAA-1,1455,10,hg19
CAACCAAAGCTCTATG-1,5555,5,hg19
CAACCAAAGGTGCTAG-1,10634,11,hg19
CAACCAACACCCTAGG-1,99,49,hg19
CAACCAACATATCGGT-1,1914,5,hg19
CAACCAAGTCAATGGG-1,8462,6,hg19
CAACCAAGTCATCTAG-1,6675,12,hg19
CAACCAAGTGCACATT-1,7180,6,hg19
CAACCAAGTTCACCGG-1,3838,9,hg19
CAACCAATCCAAGCCG-1,6730,7,hg19
CAACCTCAGGCATTTC-1,5225,13,hg19
CAACCTCCAGGAACCA-1,4844,3,hg19
CAACCTCGTCTTCGAA-1,4034,12,hg19
CAACCTCGTTGAAGTA-1,2825,14,hg19
CAACCTCTCGATCCAA-1,3802,6,hg19
CAACGATAGAGCAACC-1,5024,7,hg19
CAACGATCAGAGCCCT-1,0,50,mm10
CAACGATTCACTTGGA-1,4518,8,hg19
CAACGGCAGCGTCTGC-1,6427,17,hg19
CAACGGCTCCACCTCA-1,1246,5,hg19
CAAGACTCACAAAGTA-1,2660,2,hg19
CAAGACTCATCCGGTG-1,1,78,mm10
CAAGACTGTGGACCAA-1,4337,17,hg19
CAAGACTTCTATACGG-1,0,66,mm10
CAAGAGGAGACTTCAC-1,5287,6,hg19
CAAGAGGGTGGAGGTT-1,0,51,mm10
CAAGAGGTCAAGGAGC-1,2710,10,hg19
CAAGAGGTCATGAGGG-1,8186,10,hg19
CAAGCTAAGTGGTCAG-1,4842,10,hg19
CAAGCTACAAACTCTG-1,4283,4,hg19
CAAGCTAGTACGGTTT-1,3672,10,hg19
CAAGCTAGTTGCCGAC-1,2331,5,hg19
CAAGCTATCCAATCTT-1,6144,4,hg19
CAAGGGAAGGATAATC-1,53,319,mm10
CAAGGGACAGCGAACA-1,3,49,mm10
CAAGGGAGTAGGTCAG-1,6372,25,hg19
CAAGGGAGTGGTGATG-1,3036,9,hg19
CAAGGGATCCCAGTGG-1,2981,4,hg19
CAAGGGATCGCTCTCA-1,713,5,hg19
CAAGGGATCGGACAAG-1,5482,5,hg19
CAATACGCAACTCGAT-1,0,52,mm10
CAATCGAAGACGGATC-1,1,47,mm10
CAATCGACAAGCTACT-1,2,74,mm10
CAATGACAGCTGCGAA-1,2989,10,hg19
CAATGACTCTTCGACC-1,2812,23,hg19
CAATTTCCACTCAGAT-1,1725,6,hg19
CAATTTCCAGCCTTCT-1,0,62,mm10
CAATTTCGTCCGATCG-1,4465,7,hg19
CAATTTCGTGAGTAAT-1,0,58,mm10
CAATTTCTCAAACGAA-1,1,67,mm10
CAATTTCTCCACGGGT-1,1,92,mm10
CAATTTCTCTGGGCGT-1,33,89,mm10
CACAACAAGCAATTAG-1,2079,9,hg19
CACAACAAGTTTGCTG-1,4859,15,hg19
CACAACACACATACGT-1,15898,14,hg19
CACAACACACGAAAGC-1,6547,4,hg19
CACAACACATCGGATT-1,2301,4,hg19
CACAACACATTACGGT-1,3557,5,hg19
CACACAAAGACGCCCT-1,3110,22,hg19
CACACAAAGAGTTGCG-1,4806,11,hg19
CACACAAAGCCATTCA-1,4278,27,hg19
CACACAAAGCCTTGAT-1,6382,5,hg19
CACACAAAGGTAGATT-1,4494,7,hg19
CACACAAAGTGGCAGT-1,6880,5,hg19
CACACAACATTGCCTC-1,6444,5,hg19
CACACAATCGTCGACG-1,4156,12,hg19
CACAGATAGAGCATTA-1,1511,6,hg19
CACAGATAGGGACAGG-1,4551,4,hg19
CACAGATAGTCACTGT-1,1708,4,hg19
CACAGATGTGCTGATT-1,6362,5,hg19
CACAGATTCCAGCACG-1,2027,4,hg19
CACAGATTCCGCAACG-1,5187,17,hg19
CACAGGCGTATGAGAT-1,0,48,mm10
CACAGGCTCTAACACG-1,8401,7,hg19
CACATGAAGACGCATG-1,12385,9,hg19
CACCAAAAGAATTGCA-1,1,76,mm10
CACCAAAAGTAACAGT-1,1,48,mm10
CACCAAAGTAGTGGCA-1,2309,3,hg19
CACCAAAGTGTGTACT-1,2706,7,hg19
CACCGTTAGCCATTTG-1,1308,8,hg19
CACCGTTAGGATACGC-1,2352,6,hg19
CACCGTTCAGCAGGAT-1,3101,5,hg19
CACCGTTGTGACAACG-1,2793,3,hg19
CACGAATAGTCTTGGT-1,1242,6,hg19
CACGAATCACACCTAA-1,4680,4,hg19
CACGAATGTCCCTCAT-1,4753,18,hg19
CACGAATGTGAGTAAT-1,2943,7,hg19
CACGAATTCGTAGGAG-1,7846,13,hg19
CACGGGTAGGGCAGTT-1,3018,3,hg19
CACGGGTTCAAGGCTT-1,0,58,mm10
CACGGGTTCACAGTGT-1,1822,5,hg19
CACGGGTTCGAGCACC-1,3025,7,hg19
CACGGGTTCGCGTGAC-1,3905,6,hg19
CACGGGTTCGTCGCTT-1,0,108,mm10
CACGTGGAGTAAGAGG-1,545,3,hg19
CACGTGGCAAATACGA-1,1540,4,hg19
CACGTGGGTAGCCAGA-1,4481,3,hg19
CACGTGGTCAAACCCA-1,5686,8,hg19
CACGTGGTCATGCGGC-1,2902,4,hg19
CACGTTCAGTAACAGT-1,3490,11,hg19
CACGTTCAGTATGCAA-1,1,79,mm10
CACGTTCCAGTCAGAG-1,0,46,mm10
CACGTTCGTCGCGTTG-1,4318,3,hg19
CACGTTCGTGATCATC-1,1536,1,hg19
CACGTTCTCAGGTAAA-1,1322,10,hg19
CACTAAGCACCTGAAT-1,0,52,mm10
CACTAAGGTGAGGCAT-1,11393,32,hg19
CACTAAGTCCTGTACC-1,0,53,mm10
CACTAAGTCGGCTCTT-1,0,59,mm10
CACTGAAAGAGGTCAC-1,2217,7,hg19
CACTGGGAGGTTCTAC-1,3603,8,hg19
CACTGGGCACACCTGG-1,2,54,mm10
CACTGGGCACGGCGTT-1,5076,7,hg19
CACTGGGCAGCCGGTT-1,4953,11,hg19
CACTGGGCATAAGCGG-1,1714,4,hg19
CACTGGGGTAGGACCA-1,2683,5,hg19
CACTGGGGTGTCCATA-1,3121,9,hg19
CACTGGGTCAGACAAA-1,2300,3,hg19
CACTGGGTCGAATGCT-1,4291,4,hg19
CACTGTCCAAATCGTC-1,6051,17,hg19
CACTGTCCACAACGTT-1,0,99,mm10
CACTGTCCACGACTAT-1,4633,3,hg19
CACTGTCCATCATCCC-1,6563,23,hg19
CACTGTCTCAAATGAG-1,3693,4,hg19
CACTGTCTCTCGACGG-1,6067,12,hg19
CACTTCGAGCGGGTTA-1,3075,10,hg19
CACTTCGAGTATGGCG-1,7378,9,hg19
CACTTCGGTACTCCCT-1,0,77,mm10
CACTTCGGTCTATGAC-1,2806,4,hg19
CACTTCGTCGTTGTAG-1,7571,1,hg19
CACTTCGTCTGTGTGA-1,7484,8,hg19
CAGAGCCCAAGCCTGC-1,1468,6,hg19
CAGAGCCGTTAAGCAA-1,6755,5,hg19
CAGAGCCTCGGCTATA-1,3567,1,hg19
CAGATACAGAGCGACT-1,703,3,hg19
CAGATACAGGAATTAC-1,2933,5,hg19
CAGATACGTCGTATGT-1,12331,17,hg19
CAGATCAAGCGTCTGC-1,3753,2,hg19
CAGATCACACGCAAAG-1,5414,11,hg19
CAGATCACATGTACGT-1,3719,4,hg19
CAGATCAGTAGACGGT-1,5384,3,hg19
CAGATCATCACTCCGT-1,5868,9,hg19
CAGATTGAGTGCTCAT-1,3803,5,hg19
CAGATTGCAATAGTCC-1,2532,6,hg19
CAGATTGGTAACTAAG-1,5381,3,hg19
CAGATTGGTGTCCTAA-1,1,54,mm10
CAGATTGGTTGTGCAT-1,5299,14,hg19
CAGATTGTCACTCACC-1,4546,9,hg19
CAGATTGTCAGCTGAT-1,2811,2,hg19
CAGATTGTCCAGCACG-1,6283,7,hg19
CAGATTGTCCATCACC-1,4449,7,hg19
CAGCAATAGTGGCGAT-1,894,4,hg19
CAGCAATGTGCTCTTC-1,2703,4,hg19
CAGCAATTCACCTCAC-1,4363,10,hg19
CAGCACGCATTCGGGC-1,4779,16,hg19
CAGCACGGTGACCGAA-1,3659,5,hg19
CAGCACGTCTGCAGCG-1,6460,12,hg19
CAGCAGCGTATGCAAA-1,5577,3,hg19
CAGCAGCGTGCCGGTT-1,0,59,mm10
CAGCAGCTCACTTCTA-1,6132,1,hg19
CAGCCAGAGAGGGCGA-1,1,108,mm10
CAGCCAGAGCACTCTA-1,3429,5,hg19
CAGCCAGAGCATGCGA-1,2180,6,hg19
CAGCCAGCATGTTTGG-1,1460,4,hg19
CAGCCAGGTAGACAGC-1,11488,17,hg19
CAGCCAGTCCAACCAA-1,5931,22,hg19
CAGCCAGTCGCAGTCG-1,5754,9,hg19
CAGCCAGTCTCGGTCT-1,18168,15,hg19
CAGCGTGAGGAACGCT-1,5234,6,hg19
CAGCGTGAGTCACTGT-1,4027,10,hg19
CAGCGTGCAGTCCCGA-1,3056,3,hg19
CAGCGTGTCTTCTGTA-1,7343,9,hg19
CAGGCCAAGCCTCACG-1,7378,12,hg19
CAGGCCAAGTGGATAT-1,3384,11,hg19
CAGGCCACAGAGCTAG-1,0,46,mm10
CAGGCCACATAGGTAA-1,3803,8,hg19
CAGGCCATCCTACGGG-1,3691,9,hg19
CAGGCCATCCTGTAGA-1,800,5,hg19
CAGGCCATCGTCTCAC-1,0,74,mm10
CAGGCCATCTGTGTGA-1,3862,9,hg19
CAGGGCTGTTAGCTAC-1,4707,2,hg19
CAGGTATCAGAGATTA-1,0,66,mm10
CAGGTATCAGATTCGT-1,4665,1,hg19
CAGTGCGGTCTTAGTG-1,3772,10,hg19
CAGTGCGTCAGAGCGA-1,1175,1,hg19
CAGTTAGCATCCGTGG-1,4558,11,hg19
CAGTTAGGTGCCTTCT-1,4396,1,hg19
CAGTTAGGTTTACCTT-1,50,84,mm10
CAGTTAGTCTGGACCG-1,1870,1,hg19
CAGTTAGTCTTTACAC-1,1128,5,hg19
CAGTTCCAGAGTTGCG-1,3315,7,hg19
CAGTTCCCAGGTAGTG-1,1677,7,hg19
CAGTTCCGTAGGGTAC-1,4380,7,hg19
CAGTTCCGTCATAACC-1,0,49,mm10
CATAAGCAGTCCCGAC-1,7360,12,hg19
CATAAGCCAGGCGTTC-1,1587,83,hg19
CATAAGCGTGCCCAGT-1,4952,6,hg19
CATAAGCGTTCCTAGA-1,12255,15,hg19
CATAAGCTCAGAACCT-1,4293,6,hg19
CATACAGAGGATGAGA-1,3296,4,hg19
CATACAGCACTATGTG-1,1,61,mm10
CATACAGGTGCCGTTG-1,0,53,mm10
CATACAGGTGTTTCTT-1,3391,14,hg19
CATACAGTCGTGGACC-1,4517,5,hg19
CATACCCAGAAACTCA-1,1302,7,hg19
CATACCCAGATGTTGA-1,3883,26,hg19
CATACCCGTGACATCT-1,3079,5,hg19
CATACCCGTGGAATGC-1,3671,6,hg19
CATACCCGTTAAGTCC-1,4953,7,hg19
CATACCCTCTCCACTG-1,4208,10,hg19
CATACCCTCTTGTGCC-1,8165,33,hg19
CATACTTAGATCCCAT-1,3180,7,hg19
CATACTTAGCAATAGT-1,3979,4,hg19
CATACTTCAGCGTTGC-1,3854,10,hg19
CATACTTCATAGATCC-1,110,200,mm10
CATACTTCATCGCTAA-1,2745,3,hg19
CATACTTGTATCTTCT-1,2259,11,hg19
CATACTTGTTGTGGAG-1,1794,5,hg19
CATACTTTCCTTCTGG-1,2268,8,hg19
CATACTTTCTATTTCG-1,4939,9,hg19
CATAGACAGGGTACGT-1,4029,5,hg19
CATAGACAGTAATTGG-1,4036,13,hg19
CATAGACTCCGAAGGA-1,77,341,mm10
CATCAAGAGACATCCT-1,11104,24,hg19
CATCAAGAGCCTCCAG-1,4333,4,hg19
CATCAAGAGTCCCAGC-1,11835,17,hg19
CATCAAGCAGGCCTGT-1,3255,4,hg19
CATCAAGCATAGCTGT-1,1,68,mm10
CATCAAGCATTGGGAG-1,8015,19,hg19
CATCAAGGTCAAGGCA-1,2703,7,hg19
CATCAAGGTCGCTTAA-1,1743,2,hg19
CATCAAGTCAACTACG-1,3284,9,hg19
CATCAAGTCCTTATAC-1,3615,3,hg19
CATCAAGTCGCTGTTC-1,1,47,mm10
CATCAAGTCTTACTGT-1,0,94,mm10
CATCCACAGAATTGTG-1,903,12,hg19
CATCCACAGAGTTGCG-1,0,71,mm10
CATCCACCAACAGCCC-1,0,192,mm10
CATCCCAAGCCTCACG-1,4832,16,hg19
CATCCCAAGGAGGCAG-1,3587,6,hg19
CATCCCACAACATCGT-1,3878,6,hg19
CATCCCAGTTATCTGG-1,5772,11,hg19
CATCCCATCAAGAGTA-1,5973,22,hg19
CATCCCATCACTGATG-1,5569,14,hg19
CATCCGTAGGCGATAC-1,756,2,hg19
CATCCGTAGGTCACTT-1,951,2,hg19
CATCCGTAGTCTACCA-1,5392,3,hg19
CATCCGTAGTTCCGGC-1,3136,9,hg19
CATCCGTCACTACGGC-1,4364,19,hg19
CATCCGTGTATCAGCT-1,1,58,mm10
CATCCGTGTATTGGCT-1,0,51,mm10
CATCCGTGTTAAGAAC-1,7878,10,hg19
CATCCGTTCAAGCCCG-1,5003,7,hg19
CATCCGTTCACTAGCA-1,3463,5,hg19
CATCCGTTCCAAAGGG-1,0,72,mm10
CATCCGTTCTTGCAGA-1,6240,4,hg19
CATCGCTAGCGTCAGA-1,2,60,mm10
CATCGCTAGGGTCACA-1,830,4,hg19
CATCGCTCACTAGGCC-1,1,65,mm10
CATCGCTTCAAGTCTG-1,6136,3,hg19
CATCGCTTCTATCCAT-1,81,5718,mm10
CATCGGGAGACGAAGA-1,1850,7,hg19
CATCGGGAGGAACATT-1,3687,8,hg19
CATCGGGAGGTCGTAG-1,3808,0,hg19
CATCGGGCACGGCGTT-1,4840,2,hg19
CATCGGGTCCTAGCGG-1,4272,4,hg19
CATCGGGTCCTCGCAT-1,1499,4,hg19
CATCGTCAGTCTACCA-1,5691,7,hg19
CATCGTCCATCTCATT-1,2590,6,hg19
CATCGTCGTATGAGGC-1,4124,7,hg19
CATCGTCTCAACTCTT-1,6100,9,hg19
CATCGTCTCCTCTAGC-1,563,4,hg19
CATGAGTGTCTTGTCC-1,4080,4,hg19
CATGAGTGTGGCCACT-1,5433,2,hg19
CATGAGTGTGTCCTAA-1,3414,3,hg19
CATGCAAAGAGCTGCA-1,5073,8,hg19
CATGCAAGTGACGCCT-1,0,51,mm10
CATGCAAGTTCCGCAG-1,3734,5,hg19
CATGCAATCAAGCCAT-1,5656,5,hg19
CATGCCTAGCGGGTAT-1,689,2,hg19
CATGCCTAGGGTGAAA-1,1986,5,hg19
CATGCCTAGTAGCTCT-1,3340,11,hg19
CATGCCTCAGGATGAC-1,3083,7,hg19
CATGCCTTCCACGGAC-1,4423,7,hg19
CATGCGGAGACCGTTT-1,1,56,mm10
CATGCGGAGAGAATCT-1,1,48,mm10
CATGCGGAGCAAGTGC-1,2824,5,hg19
CATGCGGCAGAGTGAC-1,2002,3,hg19
CATGCGGCATTACTCT-1,2,61,mm10
CATGCGGGTTCGTACA-1,2772,13,hg19
CATGCTCAGACATACA-1,6202,29,hg19
CATGCTCAGGTTGACG-1,1,46,mm10
CATGCTCAGTAAGACT-1,2391,7,hg19
CATGCTCCACACCGAC-1,3913,133,Multiplet
CATGCTCCAGACTCTA-1,3825,0,hg19
CATGCTCCAGAGAATT-1,7590,21,hg19
CATGCTCCATCGCTAA-1,0,63,mm10
CATGCTCGTACTGGGA-1,0,59,mm10
CATGCTCGTGCTGATT-1,2092,13,hg19
CATGGATAGGCTCAAG-1,3859,4,hg19
CATGGATCAAGATCCT-1,3809,3,hg19
CATGGTAAGTGGCGAT-1,1833,1,hg19
CATGGTACACCAACAT-1,0,47,mm10
CATGGTAGTGGTCCCA-1,145,13735,mm10
CATGGTATCCCTAGGG-1,2699,5,hg19
CATTCATAGAGTTGTA-1,2068,3,hg19
CATTCATAGTATTGCC-1,797,7,hg19
CATTCATGTTCCGCGA-1,0,46,mm10
CATTCATTCAGGAGAC-1,1209,6,hg19
CATTCATTCGGCCAAC-1,5143,9,hg19
CATTCATTCGGTCATA-1,5251,6,hg19
CATTCATTCTTCGGTC-1,5301,29,hg19
CATTCCGCAAATCCCA-1,664,10,hg19
CATTCCGCATATGCGT-1,0,61,mm10
CATTCCGCATGTACGT-1,0,56,mm10
CATTCCGTCGAGCCAC-1,0,63,mm10
CATTCTAAGTAGACAT-1,3577,11,hg19
CATTCTACAGACACAG-1,8309,10,hg19
CATTCTAGTGTAAATG-1,5738,32,hg19
CATTCTAGTGTAACGG-1,5370,3,hg19
CATTCTATCCAGTGCG-1,5328,12,hg19
CATTCTATCGGCCAAC-1,7142,18,hg19
CATTCTATCTAGCATG-1,4297,11,hg19
CATTGAGCAAGGCCTC-1,3965,3,hg19
CATTGAGCAATTGTGC-1,2123,8,hg19
CATTGAGCACCCTGAG-1,1,51,mm10
CATTGAGGTATGGAAT-1,34,1966,mm10
CATTGAGGTGATAGAT-1,5506,4,hg19
CATTGAGTCCAGGACC-1,5206,11,hg19
CATTGCCTCGGTCTAA-1,2509,3,hg19
CATTGTTAGAGGGCGA-1,0,58,mm10
CATTGTTCAGCTGCCA-1,1357,10,hg19
CATTGTTCATTCCTCG-1,4330,7,hg19
CATTTCAGTACGATGG-1,5122,15,hg19
CATTTCATCCGATCGG-1,9930,5,hg19
CCAAGCGAGGACAGCT-1,1519,3,hg19
CCAAGCGAGGCATCAG-1,5321,12,hg19
CCAAGCGAGTCGAGGT-1,5091,6,hg19
CCAAGCGTCAACTCTT-1,5948,9,hg19
CCAATGAAGCATCCTA-1,0,67,mm10
CCAATGACATAGTCGT-1,1,65,mm10
CCAATGAGTAGCCCTG-1,31,2905,mm10
CCAATGAGTCTTCCGT-1,4948,8,hg19
CCAATGAGTGGCAGAT-1,3978,11,hg19
CCAATGAGTTGTAAAG-1,9352,13,hg19
CCAATTTAGAATTCAG-1,2,55,mm10
CCAATTTAGCATAGGC-1,3350,1,hg19
CCAATTTAGTGATTCC-1,3952,9,hg19
CCAATTTCACACAGCC-1,4569,32,hg19
CCAATTTCAGTTGCGC-1,3825,9,hg19
CCAATTTGTACGCGTC-1,954,8,hg19
CCAATTTGTGTCTCCT-1,559,9,hg19
CCACAAAAGAGTGTTA-1,4416,24,hg19
CCACAAAAGCCTGTCG-1,2977,6,hg19
CCACAAACACGGTAGA-1,7541,10,hg19
CCACAAAGTCTCGCGA-1,3067,5,hg19
CCACAAATCATCCTGC-1,4,341,mm10
CCACAAATCGCTTACC-1,11053,22,hg19
CCACACTAGAAGATCT-1,5988,29,hg19
CCACACTAGTCGGCAA-1,4963,7,hg19
CCACACTCAGTATACC-1,1069,4,hg19
CCACACTCATACCAGT-1,4876,16,hg19
CCACACTGTAAGTTGA-1,1785,12,hg19
CCACACTGTCGTATTG-1,3182,8,hg19
CCACACTTCGCTCATC-1,2973,0,hg19
CCACCATAGAGAGCGG-1,0,61,mm10
CCACCATCACGAGGTA-1,3655,5,hg19
CCACCATTCGTTGTTT-1,0,47,mm10
CCACGAGCAACTTCTT-1,0,47,mm10
CCACGAGGTCATCTAG-1,3304,7,hg19
CCACGAGTCATTGTTC-1,3,46,mm10
CCACGTTCAAGTCCCG-1,4088,5,hg19
CCACTTGAGATCCGAG-1,1731,6,hg19
CCACTTGTCGAGCCTG-1,928,5,hg19
CCATAAGAGCATGAAT-1,44,60,mm10
CCATAAGAGCGAGGAG-1,3865,3,hg19
CCATAAGAGTGTTCCA-1,1518,4,hg19
CCATAAGGTCCCGTGA-1,0,50,mm10
CCATAAGGTGAATAAC-1,1,54,mm10
CCATCACAGACCATAA-1,4512,5,hg19
CCATCACAGATCCTAC-1,0,61,mm10
CCATCACAGTCATTGC-1,3737,2,hg19
CCATCACCAGGACGAT-1,3645,8,hg19
CCATCACGTACGTACT-1,4567,13,hg19
CCATCACGTTCAAGGG-1,6498,4,hg19
CCATCACTCCCGTAAA-1,1,132,mm10
CCCAACTGTACTCAAC-1,0,76,mm10
CCCAACTGTCCTGGGT-1,4993,8,hg19
CCCAACTGTTGAGAGC-1,4667,10,hg19
CCCAACTTCCCAGCGA-1,6818,5,hg19
CCCAACTTCCCTCTAG-1,2561,4,hg19
CCCATTGAGCACTCAT-1,6172,14,hg19
CCCATTGAGCCACCGT-1,5999,6,hg19
CCCATTGAGGACCCAA-1,3369,12,hg19
CCCATTGAGGAGAGGC-1,5477,1,hg19
CCCATTGCAATGCAGG-1,3957,3,hg19
CCCATTGCACTCCTTG-1,2736,4,hg19
CCCATTGGTACGTACT-1,5839,5,hg19
CCCATTGTCGCAGAGA-1,1603,7,hg19
CCCGAAGAGATAGGGA-1,9421,7,hg19
CCCGAAGCACCAATTG-1,1,67,mm10
CCCGAAGGTGGAACAC-1,1,57,mm10
CCCGAAGTCCTCTCGA-1,5071,1,hg19
CCCGGAAAGGCTCTCA-1,1,47,mm10
CCCGGAAAGGCTCTCG-1,138,15717,mm10
CCCGGAACATGATGCT-1,3396,6,hg19
CCCGGAAGTAGACAAT-1,3864,3,hg19
CCCGGAATCGCTCTAC-1,3381,7,hg19
CCCTAACAGAATCTAG-1,7075,4,hg19
CCCTAACAGCTGAGCA-1,0,60,mm10
CCCTAACCAAACGAGC-1,1094,23,hg19
CCCTAACCAGCAGTAG-1,4141,24,hg19
CCCTAACCATGTGCTA-1,3,51,mm10
CCCTAACGTCTGTGTA-1,2920,9,hg19
CCCTAACTCAGCAATC-1,4442,11,hg19
CCCTAACTCATAGAGA-1,0,74,mm10
CCCTAACTCCATCTCG-1,1,46,mm10
CCCTAACTCTAACACG-1,2508,10,hg19
CCCTCAAAGAAACTCA-1,6800,48,Multiplet
CCCTCAAAGAGTCTTC-1,2001,2,hg19
CCCTCAAAGTCATAGA-1,2169,3,hg19
CCCTCAAGTCCGAAAG-1,4906,5,hg19
CCCTCAAGTCCTCCTA-1,5248,0,hg19
CCCTCAAGTCGGTGTC-1,6326,9,hg19
CCCTCAAGTTACCCTC-1,1,52,mm10
CCCTCAATCCCGTAAA-1,12925,28,hg19
CCCTCAATCTGCTTTA-1,5747,3,hg19
CCCTCTCAGCGAAACC-1,1705,4,hg19
CCCTCTCCAACAGCCC-1,1935,5,hg19
CCCTCTCCAATCTAGC-1,3606,19,hg19
CCCTCTCCAGGCAATG-1,4227,17,hg19
CCCTCTCGTCGCACGT-1,1,71,mm10
CCCTCTCGTTTACTGG-1,3470,9,hg19
CCCTCTCTCACTTGTT-1,2614,7,hg19
CCCTCTCTCCAGCACG-1,4379,22,hg19
CCCTCTCTCTCGTCAC-1,4018,11,hg19
CCCTCTCTCTTCGACC-1,2938,15,hg19
CCCTGATAGCAGTAAT-1,0,59,mm10
CCCTGATCAGCGTGAA-1,3136,3,hg19
CCCTGATGTTCAAGTC-1,1860,3,hg19
CCCTGATTCTGTCGCT-1,4632,24,hg19
CCCTTAGAGCATTTCG-1,5263,8,hg19
CCCTTAGCAGCCTACG-1,8684,5,hg19
CCGAACGAGTAGCTCT-1,4553,5,hg19
CCGAACGCACCAGCGT-1,1864,5,hg19
CCGAACGCAGGTCCCA-1,918,4,hg19
CCGAACGCATTCGATG-1,4410,8,hg19
CCGAACGGTAGTGATA-1,1562,4,hg19
CCGAACGGTGGTCTTA-1,2176,5,hg19
CCGAACGGTGTCTCCT-1,1641,7,hg19
CCGATCTAGCAGGTCA-1,4118,5,hg19
CCGATCTGTCCCGGTA-1,38,1007,mm10
CCGATCTGTTGCGGCT-1,4380,3,hg19
CCGATCTTCGACGAGA-1,5661,6,hg19
CCGATGGAGTGATCGG-1,2080,0,hg19
CCGATGGGTGGAGGTT-1,576,104,hg19
CCGCAAGAGAGTATAC-1,2613,1,hg19
CCGCAAGCAAACTCGT-1,3801,10,hg19
CCGCAAGCAAGTTCCA-1,823,4,hg19
CCGCAAGCATCACCAA-1,3501,8,hg19
CCGCAAGCATGTCGTA-1,51,94,mm10
CCGCAAGTCGACCTAA-1,3086,4,hg19
CCGGACAAGCTGTTAC-1,4472,3,hg19
CCGGACAAGTTTGAGA-1,1065,4,hg19
CCGGACATCCAATCCC-1,3402,4,hg19
CCGGACATCGCGCCAA-1,4906,16,hg19
CCGGACATCGGCCTTT-1,4515,6,hg19
CCGGACATCTGCTAGA-1,6064,2,hg19
CCGGGTAAGCGATGGT-1,1908,4,hg19
CCGGGTACAATGCAGG-1,4115,3,hg19
CCGGGTACACAGTCGC-1,9870,8,hg19
CCGGGTACAGCGACAA-1,0,76,mm10
CCGGGTATCATGAGTC-1,3571,12,hg19
CCGGGTATCCGAACGC-1,1891,4,hg19
CCGGGTATCGACCATA-1,5155,4,hg19
CCGGTAGAGGAACGTC-1,7400,9,hg19
CCGGTAGGTTGTCCCT-1,4642,12,hg19
CCGGTGAAGAGCATCG-1,5471,2,hg19
CCGGTGACACTAGGTT-1,2949,4,hg19
CCGGTGATCCTACAAG-1,3612,3,hg19
CCGGTGATCTGCGGGT-1,6782,2,hg19
CCGTAGGAGGCTCTAT-1,3097,4,hg19
CCGTAGGAGTGCAGCA-1,2777,8,hg19
CCGTAGGCACTCGATA-1,2308,8,hg19
CCGTAGGGTCAACACT-1,4881,6,hg19
CCGTAGGTCCATTCAT-1,5520,5,hg19
CCGTAGGTCCGTATGA-1,4526,4,hg19
CCGTAGGTCTAGACAC-1,3412,3,hg19
CCGTGAGAGTTTGAGA-1,0,59,mm10
CCGTGAGCAAATAGCA-1,3517,0,hg19
CCGTGAGCAATGAACA-1,1137,5,hg19
CCGTGAGCAGCGTAGA-1,3155,1,hg19
CCGTGAGGTATCGTTG-1,5668,6,hg19
CCGTGAGTCAGACCGC-1,4357,9,hg19
CCGTTCAAGGCATGGT-1,5275,6,hg19
CCGTTCAGTGTGAGCA-1,4623,0,hg19
CCGTTCAGTTGCTCGG-1,1,75,mm10
CCTAACCAGCCAACCC-1,3622,3,hg19
CCTAACCCAATTCTTC-1,8545,11,hg19
CCTAACCTCCACACAA-1,7852,9,hg19
CCTAAGAAGTTGCATC-1,2235,14,hg19
CCTAAGAGTTTACCTT-1,2,68,mm10
CCTAAGATCCAATGCA-1,2000,10,hg19
CCTACGTAGGATTTAG-1,3172,5,hg19
CCTACGTCAAGCGATG-1,2752,4,hg19
CCTACGTGTTGTACGT-1,1,46,mm10
CCTACGTTCCCATTCG-1,6188,14,hg19
CCTATCGAGAGAGTTT-1,1926,8,hg19
CCTATCGCATTGCTTT-1,5400,5,hg19
CCTATCGGTGGCCTCA-1,6134,2,hg19
CCTATCGTCCGCAACG-1,0,56,mm10
CCTCAACAGGATTCAA-1,0,49,mm10
CCTCAACAGTCTCGTA-1,3030,4,hg19
CCTCAACCACAAATAG-1,6260,9,hg19
CCTCAACCACCTGTCT-1,2450,9,hg19
CCTCAACCAGACCTAT-1,6534,12,hg19
CCTCACAAGTACAACA-1,8917,9,hg19
CCTCACACAAATGGTA-1,4567,13,hg19
CCTCACATCCGATGTA-1,9747,15,hg19
CCTCACATCTCAGAAC-1,1687,4,hg19
CCTCACATCTCTATGT-1,9010,29,hg19
CCTCAGTAGACGATAT-1,1,90,mm10
CCTCAGTAGCCATGCC-1,6225,5,hg19
CCTCAGTAGTATGACA-1,5503,2,hg19
CCTCAGTCAAAGGCAC-1,14574,40,hg19
CCTCAGTCACGACAGA-1,4636,2,hg19
CCTCAGTCAGGCGAAT-1,0,61,mm10
CCTCAGTGTTGTTGAC-1,1,64,mm10
CCTCAGTTCAGAGTGG-1,4975,1,hg19
CCTCAGTTCAGCTTGA-1,5394,5,hg19
CCTCAGTTCTATCACT-1,6420,3,hg19
CCTCATGGTTGCTAGT-1,3281,2,hg19
CCTCATGTCATTTGGG-1,7324,7,hg19
CCTCATGTCCGTGTGG-1,4375,2,hg19
CCTCATGTCGCCATAA-1,5588,7,hg19
CCTCCAAAGCAAACAT-1,512,3,hg19
CCTCCAACAGATTTCG-1,3287,5,hg19
CCTCCAAGTCAACACT-1,4562,9,hg19
CCTCCTCAGACTCTTG-1,4030,4,hg19
CCTCCTCAGGTGGTTG-1,3094,6,hg19
CCTCCTCCAGGTGAGT-1,2047,6,hg19
CCTCCTCTCTGATTCT-1,5909,36,hg19
CCTCCTCTCTGCATAG-1,20737,9,hg19
CCTCTAGCAGAGACTG-1,4657,3,hg19
CCTCTAGCAGCTGTGC-1,7732,7,hg19
CCTCTAGCATCACCAA-1,5438,18,hg19
CCTCTAGGTACCGTGC-1,4045,8,hg19
CCTCTAGGTATCGCTA-1,1879,4,hg19
CCTCTAGTCCGGGACT-1,9601,10,hg19
CCTCTCCCACATTCGA-1,66,106,mm10
CCTCTCCCAGTTAGAA-1,1,61,mm10
CCTCTCCGTGCTGTCG-1,580,4,hg19
CCTGCATAGTAGCATA-1,773,3,hg19
CCTGCATCACGATAGG-1,4817,4,hg19
CCTGCATGTTATGACC-1,9537,8,hg19
CCTGCATTCATACGGT-1,1753,2,hg19
CCTGCATTCGATGCAT-1,4228,3,hg19
CCTGCATTCTAGCAAC-1,1,53,mm10
CCTGTTGAGAATCCCT-1,3715,2,hg19
CCTGTTGAGCGGTAGT-1,0,106,mm10
CCTGTTGAGGGTTGCA-1,4679,5,hg19
CCTGTTGCACAAGTGG-1,3159,8,hg19
CCTGTTGCATCGCTAA-1,1507,4,hg19
CCTGTTGGTATTAAGG-1,2724,9,hg19
CCTGTTGTCAAACCTG-1,2,64,mm10
CCTTCAGAGAATACAC-1,0,70,mm10
CCTTCAGAGATAGCTA-1,5252,7,hg19
CCTTCAGGTACGACAG-1,6548,20,hg19
CCTTCAGGTTCAGCTA-1,5123,12,hg19
CCTTCAGGTTCCGCTT-1,3168,18,hg19
CCTTCAGTCACTGTCC-1,5600,5,hg19
CCTTCAGTCGGAAGGT-1,0,51,mm10
CCTTCAGTCTATTTCG-1,4732,7,hg19
CCTTGTGCACAAATAG-1,4389,6,hg19
CCTTGTGCACGCTGAC-1,5038,5,hg19
CCTTGTGGTGACCGTC-1,10040,0,hg19
CCTTTGGAGTCACTGT-1,2217,2,hg19
CCTTTGGCATCCAATG-1,0,67,mm10
CGAAGGAAGTACCCTA-1,2963,0,hg19
CGAAGGACAATTGCTG-1,4941,11,hg19
CGAAGGACACAGTACT-1,5721,7,hg19
CGAAGGACAGCACAGA-1,2876,9,hg19
CGAAGGAGTGCCGTAC-1,10036,19,hg19
CGAAGGATCAACTTTC-1,5988,6,hg19
CGAAGTTAGCAATTCC-1,0,68,mm10
CGAAGTTAGTAAGCAT-1,3770,3,hg19
CGAAGTTCATACATCG-1,6225,4,hg19
CGAAGTTTCGACGCGT-1,6978,3,hg19
CGAAGTTTCGCAGATT-1,1,53,mm10
CGAAGTTTCTACGCGG-1,1812,9,hg19
CGAATTGAGATCACCT-1,5293,8,hg19
CGAATTGAGGATCACG-1,1,66,mm10
CGAATTGCAGGCCCTA-1,4543,6,hg19
CGAATTGGTCCGACGT-1,2705,2,hg19
CGAATTGTCCGAGAAG-1,3078,2,hg19
CGAATTGTCTTCCCAG-1,1,53,mm10
CGACAGCAGGGATCTG-1,2382,5,hg19
CGACAGCCATGCAGCC-1,6168,9,hg19
CGACAGCGTAGTGTGG-1,2368,1,hg19
CGACAGCGTTCACGAT-1,850,2,hg19
CGACAGCTCAAAGGTA-1,5336,1,hg19
CGACAGCTCCGTTGGG-1,881,19,hg19
CGACAGCTCCTGGTCT-1,8371,7,hg19
CGACAGCTCTACTGCC-1,6922,21,hg19
CGAGAAGAGCGACTGA-1,1886,2,hg19
CGAGAAGAGCTACAAA-1,1681,6,hg19
CGAGAAGCAACCGCCA-1,1,53,mm10
CGAGAAGGTCGGTACC-1,4326,6,hg19
CGAGAAGGTTGGTACT-1,6622,7,hg19
CGAGAAGTCAGGTGTT-1,1383,3,hg19
CGAGGAAAGCAATAAC-1,4710,6,hg19
CGAGGAAAGGATTACA-1,4427,3,hg19
CGAGGAAGTTATGTGC-1,7564,5,hg19
CGAGGCTCAACCGATT-1,2894,3,hg19
CGAGGCTCACGGTAGA-1,4898,5,hg19
CGAGGCTCATGTTCAG-1,1795,2,hg19
CGAGGCTGTATGAGGC-1,0,50,mm10
CGAGGCTGTCTCGCGA-1,1052,0,hg19
CGAGGCTTCAGCTTGA-1,8681,5,hg19
CGAGTGCAGGGTACAC-1,5145,14,hg19
CGAGTGCTCCCTTGGT-1,4304,5,hg19
CGAGTTAAGCTGTGCC-1,5337,8,hg19
CGAGTTAAGTATCTGC-1,3279,9,hg19
CGAGTTACAATCTCTT-1,10734,10,hg19
CGAGTTACACAGTCGC-1,0,50,mm10
CGAGTTAGTTCAATCG-1,1450,7,hg19
CGAGTTAGTTTGAACC-1,1,58,mm10
CGATCGGAGCCTTTGA-1,1156,4,hg19
CGATCGGCAACGCCCA-1,1302,4,hg19
CGATCGGGTAGGAGTC-1,7154,8,hg19
CGATCGGTCCGATAAC-1,6339,5,hg19
CGATGCGAGAGGCGGA-1,5446,6,hg19
CGATGCGAGGATATGT-1,1751,11,hg19
CGATGCGAGTGGACTG-1,3415,5,hg19
CGATGCGCAGAATCGG-1,49,549,mm10
CGATGCGCATCTGGGC-1,3690,3,hg19
CGATGGCAGGATTTGA-1,7866,19,hg19
CGATGGCCACATATGC-1,4007,5,hg19
CGATGGCCATCGGATT-1,3945,3,hg19
CGATGGCGTCCTCCTA-1,2559,5,hg19
CGATGGCGTGCCTGCA-1,2814,9,hg19
CGATGGCTCTACGCGG-1,1,64,mm10
CGCAGGTAGAGTTGAT-1,0,49,mm10
CGCAGGTAGGGAGTGG-1,5511,35,hg19
CGCAGGTCAGCTAACT-1,4373,9,hg19
CGCAGGTGTACTCGAT-1,1911,6,hg19
CGCAGGTGTGGATCGA-1,8639,16,hg19
CGCATAAAGATAGTCA-1,1826,3,hg19
CGCATAATCCGCTTAC-1,1,49,mm10
CGCATAATCTCCGATC-1,6222,8,hg19
CGCATGGAGTAGAGTT-1,4455,2,hg19
CGCATGGGTGGCTGCT-1,4260,6,hg19
CGCATGGGTTACGTAC-1,5946,14,hg19
CGCCAGAAGCAACTCT-1,5009,16,hg19
CGCCAGAGTGATAGAT-1,4853,9,hg19
CGCCAGATCGCAATGT-1,1,63,mm10
CGCCATTAGTCGAGGT-1,1898,6,hg19
CGCCATTAGTTTCAGC-1,3352,11,hg19
CGCCATTCAGGAACCA-1,4346,9,hg19
CGCCATTGTATTTCCT-1,5831,13,hg19
CGCGTGAAGCAACAAT-1,5774,16,hg19
CGCGTGAAGGGACTGT-1,3863,1,hg19
CGCGTGAAGTCTAACC-1,2982,9,hg19
CGCGTGACAATCCTTT-1,4705,4,hg19
CGCGTGATCCGCACGA-1,1705,37,hg19
CGCGTGATCTACGCGG-1,61,7361,mm10
CGGAACCAGTGGATAT-1,4244,9,hg19
CGGAACCGTGAGACCA-1,7395,4,hg19
CGGAATTCAGGCTTGC-1,1468,4,hg19
CGGACACCAACAGTGG-1,0,102,mm10
CGGACACCATCCCGTT-1,3492,6,hg19
CGGACACTCCTCATAT-1,85,60,hg19
CGGACACTCGTACACA-1,1716,18,hg19
CGGAGAAAGGACAACC-1,656,2,hg19
CGGAGAAAGTACAACA-1,2630,4,hg19
CGGAGAACACCCATAA-1,1750,1,hg19
CGGCAGTCACACCGAC-1,3770,12,hg19
CGGCAGTCATGTACGT-1,5859,11,hg19
CGGCAGTGTACTAACC-1,3221,6,hg19
CGGCAGTTCCTCCACA-1,1,61,mm10
CGGCAGTTCGGAAGGT-1,3426,2,hg19
CGGGACTCATAGCTGT-1,4921,6,hg19
CGGGACTGTACTGAGG-1,121,194,mm10
CGGGACTGTATCCCTC-1,5355,7,hg19
CGGGACTTCACCATCC-1,3596,15,hg19
CGGGCATCACCAACAT-1,4878,10,hg19
CGGGCATGTGACCGAA-1,73,21623,mm10
CGGGCATGTTTCTTAC-1,5678,7,hg19
CGGGCATTCAAGATAG-1,1444,4,hg19
CGGGTCACAAGTGGGT-1,3619,20,hg19
CGGGTCAGTGAGTTTC-1,1,50,mm10
CGGGTCAGTTGTCCCT-1,2955,1,hg19
CGGGTGTAGTATGATG-1,0,61,mm10
CGGGTGTCACTCCGAG-1,10665,12,hg19
CGGGTGTCACTGGCGT-1,4780,20,hg19
CGGGTGTCAGTTAGGG-1,2,50,mm10
CGGGTGTCATGCGGTC-1,35,199,mm10
CGGGTGTTCATCGACA-1,2,60,mm10
CGGGTGTTCTCTTCAA-1,6501,4,hg19
CGGGTGTTCTTCGTAT-1,1418,1,hg19
CGGTCAGGTGTTAACC-1,5863,20,hg19
CGGTCAGTCATTGTTC-1,1308,4,hg19
CGGTCAGTCGCGTCGA-1,16,8144,mm10
CGGTCAGTCTTTGGAG-1,2592,8,hg19
CGTAAGTAGAAGCGCT-1,701,3,hg19
CGTAAGTAGCCGATTT-1,1,48,mm10
CGTAAGTCACTAGGCC-1,1658,5,hg19
CGTAAGTCAGCAGTGA-1,4410,0,hg19
CGTAAGTTCGTCGCTT-1,3176,1,hg19
CGTAAGTTCTTCTAAC-1,7352,9,hg19
CGTAATGAGCTCGAAG-1,887,0,hg19
CGTAATGAGCTTCTAG-1,2139,1,hg19
CGTAATGCAATTCTCT-1,6059,15,hg19
CGTAATGCACGTCTCT-1,4,56,mm10
CGTAATGGTAGGTGCA-1,839,11,hg19
CGTAATGTCCCGTTCA-1,0,55,mm10
CGTAGTAAGGTGCGAT-1,6178,4,hg19
CGTAGTATCACAGTGT-1,1535,7,hg19
CGTAGTATCATCTACT-1,3620,5,hg19
CGTCAAAAGCGTTGTT-1,3445,10,hg19
CGTCAAAAGTAGAATC-1,2631,5,hg19
CGTCAAATCACTGAAC-1,6734,7,hg19
CGTCAAATCCGCATAA-1,7776,6,hg19
CGTCAAATCTAGCAAC-1,3807,5,hg19
CGTCCATAGGCATGCA-1,0,64,mm10
CGTCCATCAATGTGGG-1,166,1243,mm10
CGTCCATCATCGAGCC-1,8005,4,hg19
CGTCCATGTGTTCAGT-1,603,10,hg19
CGTGAATAGAATAACC-1,7614,9,hg19
CGTGAATAGGCCCAAA-1,3555,3,hg19
CGTGAATAGGTCTTTG-1,0,52,mm10
CGTGAATCATACAGCT-1,2762,3,hg19
CGTGAATGTCGTAATC-1,3195,6,hg19
CGTGATAAGCTGAGCA-1,696,12,hg19
CGTGATAAGTCAACAA-1,835,0,hg19
CGTGATACAGGTGTTT-1,10890,116,Multiplet
CGTGATAGTTACTCAG-1,4694,4,hg19
CGTGCTTCAACCACGC-1,2992,2,hg19
CGTGCTTCAGGCTTGC-1,5066,4,hg19
CGTGCTTTCCTCACCA-1,2223,2,hg19
CGTGTCTCAACCGCTG-1,4944,6,hg19
CGTGTCTCAAGAATAC-1,5622,9,hg19
CGTGTCTTCAAACTGC-1,4851,3,hg19
CGTTAGACAGGACAGT-1,2608,17,hg19
CGTTAGACATTCAGCA-1,4051,4,hg19
CGTTCTGCAGTGCCTG-1,2,48,mm10
CGTTCTGGTGACGTCC-1,1656,2,hg19
CGTTCTGGTGGCGCTT-1,0,52,mm10
CGTTCTGTCTAACGGT-1,1998,0,hg19
CGTTGGGCAGGACATG-1,0,77,mm10
CTAACCCCATCCTTGC-1,6846,5,hg19
CTAACCCGTACCGTCG-1,3563,4,hg19
CTAACCCGTGACTGAG-1,1458,2,hg19
CTAACTTAGATGCGAC-1,2581,0,hg19
CTAACTTGTACCCACG-1,1555,10,hg19
CTAAGTGCAGAGTAAT-1,0,47,mm10
CTAAGTGGTGACTCGC-1,5419,4,hg19
CTAAGTGTCCAACTGA-1,4733,8,hg19
CTACAGAAGGATACGC-1,5820,15,hg19
CTACAGACACCTCAGG-1,5097,5,hg19
CTACAGACAGCTGAGA-1,0,72,mm10
CTACAGAGTAGAGATT-1,2278,17,hg19
CTACAGAGTCCGGCAT-1,3835,4,hg19
CTACAGATCGTTGTTT-1,0,52,mm10
CTACATTCATCAACCA-1,0,85,mm10
CTACATTGTCACTACA-1,895,7,hg19
CTACATTTCGTTGTAG-1,6734,6,hg19
CTACATTTCTAGCCTC-1,3184,6,hg19
CTACCCATCTGCGAGC-1,2071,4,hg19
CTACCTGAGACCTCAT-1,5721,12,hg19
CTACCTGAGGTCCAGA-1,1,59,mm10
CTACCTGCACGTGTGC-1,9392,12,hg19
CTACCTGTCTCCCAAC-1,2,56,mm10
CTACGGGAGTGTCATC-1,30,46,mm10
CTACGGGAGTTACGTC-1,3050,5,hg19
CTACGGGCATACAGGG-1,5255,3,hg19
CTACGGGCATGCACTA-1,5720,22,hg19
CTACGGGCATTGCAAC-1,3,82,mm10
CTACGGGTCATCTGTT-1,5198,2,hg19
CTACTATCACTGCATA-1,8881,11,hg19
CTACTATGTCCGTTTC-1,4501,5,hg19
CTACTATGTCTTTCAT-1,3707,13,hg19
CTACTATTCCCGAGTG-1,2257,7,hg19
CTACTATTCGCGTTTC-1,3477,8,hg19
CTAGACAAGATGCTTC-1,1,59,mm10
CTAGACACAGAGACTG-1,4695,8,hg19
CTAGACACATAGGTTC-1,6286,15,hg19
CTAGACAGTAGTTACC-1,8553,11,hg19
CTAGGTAAGTTGGCTT-1,5106,8,hg19
CTAGGTATCTAAGAAG-1,769,14,hg19
CTATAGGAGACTGTTC-1,6932,15,hg19
CTATAGGAGCACTAGG-1,2250,2,hg19
CTATAGGAGGAACTAT-1,3607,4,hg19
CTATAGGCATAGGCGA-1,4270,5,hg19
CTATAGGCATATGCGT-1,4871,0,hg19
CTATAGGGTCTACAAC-1,533,7,hg19
CTATAGGTCTTGGGCG-1,2675,4,hg19
CTATCCGAGATAGCAT-1,1,49,mm10
CTATCCGAGTATGGCG-1,6227,3,hg19
CTATCCGCACTGGATT-1,6040,3,hg19
CTATCCGCAGGACATG-1,0,55,mm10
CTATCCGGTGAGGAAA-1,3783,6,hg19
CTATCTAGTCCCTAAA-1,8693,22,hg19
CTATCTATCGGCTCTT-1,1,85,mm10
CTCAACCAGAGCACTG-1,1419,5,hg19
CTCAACCGTATCACGT-1,7968,7,hg19
CTCAACCGTCCTACAA-1,19118,44,hg19
CTCAACCGTTTCACAG-1,3877,15,hg19
CTCAACCTCAGCTTCC-1,1986,9,hg19
CTCAACCTCATTTGGG-1,5516,9,hg19
CTCAAGAAGAACGCGT-1,1369,9,hg19
CTCAAGACAAATACAG-1,4,49,mm10
CTCAAGACACCAGTTA-1,1620,3,hg19
CTCAAGACATACCAGT-1,4066,5,hg19
CTCAATTAGCGCTGAA-1,8137,15,hg19
CTCAATTCACAGTGTT-1,0,70,mm10
CTCAATTCAGGAATAT-1,4474,7,hg19
CTCAATTTCAGACCGC-1,3950,7,hg19
CTCAATTTCATTACTC-1,58,614,mm10
CTCACTGAGTAATACG-1,1,49,mm10
CTCACTGCACTGAGTT-1,0,80,mm10
CTCACTGGTGAGTAGC-1,3708,8,hg19
CTCACTGTCCCAGGCA-1,4116,22,hg19
CTCACTGTCCTGTTAT-1,6651,7,hg19
CTCAGAACAAATCCCA-1,8194,8,hg19
CTCAGGGAGTATTGCC-1,1,53,mm10
CTCAGGGAGTCAGAGC-1,218,46,hg19
CTCAGGGCATCCTTGC-1,3004,10,hg19
CTCAGGGGTCCTTGTC-1,4216,3,hg19
CTCAGGGTCACACCGG-1,5895,8,hg19
CTCAGTCAGGTCTACT-1,1,47,mm10
CTCAGTCCAGAGAAAG-1,2350,3,hg19
CTCAGTCCAGCAAGAC-1,0,54,mm10
CTCATCGAGCTCCACG-1,5074,10,hg19
CTCATGCCACCATAAC-1,0,52,mm10
CTCATGCCAGGACTTT-1,5097,4,hg19
CTCATGCGTACTGACT-1,6614,10,hg19
CTCATGCGTTCTAAGC-1,1330,6,hg19
CTCATGCGTTGGCCTG-1,2801,3,hg19
CTCATGCTCAAGTCTG-1,7530,10,hg19
CTCATGCTCTTTGATC-1,2362,7,hg19
CTCATTAAGAGAGAAC-1,4808,7,hg19
CTCATTATCCTTATGT-1,5167,10,hg19
CTCCAACAGGGCTAAC-1,2649,5,hg19
CTCCAACAGGTCTACT-1,9085,9,hg19
CTCCAACAGTTGAATG-1,8694,10,hg19
CTCCAACCAATCGAAA-1,6809,13,hg19
CTCCAACCAATGCAAA-1,15004,24,hg19
CTCCAACTCAGCTAGT-1,3465,17,hg19
CTCCACAAGTGCGTCC-1,3529,1,hg19
CTCCACAGTAACATAG-1,6362,5,hg19
CTCCACATCTCTTCAA-1,0,60,mm10
CTCCATGAGTAAGAGG-1,4083,2,hg19
CTCCATGCAACTCCAA-1,8627,18,hg19
CTCCATGCAAGTTTGC-1,520,3,hg19
CTCCATGCATAGAGGC-1,1,47,mm10
CTCCATGTCCATTGCC-1,3468,3,hg19
CTCCATGTCTTTGCAT-1,4979,1,hg19
CTCCCAAAGTAGGAAG-1,4701,5,hg19
CTCCCAACACGGGCTT-1,3650,14,hg19
CTCCCAAGTCAGTTTG-1,1651,3,hg19
CTCCCAAGTCTGCCTT-1,6933,7,hg19
CTCCCAAGTGTCCACG-1,2491,2,hg19
CTCCCAAGTTCGGCGT-1,8170,7,hg19
CTCCCAAGTTCTTGTT-1,4635,7,hg19
CTCCCAATCCCTCTCC-1,4218,8,hg19
CTCCCTCGTGATGAAT-1,4579,5,hg19
CTCCCTCTCACTTATC-1,0,101,mm10
CTCCGATAGAGAACCC-1,1073,1,hg19
CTCCGATCAAATCCCA-1,5095,14,hg19
CTCCGATGTAACAAGT-1,3024,4,hg19
CTCCGATGTTCAAAGA-1,3163,5,hg19
CTCCGATTCTGTGCAA-1,1,47,mm10
CTCCTCCAGTATGAAC-1,1425,3,hg19
CTCCTCCCACCCTATC-1,13080,25,hg19
CTCCTCCGTCTGTGGC-1,83,7026,mm10
CTCCTTTAGACCAAGC-1,4896,6,hg19
CTCCTTTCACACACTA-1,2062,16,hg19
CTCCTTTCAGGGAATC-1,6538,5,hg19
CTCCTTTGTCTAGTGT-1,1380,4,hg19
CTCCTTTGTGGAGGTT-1,0,47,mm10
CTCCTTTGTGGTCCGT-1,1,74,mm10
CTCCTTTTCAGCTCTC-1,4644,5,hg19
CTCCTTTTCGTAGCTA-1,7022,36,hg19
CTCCTTTTCTGTCTCG-1,7062,28,hg19
CTCGAGGAGCAATAAC-1,1073,6,hg19
CTCGAGGCAAGCTGCC-1,6090,14,hg19
CTCGAGGCATGTGACT-1,1890,1,hg19
CTCGAGGCATTCATCT-1,3220,6,hg19
CTCGAGGGTATCCTCC-1,3562,7,hg19
CTCGAGGGTTGCTAGT-1,3744,2,hg19
CTCGAGGTCCAGCAAT-1,2088,1,hg19
CTCGAGGTCGCAATTG-1,6869,9,hg19
CTCTCAGGTTAATCGC-1,5708,5,hg19
CTCTCAGGTTTGAAAG-1,2298,0,hg19
CTCTCAGTCCCATTCG-1,3018,11,hg19
CTCTCAGTCGAGCCTG-1,7094,6,hg19
CTCTCGAAGCGGTAAC-1,2790,8,hg19
CTCTCGAGTGCATACT-1,3,53,mm10
CTCTCGATCATGAGGG-1,3458,5,hg19
CTCTGGTAGACTACCT-1,8729,25,hg19
CTCTGGTAGCAATTAG-1,0,57,mm10
CTCTGGTAGCCTCTGG-1,7327,11,hg19
CTCTGGTGTCCCAAAT-1,4265,1,hg19
CTCTGGTGTTCAGGTT-1,6268,7,hg19
CTGAATGAGAGGACTC-1,3870,4,hg19
CTGAATGTCGATGCAT-1,0,55,mm10
CTGAATGTCTTTCAGT-1,2418,8,hg19
CTGAGCGAGTTCCGTA-1,2087,6,hg19
CTGAGCGCAAGATTGA-1,4019,7,hg19
CTGAGCGGTCAGCGTC-1,0,49,mm10
CTGAGGCAGTAACGAT-1,1441,4,hg19
CTGAGGCCAGCGGTCT-1,5823,3,hg19
CTGAGGCGTTCGTGCG-1,3320,6,hg19
CTGAGGCGTTTGGAAA-1,1568,4,hg19
CTGAGGCTCTGCCCTA-1,2376,9,hg19
CTGATCCCAACTACGT-1,6153,11,hg19
CTGATCCGTGGCACTC-1,3639,7,hg19
CTGATCCGTTGTTGCA-1,4352,4,hg19
CTGCAGGAGTTCCGGC-1,0,70,mm10
CTGCAGGCAGGGACTA-1,5517,6,hg19
CTGCAGGGTCGAGCAA-1,9852,12,hg19
CTGCAGGGTCTGCGCA-1,2129,11,hg19
CTGCAGGTCATTCACT-1,2,62,mm10
CTGCAGGTCTCGTCGT-1,2216,1,hg19
CTGCAGGTCTGCATGA-1,523,5,hg19
CTGCATCAGACGGATC-1,4939,12,hg19
CTGCATCAGACTGTTC-1,0,74,mm10
CTGCATCGTATACAGA-1,3971,3,hg19
CTGCATCGTCGAGCAA-1,3041,4,hg19
CTGCATCTCAGTCATG-1,5279,9,hg19
CTGCATCTCGGTTAGT-1,4297,6,hg19
CTGCATCTCTTAGTTC-1,6600,14,hg19
CTGCCATAGACTCATC-1,7142,11,hg19
CTGCCATGTCCCGGTA-1,2546,3,hg19
CTGCCATGTTAAGAAC-1,5396,5,hg19
CTGCCTAAGAAACTCA-1,0,47,mm10
CTGCCTAAGAGCGACT-1,9249,8,hg19
CTGCCTAAGCCATGCC-1,8518,4,hg19
CTGCCTAAGTATGGAT-1,2053,17,hg19
CTGCCTACACCCTGTT-1,4173,13,hg19
CTGCCTACACCGTGAC-1,5958,8,hg19
CTGCCTAGTAAGTCAA-1,11864,9,hg19
CTGCCTAGTCGAACGA-1,4762,1,hg19
CTGCCTAGTTAGAGTA-1,2807,9,hg19
CTGCCTAGTTGGGTTT-1,0,54,mm10
CTGCGAGAGTACTCGT-1,4691,1,hg19
CTGCGAGCACCTGCGA-1,2638,6,hg19
CTGCGAGGTTGAAGTA-1,2574,9,hg19
CTGCGAGTCAGCACCG-1,2080,8,hg19
CTGCTCAAGCCGCTTG-1,0,55,mm10
CTGCTCAAGGCCTGCT-1,2629,3,hg19
CTGCTCAGTACCAATC-1,5255,11,hg19
CTGCTCAGTGGCTGAA-1,5077,6,hg19
CTGCTCATCTACCCAC-1,8106,11,hg19
CTGGACGAGCTACAAA-1,4285,15,hg19
CTGGACGAGTCAGCGA-1,0,52,mm10
CTGGACGCACAAAGCG-1,3066,1,hg19
CTGGACGCAGCACGAA-1,3385,3,hg19
CTGGACGCAGTAGAAT-1,4411,17,hg19
CTGGACGGTATCCCAA-1,4895,4,hg19
CTGGACGGTTGGGAAC-1,2383,3,hg19
CTGGACGTCACCCATC-1,732,6,hg19
CTGGACGTCAGCGCGT-1,1854,0,hg19
CTGGCAGAGAACAAGG-1,5144,0,hg19
CTGGCAGAGCAAACAT-1,4662,4,hg19
CTGGCAGAGCGCCATC-1,2629,2,hg19
CTGGCAGCAATACCCA-1,0,58,mm10
CTGGCAGGTCTAGGCC-1,4550,13,hg19
CTGGCAGGTGCATTAC-1,0,73,mm10
CTGGCAGTCACGGGCT-1,2347,5,hg19
CTGGCAGTCGTACCTC-1,4773,7,hg19
CTGGTCTCAATTGCGT-1,2568,2,hg19
CTGGTCTCAGAGTCAG-1,2194,4,hg19
CTGGTCTGTACAAACA-1,5231,3,hg19
CTGGTCTTCAGGACGA-1,6318,20,hg19
CTGGTCTTCTTTCCGG-1,7045,1,hg19
CTGTACCAGCTAAACA-1,3434,8,hg19
CTGTACCCACCGTGAC-1,1258,6,hg19
CTGTACCTCACCGCTT-1,1,48,mm10
CTGTACCTCGCTAATG-1,4318,4,hg19
CTGTAGAAGCCGAATG-1,4421,5,hg19
CTGTAGAAGCCTGACC-1,4960,3,hg19
CTGTATTAGGAGGCAG-1,8825,18,hg19
CTGTATTAGGGCCAAT-1,7213,11,hg19
CTGTATTAGTCGCTAT-1,4005,1,hg19
CTGTATTCACGTCTCT-1,4991,11,hg19
CTGTATTGTACGAAAT-1,8640,8,hg19
CTGTATTGTATTAAGG-1,3668,3,hg19
CTGTATTTCTGCTTTA-1,1669,6,hg19
CTGTCGTAGCTGCCAC-1,4111,7,hg19
CTGTCGTCATGGCGCT-1,1,56,mm10
CTGTCGTTCTAGTTCT-1,7262,8,hg19
CTGTCGTTCTTACCAT-1,5566,5,hg19
CTGTGAACACGCCACA-1,2109,5,hg19
CTGTGAACATTCAGGT-1,5659,10,hg19
CTGTGAAGTGATGGCA-1,1434,2,hg19
CTGTGAATCACCACAA-1,4036,4,hg19
CTGTGAATCCAGTGTA-1,5824,2,hg19
CTGTGGGAGCACTCGC-1,3970,1,hg19
CTGTGGGCATAGTCAC-1,4437,1,hg19
CTGTGGGTCAATGTCG-1,3168,4,hg19
CTTACCGAGATTGACA-1,0,52,mm10
CTTACCGGTACGCTTA-1,4972,2,hg19
CTTACCGGTACTAAGA-1,525,1,hg19
CTTACCGGTTAATCGC-1,1302,18,hg19
CTTACCGTCGAAGCCC-1,831,1,hg19
CTTAGGAAGGGTAATT-1,5641,3,hg19
CTTAGGACAGTGTGGA-1,3143,1,hg19
CTTCAATTCGACCACG-1,5036,3,hg19
CTTCCGAAGGGTGGGA-1,1888,6,hg19
CTTCCGAAGTGCGACA-1,5078,7,hg19
CTTCCGACATCCCGTT-1,11105,16,hg19
CTTCCGAGTGCAGGAT-1,4948,6,hg19
CTTCCGATCCACGGGT-1,5412,5,hg19
CTTCCTTAGAGTCTTC-1,6940,4,hg19
CTTCCTTAGTGGAAGA-1,5450,8,hg19
CTTCCTTAGTTCCATG-1,1368,9,hg19
CTTCCTTCAAAGAGTT-1,0,55,mm10
CTTCCTTCAAATGCTC-1,4360,15,hg19
CTTCCTTTCACGAGGA-1,63,7267,mm10
CTTCCTTTCGGTAAGG-1,6010,2,hg19
CTTCGGTGTAGGATAT-1,4420,7,hg19
CTTCTAACAACTGCTA-1,1787,6,hg19
CTTCTAACACGGCTAC-1,3369,14,hg19
CTTCTAACAGAGGTTG-1,2789,2,hg19
CTTCTAAGTACTGAGG-1,4858,3,hg19
CTTCTAAGTTATAGCC-1,983,7,hg19
CTTCTAATCCACACAA-1,8892,22,hg19
CTTCTAATCTCCTGAC-1,1011,11,hg19
CTTCTAATCTCTGCTG-1,0,61,mm10
CTTCTCTCAACTCCCT-1,6200,6,hg19
CTTCTCTCACGCGGTT-1,1,72,mm10
CTTCTCTGTTGGTGTT-1,6971,9,hg19
CTTCTCTTCCTCCACA-1,5532,11,hg19
CTTCTCTTCGATTCCC-1,1755,5,hg19
CTTCTCTTCGTGCTCT-1,9121,5,hg19
CTTGAGAAGGGCAACT-1,0,71,mm10
CTTGAGAAGTGTAGTA-1,5526,2,hg19
CTTGATTAGTAGTGCG-1,2740,7,hg19
CTTGATTGTACGTAGG-1,5316,2,hg19
CTTGATTTCTTAGTTC-1,2267,4,hg19
CTTTCAAAGATACCAA-1,4134,18,hg19
CTTTCAAAGGCCCACT-1,0,50,mm10
CTTTCAAAGTAGATCA-1,1957,3,hg19
CTTTCAAAGTCTGGAG-1,2752,1,hg19
CTTTCAACAATTGCTG-1,5243,9,hg19
CTTTCGGAGGGTTAAT-1,4444,4,hg19
CTTTCGGAGTTCGCAT-1,4772,1,hg19
CTTTCGGCAGGCTTGC-1,2853,5,hg19
CTTTCGGGTCATCCGG-1,2,60,mm10
CTTTCGGGTGGTCTAT-1,2599,6,hg19
CTTTCGGTCAGTGTCA-1,5816,3,hg19
GAAACCTCAGCTACAT-1,2211,3,hg19
GAAACCTCAGTGACCC-1,0,46,mm10
GAAACCTGTGAATTGA-1,886,8,hg19
GAAACCTTCACATCAG-1,0,73,mm10
GAAACCTTCCACAGGC-1,3299,9,hg19
GAAACCTTCGAGTCCG-1,1,60,mm10
GAAACCTTCGAGTCTA-1,4211,9,hg19
GAAACCTTCGTTCTGC-1,6968,28,hg19
GAAATGAAGTCAATCC-1,2394,5,hg19
GAAATGACAGTCGGTC-1,4410,8,hg19
GAAATGAGTAAGAACT-1,3432,11,hg19
GAAATGAGTATATGGA-1,3380,2,hg19
GAAATGAGTCACTCGG-1,4081,0,hg19
GAAATGAGTCATCAGT-1,4306,54,Multiplet
GAAATGATCCATTGGA-1,2839,8,hg19
GAAATGATCTAGAGCT-1,5419,14,hg19
GAACACTAGATGGTCG-1,1925,6,hg19
GAACACTGTGCACATT-1,5471,11,hg19
GAACACTTCACTGTCC-1,3889,14,hg19
GAACGTTAGCGAGTAC-1,4783,4,hg19
GAACGTTGTCAGCTTA-1,3460,8,hg19
GAACGTTGTCCTACAA-1,1,57,mm10
GAACGTTGTGTTTACG-1,1550,3,hg19
GAACGTTGTTAGAAAC-1,3280,14,hg19
GAACGTTTCCACAGCG-1,4633,8,hg19
GAACTGTAGTAATACG-1,0,58,mm10
GAACTGTCACGTGAGA-1,5770,7,hg19
GAACTGTGTCTGCATA-1,3807,3,hg19
GAACTGTTCCCGTTGT-1,1,81,mm10
GAACTGTTCTCGCAGG-1,2859,2,hg19
GAAGAATAGTCGAAAT-1,5259,14,hg19
GAAGAATTCAAGTCTG-1,4896,5,hg19
GAAGAATTCACTTGGA-1,2647,5,hg19
GAAGCCCAGTTGCTGT-1,3314,1,hg19
GAAGCCCCACACCAGC-1,3205,7,hg19
GAAGCCCGTTAGAGAT-1,1,56,mm10
GAAGCCCTCCTGTTAT-1,3402,7,hg19
GAAGCGAAGCCAAGGT-1,0,59,mm10
GAAGCGAAGGTAGTCG-1,4419,8,hg19
GAAGCGAGTTTCACTT-1,10718,7,hg19
GAAGCGATCCCTCTCC-1,2214,1,hg19
GAAGGACAGCAAGTGC-1,5431,3,hg19
GAAGGACAGCCTATTG-1,0,73,mm10
GAAGGACCACCCTATC-1,4497,16,hg19
GAAGGACTCAGCGCGT-1,5055,5,hg19
GAAGGACTCTTCGACC-1,4689,7,hg19
GAAGGGTCACTGCATA-1,7202,8,hg19
GAAGGGTCAGGATTCT-1,1,67,mm10
GAAGGGTGTCCGGATC-1,1017,5,hg19
GAAGGGTGTGTTTACG-1,5343,3,hg19
GAAGGGTTCCAAGCCG-1,0,90,mm10
GAAGGGTTCGAAGGAC-1,3648,4,hg19
GAAGTAAAGAGGTTTA-1,2108,18,hg19
GAAGTAAGTCACTAGT-1,3413,4,hg19
GAATAGAAGACGACGT-1,3075,5,hg19
GAATAGAGTCAGCGTC-1,4083,3,hg19
GAATAGATCCACGGAC-1,3427,7,hg19
GAATCACAGGTAAGTT-1,1896,7,hg19
GAATCACGTACTCCGG-1,2140,3,hg19
GAATCACGTTCGATTG-1,5238,7,hg19
GAATCGTAGCACGTCC-1,5603,8,hg19
GAATCGTAGGACAACC-1,3,83,mm10
GAATCGTAGGTTACAA-1,9823,21,hg19
GAATCGTAGTAAGGGA-1,127,9781,mm10
GAATCGTCACCTCGTT-1,14214,6,hg19
GAATCGTCATTGACTG-1,6414,2,hg19
GAATCGTGTCTGTGAT-1,1617,2,hg19
GAATCGTTCACGTCCT-1,4562,7,hg19
GACACGCAGGGCAGAG-1,514,1,hg19
GACACGCAGTGAACAT-1,0,49,mm10
GACACGCCAAGTGCTT-1,79,10151,mm10
GACACGCCACACCTGG-1,4943,11,hg19
GACACGCCACCAGACC-1,4268,3,hg19
GACACGCCACCTATCC-1,4947,25,hg19
GACACGCGTCTGATAC-1,7003,6,hg19
GACACGCGTGTATTGC-1,2,54,mm10
GACAGCCCAAAGGCGT-1,1,68,mm10
GACAGCCCATCAGTGT-1,10393,16,hg19
GACAGCCGTAGGAGGG-1,3538,10,hg19
GACAGCCGTGGTCTCG-1,5644,1,hg19
GACAGCCTCAACGCTA-1,5754,18,hg19
GACAGCCTCATGGATC-1,8955,9,hg19
GACATCACAGTTCTAG-1,1845,6,hg19
GACATCACATACAGAA-1,8334,7446,Multiplet
GACATCAGTGTCCATA-1,2612,2,hg19
GACATCAGTTAATCGC-1,2015,4,hg19
GACATCATCCTCTGCA-1,1347,6,hg19
GACATCATCTTGAACG-1,5223,10,hg19
GACCAATAGGGTATAT-1,4209,20,hg19
GACCAATCACAGCCAC-1,4214,5,hg19
GACCAATGTGAGTTTC-1,3900,5,hg19
GACCAATTCCGGCAGT-1,2112,10,hg19
GACCCAGAGGCCTTGC-1,5210,6,hg19
GACCCAGAGTGCGACA-1,3194,10,hg19
GACCCAGCATAGACTC-1,3920,4,hg19
GACCCAGGTCAAACGG-1,1,114,mm10
GACCCAGGTTCAGTAC-1,8053,11,hg19
GACCCAGTCCCTCTTT-1,2803,2,hg19
GACCCAGTCTAGACCA-1,3465,6,hg19
GACCCTTAGACGTCCC-1,3749,3,hg19
GACCCTTAGCGGGTAT-1,1426,17,hg19
GACCCTTGTGCATTTG-1,1557,6,hg19
GACCCTTGTGTTTGCA-1,4367,6,hg19
GACCCTTTCAATCAGC-1,4411,30,hg19
GACCGTGAGACATGCG-1,3265,10,hg19
GACCGTGAGTCATCCA-1,8121,4,hg19
GACCGTGTCAATCCGA-1,904,6,hg19
GACCGTGTCCAAAGGG-1,2264,2,hg19
GACCGTGTCGGTATGT-1,0,49,mm10
GACCGTGTCTATACGG-1,6394,15,hg19
GACCTTCAGCCGCTTG-1,16396,8,hg19
GACCTTCAGTTTCGAC-1,1551,6,hg19
GACCTTCCAGTTCCAA-1,4152,13,hg19
GACGCTGCACACCAGC-1,9158,12,hg19
GACGTTAAGCTTACGT-1,3576,15,hg19
GACGTTACATGTGTCA-1,2812,4,hg19
GACGTTAGTGGACTGA-1,4203,3,hg19
GACGTTATCGAGCACC-1,2,77,mm10
GACTATGAGTAATTGG-1,5559,16,hg19
GACTATGGTGTTCGTA-1,1867,5,hg19
GACTATGTCGTAGAGG-1,62,26697,mm10
GACTCAAAGCCATTTG-1,8407,8,hg19
GACTCAACAAGGTTGG-1,0,63,mm10
GACTCAAGTCTCACGG-1,3271,3,hg19
GACTCTCGTACCTATG-1,0,56,mm10
GACTCTCGTCTACGAT-1,5106,1,hg19
GACTCTCGTGCATCTA-1,0,68,mm10
GACTGATAGTAGACAT-1,3863,12,hg19
GACTGATCAACATCGT-1,4298,3,hg19
GACTGATTCAGCGCGT-1,4221,4,hg19
GACTTCCTCTCGTGGG-1,3683,12,hg19
GAGAAATCAGCTCATA-1,1,58,mm10
GAGAAATTCACCTTAT-1,5468,15,hg19
GAGACCCAGCGCACAA-1,7408,11,hg19
GAGACCCAGCTTGTGT-1,5987,3,hg19
GAGACCCCATTGACTG-1,3048,2,hg19
GAGACCCGTATCTCGA-1,1197,2,hg19
GAGACCCGTCATATGC-1,3636,5,hg19
GAGACCCGTCCTGGGT-1,5576,15,hg19
GAGACCCTCTCATGCC-1,5779,6,hg19
GAGACCCTCTCCGCAT-1,0,54,mm10
GAGACTTAGACCAACG-1,8532,5,hg19
GAGACTTAGATGCTTC-1,4153,13,hg19
GAGACTTAGCAAATGT-1,4012,7,hg19
GAGACTTAGCCTCATA-1,4240,8,hg19
GAGACTTGTAGGTACG-1,5249,5,hg19
GAGACTTGTCTTGAGT-1,3818,7,hg19
GAGACTTTCAGCCTCT-1,5905,4,hg19
GAGACTTTCGGCTTGG-1,6626,43,hg19
GAGAGGTAGATAGGGA-1,5932,4,hg19
GAGAGGTGTCTTACTT-1,0,62,mm10
GAGAGGTGTGCCCACA-1,1290,6,hg19
GAGAGGTTCCTAGAGT-1,41,477,mm10
GAGATGGAGGATTACA-1,4233,5,hg19
GAGATGGAGTTTAGGA-1,5824,5,hg19
GAGATGGCAAACAGGC-1,1247,2,hg19
GAGATGGCACAGGATG-1,4337,4,hg19
GAGATGGCACATAGCT-1,4387,6,hg19
GAGATGGCAGCAAGAC-1,4303,6,hg19
GAGATGGCAGCCGTTG-1,1398,1,hg19
GAGATGGGTATCGCAT-1,5343,10,hg19
GAGCCTGAGCACCGAA-1,7016,8,hg19
GAGCCTGAGCCATTGT-1,4410,9,hg19
GAGCCTGAGCCGCACT-1,0,53,mm10
GAGCCTGAGTAAGGGA-1,4334,2,hg19
GAGCCTGCAAATCGTC-1,2530,14,hg19
GAGCCTGCAGCGAGTA-1,2892,0,hg19
GAGCCTGGTAACTAAG-1,8392,17,hg19
GAGCCTGGTAATGATG-1,3151,11,hg19
GAGCCTGTCTATTTCG-1,1,58,mm10
GAGCTGCAGCCTCAAT-1,3114,5,hg19
GAGCTGCAGGATTTGA-1,0,55,mm10
GAGCTGCAGTAGAGCT-1,1,165,mm10
GAGCTGCAGTAGAGTT-1,64,45606,mm10
GAGCTGCAGTGTGTTC-1,5165,4,hg19
GAGCTGCGTCGGATTT-1,0,62,mm10
GAGCTGCTCATCGCTC-1,0,48,mm10
GAGGCAAAGAACTGAT-1,4323,3,hg19
GAGGCAATCGATGGAG-1,5099,9,hg19
GAGGCAATCTCAACGA-1,0,50,mm10
GAGGCAATCTCCGAAA-1,2736,10,hg19
GAGGCCTCAACAAGTA-1,15270,20,hg19
GAGGCCTCAGCAGAAC-1,3209,1,hg19
GAGGCCTCATACCAGT-1,0,71,mm10
GAGGCCTGTCCTGTTC-1,1,62,mm10
GAGGCCTTCAGCGTCG-1,9958,13,hg19
GAGGCCTTCCTCTCGA-1,2546,8,hg19
GAGGCCTTCGACATAC-1,4595,9,hg19
GAGGCCTTCGGTTGTA-1,2352,3,hg19
GAGGGATCAACATCGT-1,5735,2,hg19
GAGGGATTCAGGACGA-1,4185,6,hg19
GAGGGATTCAGTGCGC-1,2526,5,hg19
GAGGGATTCGGACCAC-1,1948,5,hg19
GAGGGTAAGCTAGAGC-1,2222,5,hg19
GAGGGTAAGTTACGAA-1,7948,10,hg19
GAGGGTAGTAAGTCAA-1,1766,2,hg19
GAGGGTATCCATACAG-1,6327,16,hg19
GAGGGTATCGTAGCCG-1,3549,8,hg19
GAGGGTATCTCCTACG-1,7120,5,hg19
GAGTCATAGCCGAATG-1,2518,6,hg19
GAGTCATAGCTCAGAG-1,778,1,hg19
GAGTCATAGTAGTGCG-1,1,75,mm10
GAGTCATGTGGACTAG-1,3572,5,hg19
GAGTCATGTGTCTCCT-1,11122,8,hg19
GAGTCATTCAAGTGGG-1,4647,6,hg19
GAGTCATTCCGTATAG-1,4165,9,hg19
GAGTCATTCGTAGTCA-1,5567,6,hg19
GAGTCTAAGTAATACG-1,6033,4,hg19
GAGTCTACAGGAATAT-1,2888,9,hg19
GAGTGAGAGATACTGA-1,5653,5,hg19
GAGTGAGAGCAAGCCA-1,4083,6,hg19
GAGTGAGGTCTCAGGC-1,4725,4,hg19
GAGTGAGGTTCTCACC-1,4181,11,hg19
GAGTGAGTCCACTTTA-1,1838,6,hg19
GAGTGAGTCTATACTC-1,0,67,mm10
GAGTGTTAGCAAGTGC-1,1805,5,hg19
GAGTGTTCAAAGAACT-1,36,125,mm10
GAGTGTTGTAGCGTAG-1,2218,2,hg19
GAGTGTTGTCGTATTG-1,7171,7,hg19
GAGTGTTGTTCGTGCG-1,0,52,mm10
GAGTGTTTCTGTCCGT-1,3255,6,hg19
GAGTTACAGATTGGGC-1,7829,6,hg19
GAGTTACAGCCACAAG-1,5378,7,hg19
GAGTTACAGTAGATCA-1,8144,3,hg19
GAGTTACCAAACGTGG-1,6822,12,hg19
GAGTTACCAACGTATC-1,4197,41,hg19
GAGTTACCACATATGC-1,87,68,hg19
GAGTTACCATGTTACG-1,2626,3,hg19
GAGTTACGTAACTTCG-1,5192,6,hg19
GAGTTACGTTGGGTTT-1,3172,10,hg19
GAGTTACTCATGCATG-1,3110,2,hg19
GAGTTACTCCAGCAAT-1,5016,8,hg19
GAGTTGTAGAATCGCG-1,6406,5,hg19
GAGTTGTCAAGTCATC-1,3687,7,hg19
GAGTTGTGTAACAAGT-1,3223,4,hg19
GAGTTGTTCGGTCTAA-1,598,6,hg19
GAGTTTGAGACTTCGT-1,4049,1,hg19
GAGTTTGAGGTCACTT-1,4737,4,hg19
GAGTTTGCACCGCTGA-1,2663,24,hg19
GAGTTTGGTCATAACC-1,7714,6,hg19
GATAGAAAGTAGCTCT-1,0,60,mm10
GATAGAAAGTTGAATG-1,9231,15,hg19
GATAGAACAAATCAGA-1,1,63,mm10
GATAGAACAATCTCTT-1,4756,8,hg19
GATAGAAGTACCAATC-1,10342,13,hg19
GATAGAAGTGCCTACG-1,2576,7,hg19
GATAGAAGTTTGGGAG-1,4758,1,hg19
GATAGCTCAGCTGTAT-1,4609,19,hg19
GATAGCTTCAGACCGC-1,3200,4,hg19
GATAGCTTCCATGAGT-1,2675,3,hg19
GATAGCTTCCTGTAAG-1,6590,6,hg19
GATCACACACGGCACT-1,7740,12,hg19
GATCACACACGGTCTG-1,2865,10,hg19
GATCACACACGGTGCT-1,3964,14,hg19
GATCACACATGAGAAT-1,0,133,mm10
GATCACAGTTAGGAGC-1,0,63,mm10
GATCACATCGAGAGAC-1,1217,3,hg19
GATCAGTAGAATCCCT-1,248,19226,mm10
GATCAGTAGAGATCGC-1,5398,12,hg19
GATCAGTAGCAAGGAA-1,3278,4,hg19
GATCAGTAGGATCCCT-1,3,186,mm10
GATCAGTAGGTTCAGG-1,4243,4,hg19
GATCAGTCAACAGAGC-1,12961,22,hg19
GATCAGTGTTCGAACT-1,4346,5,hg19
GATCAGTGTTGCCGAC-1,9746,18,hg19
GATCAGTTCACCACAA-1,4278,7,hg19
GATCAGTTCGCTAGCG-1,2607,3,hg19
GATCAGTTCGCTATTT-1,1171,8,hg19
GATCATGAGCTACTGT-1,1504,7,hg19
GATCATGCAGTCGCTG-1,0,54,mm10
GATCATGGTCTATGAC-1,3628,2,hg19
GATCATGTCACGGAGA-1,3609,2,hg19
GATCCCTGTATAGGGC-1,5223,15,hg19
GATCCCTGTGCACAAG-1,6035,6,hg19
GATCGTACAACCAATC-1,4510,5,hg19
GATCGTACATCCTGTC-1,0,116,mm10
GATCGTAGTGAGAACC-1,5379,5,hg19
GATGACTAGAATACAC-1,0,77,mm10
GATGACTCAAGCGCTC-1,4799,7,hg19
GATGACTCAGGGACTA-1,2523,11,hg19
GATGACTCATGAGGGT-1,6142,5,hg19
GATGACTGTCCGAAGA-1,0,54,mm10
GATGACTGTCGGATTT-1,6769,8,hg19
GATGACTTCCTCTTTC-1,3725,1,hg19
GATGAGGTCAGGAAGC-1,6956,10,hg19
GATGATCAGCATATGA-1,1986,12,hg19
GATGATCAGTCATGAA-1,2987,13,hg19
GATGATCCAACTCATG-1,3067,25,hg19
GATGATCCATCTCGTC-1,6055,5,hg19
GATGATCGTAGGGAGG-1,0,56,mm10
GATGCTAGTCCACACG-1,3959,1,hg19
GATGCTATCACATTGG-1,4326,7,hg19
GATGCTATCCCGTTCA-1,8881,9,hg19
GATGGAGGTTGGGAAC-1,2,63,mm10
GATGGAGTCAAGAGTA-1,3800,5,hg19
GATGGAGTCCATAAGC-1,10460,16,hg19
GATGGAGTCGAAGTGG-1,11326,5,hg19
GATGTTGCACCGTGAC-1,2918,11,hg19
GATGTTGCAGTAGATA-1,3409,2,hg19
GATGTTGGTATGAAAC-1,3330,8,hg19
GATGTTGTCATCACCC-1,2137,4,hg19
GATTCGACATGACTGT-1,0,46,mm10
GATTCGACATTCCTCG-1,1121,16,hg19
GATTCTTAGCACACAG-1,6820,16,hg19
GATTCTTAGCAGCGAT-1,2805,9,hg19
GATTCTTAGGCTGTAG-1,3291,8,hg19
GATTCTTCAAGATGTA-1,6373,15,hg19
GATTCTTCACCAGCGT-1,5403,3,hg19
GATTGGTAGCTCGTGC-1,4317,1,hg19
GATTGGTCAAAGTGTA-1,4378,7,hg19
GATTGGTCAAATCAGA-1,7277,6,hg19
GATTGGTCACTGGCCA-1,6337,11,hg19
GATTGGTGTATTGGCT-1,4222,6,hg19
GATTGGTTCAACTGAC-1,5361,10,hg19
GATTGGTTCCGCACTT-1,934,101776,mm10
GATTGGTTCTAGAGCT-1,782,5,hg19
GATTGGTTCTGCACTT-1,0,325,mm10
GATTTCTAGAAACCCG-1,4664,8,hg19
GATTTCTAGGTCGTCC-1,7236,9,hg19
GATTTCTAGTGGACTG-1,4580,0,hg19
GATTTCTCAGACGATG-1,5785,3,hg19
GCAACATAGTTGTCGT-1,8122,5,hg19
GCAACATGTCCAGCGT-1,2,49,mm10
GCAACCGAGCAACCAG-1,2020,9,hg19
GCAACCGAGGTGTGAC-1,2609,2,hg19
GCAACCGCATTCCTAT-1,4902,6,hg19
GCAACCGTCGCTCATC-1,67,5497,mm10
GCACATAAGGAAGTAG-1,5850,5,hg19
GCACATACACTCTGCT-1,4473,11,hg19
GCACATACAGCAGAAC-1,2248,1,hg19
GCACATAGTTCTCCCA-1,2323,10,hg19
GCACATATCGCGTTTC-1,9395,19,hg19
GCACGGTAGAGCTGAC-1,121,298,mm10
GCACGGTCACACAGCC-1,776,37,hg19
GCACGGTCACGCGTGT-1,3297,2,hg19
GCACGGTCAGATAAAC-1,3581,11,hg19
GCACGGTTCTCTCCGA-1,2235,1,hg19
GCACGTGAGAGCAGCT-1,2619,2,hg19
GCACGTGGTTCTAAGC-1,3619,12,hg19
GCACGTGTCTAGGCCG-1,6187,5,hg19
GCACTAAAGGAACGTC-1,0,59,mm10
GCACTAAAGTTGGCTT-1,3327,6,hg19
GCACTAAGTCTGGTTA-1,4022,7,hg19
GCAGCCAAGCGCAATG-1,5489,8,hg19
GCAGCCAAGGTTGCCC-1,1,48,mm10
GCAGCCACACGTTGGC-1,5738,10,hg19
GCAGCCAGTCGAACGA-1,4817,1,hg19
GCAGCCAGTTGCTCAA-1,1946,2,hg19
GCAGCCATCACTGGGC-1,1724,7,hg19
GCAGCCATCGGACTTA-1,5980,5,hg19
GCAGCTGCAGCGAGTA-1,3468,1,hg19
GCAGCTGCATCAGCGC-1,4627,4,hg19
GCAGCTGGTCTTGGTA-1,1203,0,hg19
GCAGCTGGTGTCCACG-1,9223,9,hg19
GCAGGCTAGTGTAGAT-1,4269,3,hg19
GCAGGCTGTCGTCTCT-1,644,0,hg19
GCAGGCTGTTGCGAAG-1,3753,5,hg19
GCAGGCTTCATCACTT-1,3,78,mm10
GCAGGCTTCTGTAAGC-1,3502,18,hg19
GCAGTTACAGCGATTT-1,3849,13,hg19
GCAGTTACAGCTGTAT-1,3174,6,hg19
GCAGTTACATATACCG-1,8016,6,hg19
GCAGTTAGTCGATTTG-1,4091,3,hg19
GCAGTTAGTTGCAACT-1,11753,25,hg19
GCAGTTAGTTGCCGAC-1,4442,2,hg19
GCAGTTATCATGAAAG-1,0,51,mm10
GCAGTTATCGGTGAAG-1,3,575,mm10
GCAGTTATCTTCTGGC-1,889,3,hg19
GCATCGGAGTGAGGTC-1,3324,4,hg19
GCATCGGGTATGAGGC-1,4641,4,hg19
GCATCGGTCAATGCAC-1,2990,3,hg19
GCATCGGTCGATTGGT-1,4335,0,hg19
GCATCTCAGTGGACTG-1,3253,5,hg19
GCATCTCCAAGGTCGA-1,0,50,mm10
GCATCTCGTAATCAAG-1,7303,7,hg19
GCATCTCTCATTCGGA-1,521,2,hg19
GCATGATAGCACTCTA-1,1543,6,hg19
GCATGATCAAATAAGC-1,6934,7,hg19
GCATGATCATCGGCCA-1,1,46,mm10
GCATTAGTCATGTCAG-1,5376,4,hg19
GCATTAGTCTTCGTAT-1,7048,4,hg19
GCCAACGAGACTTCAC-1,4726,13,hg19
GCCAACGAGGAGGTTC-1,1535,1,hg19
GCCAACGAGGCGACAT-1,3975,5,hg19
GCCAACGCAAGATCCT-1,4029,6,hg19
GCCAACGCACGCCAGT-1,0,50,mm10
GCCAACGCAGGTCAGA-1,2190,2,hg19
GCCAACGGTAGTGCGA-1,5605,14,hg19
GCCAACGGTGCTGCAC-1,3,90,mm10
GCCAGCAAGGTCCTGC-1,8776,3,hg19
GCCAGCAAGTCTAGAA-1,6702,15,hg19
GCCAGCAGTCACGCTG-1,0,47,mm10
GCCAGCAGTGGTCCCA-1,0,54,mm10
GCCAGCAGTTCTAACG-1,0,75,mm10
GCCAGCATCCAACACA-1,0,47,mm10
GCCAGCATCCCATACC-1,3609,7,hg19
GCCAGCATCCGTAGGC-1,3324,4,hg19
GCCAGGTAGATAGCAT-1,3319,11,hg19
GCCAGGTAGTCTAGAA-1,4072,2,hg19
GCCAGGTCACCCAACG-1,2471,2,hg19
GCCAGGTGTACGTTCA-1,3729,2,hg19
GCCAGGTTCCTTCGAC-1,4127,9,hg19
GCCAGTGAGCCTCCAG-1,5953,7,hg19
GCCAGTGGTGAGTAAT-1,4411,1,hg19
GCCATGGAGACATGCG-1,2012,68,Multiplet
GCCATGGAGGGTATAT-1,3737,5,hg19
GCCATGGTCATACGGT-1,3129,19,hg19
GCCATGGTCCCGTGAG-1,2758,4,hg19
GCCATGGTCTTACTGT-1,1453,5,hg19
GCCATTCAGGTGCAGT-1,5142,7,hg19
GCCATTCCATTGACAC-1,1663,7,hg19
GCCATTCTCGAGTTGT-1,624,3,hg19
GCCCAGAAGATTCGCT-1,0,48,mm10
GCCCAGACACTCCCTA-1,2996,9,hg19
GCCCAGACAGACCAGA-1,3881,9,hg19
GCCGATGAGATGACAT-1,43,59,mm10
GCCGATGCATCAGTCA-1,3274,6,hg19
GCCGATGCATGGCCCA-1,3407,4,hg19
GCCGATGGTAAGATCA-1,5625,15,hg19
GCCGATGTCACACCCT-1,10313,15,hg19
GCCGATGTCATGCCCT-1,5324,11,hg19
GCCGATGTCATTCGGA-1,2697,9,hg19
GCCTGTTCAAAGCACG-1,11911,19,hg19
GCCTGTTCAACGTAAA-1,3976,10,hg19
GCCTGTTCAAGCTCTA-1,3836,3,hg19
GCCTGTTCACGGTGCT-1,3182,7,hg19
GCCTGTTTCATTCACT-1,6028,16,hg19
GCCTGTTTCTGTTCAT-1,6133,21,hg19
GCGAGAAAGGCCTTGC-1,4415,8,hg19
GCGAGAACAGAAGCGT-1,0,68,mm10
GCGAGAACATAATCCG-1,2936,7,hg19
GCGAGAAGTATCGCGC-1,0,52,mm10
GCGAGAAGTTCGGGTC-1,5212,9,hg19
GCGAGAAGTTGCCTAA-1,1,97,mm10
GCGAGAATCCGTACGG-1,4096,4,hg19
GCGAGAATCTAACGCA-1,0,53,mm10
GCGATCGAGGAAAGGT-1,3548,5,hg19
GCGATCGCAGCCTACG-1,2821,5,hg19
GCGGAAAAGCATATGA-1,9362,10,hg19
GCGGAAAGTCATAGTC-1,5030,10,hg19
GCGGAAAGTCGATTCA-1,0,74,mm10
GCGGAAATCTTTACAC-1,2,58,mm10
GCGGATCAGTCGGCCT-1,10677,11,hg19
GCGGATCCAATCCAGT-1,5046,3,hg19
GCGGATCCAGGCTATT-1,16561,43,hg19
GCGGATCCATTGAAGA-1,0,62,mm10
GCGGATCTCGCAGTCG-1,1029,2,hg19
GCGGATCTCTGTTGGA-1,1263,5,hg19
GCGTGCAAGTAAGAGG-1,4808,4,hg19
GCGTGCACACGCTGCA-1,5079,5,hg19
GCGTGCACATGCAGGA-1,0,46,mm10
GCGTGCAGTCTCAGGC-1,1,48,mm10
GCGTGCATCAAGAGGC-1,45,104,mm10
GCGTGCATCGAGAGCA-1,11397,8,hg19
GCGTGCATCGCTTGAA-1,8003,4,hg19
GCGTGCATCTTCTTCC-1,6338,2,hg19
GCGTTTCAGGTACAAT-1,2824,5,hg19
GCGTTTCCATATAGCC-1,4714,6,hg19
GCGTTTCGTGATCATC-1,4915,4,hg19
GCTACAAGTGGCCACT-1,4117,29,hg19
GCTACCTAGAGTCAAT-1,3695,4,hg19
GCTACCTAGATGCTAA-1,5207,11,hg19
GCTACCTGTATCGTTG-1,0,63,mm10
GCTACCTGTGCCGAAA-1,3455,6,hg19
GCTACCTTCCGCACGA-1,2822,11,hg19
GCTACCTTCCGTGTCT-1,2795,3,hg19
GCTACCTTCTACTGAG-1,4113,5,hg19
GCTACCTTCTTGCAAG-1,1,79,mm10
GCTCAAAAGGCATTTC-1,2277,2,hg19
GCTCAAACACAATGCT-1,6233,21,hg19
GCTCAAACACTACGGC-1,2049,4,hg19
GCTCAAACATACAGAA-1,2960,12,hg19
GCTCAAACATCCTTCG-1,7304,5,hg19
GCTCAAATCGGCATCG-1,3031,5,hg19
GCTCAAATCGTGGTAT-1,3657,33,hg19
GCTGAATAGGAGTATT-1,4464,3,hg19
GCTGAATGTAGATGTA-1,3690,3,hg19
GCTGAATGTAGCGATG-1,1820,1,hg19
GCTGAATGTCGTTGCG-1,2828,5,hg19
GCTGAATGTGGCTCTG-1,5978,24,hg19
GCTGAATGTGTCATGT-1,9081,8,hg19
GCTGAATGTTCCGCGA-1,0,88,mm10
GCTGCAGAGAGCAACC-1,2706,16,hg19
GCTGCAGAGGGCTTCC-1,4343,2,hg19
GCTGCAGAGGTTGACG-1,3174,3,hg19
GCTGCAGAGTCACAGG-1,918,3,hg19
GCTGCAGCAATTGCAC-1,938,0,hg19
GCTGCAGCATCCGGCA-1,4984,8,hg19
GCTGCAGTCGGAGCAA-1,2271,4,hg19
GCTGGGTGTACCCGAC-1,3,80,mm10
GCTGGGTTCAAATGAG-1,10003,12,hg19
GCTGGGTTCCAGTGCG-1,2884,8,hg19
GCTTCACGTCAGACTT-1,7933,3,hg19
GCTTCACGTGCTCGTG-1,5230,2,hg19
GCTTCACTCAAGAAAC-1,5235,7,hg19
GCTTCACTCTATCGCC-1,1,58,mm10
GCTTGGGAGCTCGAAG-1,4649,3,hg19
GCTTGGGAGTCCGCCA-1,1,69,mm10
GCTTGGGCACAGAAGC-1,3316,11,hg19
GCTTGGGCATGGACAG-1,4941,198,Multiplet
GCTTGGGCATTAAAGG-1,9245,79,Multiplet
GCTTGGGTCCTGGCTT-1,0,89,mm10
GCTTTCGAGGCTGGAT-1,3553,4,hg19
GCTTTCGCAGGCACAA-1,2957,20,hg19
GCTTTCGGTATCGTTG-1,2569,2,hg19
GCTTTCGGTCAAGTTC-1,0,51,mm10
GCTTTCGGTGTGTCGC-1,33,127,mm10
GCTTTCGGTTAAGTCC-1,1,60,mm10
GGAACCCAGGGTAATT-1,3222,0,hg19
GGAACCCCACTTGACA-1,3513,6,hg19
GGAACCCGTTTGAAAG-1,1259,3,hg19
GGAACCCTCGACATCA-1,1,59,mm10
GGAAGTGAGGACAGCT-1,2285,4,hg19
GGAAGTGGTCGCTTAA-1,6458,3,hg19
GGAAGTGGTTATAGCC-1,1532,4,hg19
GGAAGTGGTTTAGAGA-1,0,74,mm10
GGAAGTGTCCATACAG-1,2309,4,hg19
GGAAGTGTCGTAGCTA-1,3196,3,hg19
GGAAGTGTCTCATGCC-1,2561,5,hg19
GGAATCTGTGTCTTAG-1,2291,2,hg19
GGAATCTTCCGAGTGC-1,3359,4,hg19
GGAATCTTCTGCCTGT-1,1,72,mm10
GGAATGGAGACAACTA-1,5037,18,hg19
GGAATGGAGGACTATA-1,3848,5,hg19
GGAATGGAGGTCCCTG-1,6873,4,hg19
GGAATGGCAGCGAGTA-1,0,69,mm10
GGAATGGTCATCGCAA-1,691,0,hg19
GGACGTCAGGTGCAGT-1,4157,3,hg19
GGACGTCTCAAGCCTA-1,1212,8,hg19
GGAGAACAGCACTTTG-1,10672,17,hg19
GGAGAACAGGGATCGT-1,5107,5,hg19
GGAGAACCACGCGCAT-1,2041,5,hg19
GGAGAACCAGGCTTGC-1,6231,14,hg19
GGAGAACGTAACGCGA-1,2343,4,hg19
GGAGAACGTCGCATCG-1,3388,8,hg19
GGAGAACGTTGTACGT-1,4988,5,hg19
GGAGATGCAATTGTGC-1,6016,5,hg19
GGAGCAAAGATAACGT-1,5664,4,hg19
GGAGCAACATATGAAG-1,0,50,mm10
GGAGCAAGTATTCCTT-1,2529,4,hg19
GGAGCAAGTTGGTGTT-1,2946,3,hg19
GGAGCAATCAGGAGAC-1,50,2237,mm10
GGAGCAATCGTTCGCT-1,3428,8,hg19
GGAGGATAGTCACACT-1,4038,9,hg19
GGAGGATGTAAGTTGA-1,0,46,mm10
GGAGGATGTCACAATC-1,1913,14,hg19
GGAGGATTCGTGCATA-1,982,3,hg19
GGAGGTAAGGTCCAGA-1,54,321,mm10
GGAGGTAAGTTCGCAT-1,3817,8,hg19
GGAGGTACAGCTGTTA-1,2,49,mm10
GGAGGTAGTACGACAG-1,5476,5,hg19
GGAGGTAGTACGGTTT-1,6457,33,hg19
GGATCTAAGTAAAGCT-1,0,67,mm10
GGATCTACAAGTGATA-1,47,12381,mm10
GGATCTACATTAAAGG-1,5662,6,hg19
GGATCTAGTCCGAAAG-1,4529,6,hg19
GGATCTATCACTGGGC-1,5476,6,hg19
GGATCTATCGGTCTGG-1,2,51,mm10
GGATCTATCTGTAAGC-1,10183,10,hg19
GGATCTATCTTTCCAA-1,2146,4,hg19
GGATGTTAGTGCAGGT-1,4016,9,hg19
GGATGTTGTCTTGAGT-1,7144,5,hg19
GGATGTTTCTAAGCCA-1,2497,5,hg19
GGCACGTGTATGAAAC-1,0,53,mm10
GGCACGTGTCACATTG-1,2569,4,hg19
GGCACGTGTCCACTCT-1,1,78,mm10
GGCACGTGTTACGTAC-1,2936,6,hg19
GGCACGTGTTCCGCTT-1,3825,4,hg19
GGCACGTTCCTGTTGC-1,4758,14,hg19
GGCAGTCAGGATGAGA-1,5042,3,hg19
GGCAGTCAGTTAACGA-1,0,59,mm10
GGCAGTCCAAGCCTGC-1,0,76,mm10
GGCAGTCCATGTTTGG-1,7863,3,hg19
GGCAGTCGTGAGGAAA-1,5946,6,hg19
GGCAGTCTCAGCAATC-1,4267,10,hg19
GGCAGTCTCCTGATAG-1,5640,6,hg19
GGCAGTCTCCTGTACC-1,3804,5,hg19
GGCAGTCTCGTTGTAG-1,5840,6,hg19
GGCAGTCTCTCCCTAG-1,4436,2,hg19
GGCGTCAGTAACTAAG-1,8686,23,hg19
GGCGTCATCCACCCTA-1,1330,6,hg19
GGCGTCATCTAACGCA-1,3467,5,hg19
GGCTGTGGTCCCTGTT-1,9395,19,hg19
GGCTGTGGTGCCTGCA-1,1792,9,hg19
GGCTTGGAGCAGCCTC-1,6444,9,hg19
GGCTTGGAGGGTTAGC-1,1,52,mm10
GGCTTGGCAAGAATAC-1,2,140,mm10
GGCTTGGCAGTAACAA-1,1869,4,hg19
GGCTTGGCATGTAACC-1,4127,15,hg19
GGCTTGGGTCTTGCTC-1,1,70,mm10
GGCTTTCAGACCAAGC-1,204,13359,mm10
GGCTTTCAGCATGCAG-1,885,5,hg19
GGCTTTCCAAGAAACT-1,1677,2,hg19
GGCTTTCCACATCATG-1,5605,9,hg19
GGCTTTCGTTGCCGCA-1,5671,17,hg19
GGCTTTCGTTTGTTCT-1,4980,6,hg19
GGCTTTCTCATTGCGA-1,4069,6,hg19
GGCTTTCTCCTGGGAC-1,3557,7,hg19
GGCTTTCTCGGACCAC-1,2255,1,hg19
GGGAAGTAGCGCCTAC-1,25,607,mm10
GGGAAGTAGTGCTACT-1,3284,3,hg19
GGGAAGTCAACCGCTG-1,1145,3,hg19
GGGAAGTCACAATGTC-1,9511,7,hg19
GGGAAGTCACACCTGG-1,1599,2,hg19
GGGAAGTGTATGAGAT-1,3726,6,hg19
GGGAAGTGTCATACCA-1,4253,6,hg19
GGGAAGTGTCTAACTG-1,5905,16,hg19
GGGACAAAGGCATGGT-1,5871,12,hg19
GGGACAACACAGCCAC-1,6218,11,hg19
GGGACAACAGCGACAA-1,5008,9,hg19
GGGACAAGTGGCTGCT-1,3520,15,hg19
GGGACCTAGTTGGCTT-1,1705,1,hg19
GGGACCTCAACCAATC-1,3200,4,hg19
GGGACCTGTCACCCTT-1,1770,3,hg19
GGGACCTGTTGTGGCC-1,2549,7,hg19
GGGACCTTCACACCCT-1,5928,12,hg19
GGGACCTTCACGGGAA-1,4010,6,hg19
GGGACCTTCGGTCACG-1,2090,14,hg19
GGGACTCAGACGGAAA-1,3659,3,hg19
GGGACTCCAATCTCGA-1,598,2,hg19
GGGACTCTCAACCTTT-1,5825,8,hg19
GGGAGATCACAGCCAC-1,2758,7,hg19
GGGAGATCAGAGAATT-1,4062,6,hg19
GGGAGATGTAAGGCCA-1,5329,1,hg19
GGGAGTACAGCAGTGA-1,1304,4,hg19
GGGAGTAGTGGCAACA-1,6665,16,hg19
GGGAGTAGTGTCCCTT-1,3780,4,hg19
GGGAGTATCTCTGCCA-1,1,48,mm10
GGGATCCAGAGCATCG-1,2127,4,hg19
GGGATCCAGGTGCCTC-1,0,49,mm10
GGGATCCCATCTCCCA-1,3726,5,hg19
GGGATCCCATGACACT-1,1440,1,hg19
GGGATCCGTCATAGTC-1,4664,4,hg19
GGGATCCTCTAACGCA-1,5156,9,hg19
GGGATGAAGGTCCTGC-1,2996,7,hg19
GGGATGACATCTCAAG-1,3184,6,hg19
GGGATGACATGACGTT-1,5035,7,hg19
GGGATGATCGATGCTA-1,6868,11,hg19
GGGATGATCTCTCTTC-1,1,88,mm10
GGGCCATAGCATGCAG-1,2082,2,hg19
GGGCCATAGCTGAAGC-1,4014,6,hg19
GGGCCATAGTTCCTGA-1,3243,3,hg19
GGGCCATCAGAGATTA-1,2489,14,hg19
GGGCCATTCAACTACG-1,5195,6,hg19
GGGCGTTGTATCATGC-1,2065,0,hg19
GGGCGTTGTCATGGCC-1,1669,4,hg19
GGGCGTTTCCGCATAA-1,5964,10,hg19
GGGCGTTTCCGTAGGC-1,4770,6,hg19
GGGCTACAGAGCAGAA-1,2261,9,hg19
GGGCTACAGGCGTCCT-1,4291,5,hg19
GGGCTACAGTAACCGG-1,7560,4,hg19
GGGCTACGTAGCGCCT-1,4710,26,hg19
GGGCTACGTCACTACA-1,3156,5,hg19
GGGCTACGTGGTCTTA-1,0,47,mm10
GGGCTACTCCATAGGT-1,6739,4,hg19
GGGCTCACATCCGTTC-1,3458,3,hg19
GGGCTCAGTCTAATCG-1,3194,4,hg19
GGGCTCATCATCGCTC-1,2148,7,hg19
GGGCTCATCATCTACT-1,6673,7,hg19
GGGCTCATCTGATGGT-1,4668,2,hg19
GGGTAGACACGACGCT-1,1,65,mm10
GGGTAGAGTGACTCTA-1,0,60,mm10
GGGTAGAGTGATACTC-1,1311,1,hg19
GGGTAGAGTTGACTAC-1,0,56,mm10
GGGTAGATCACCACAA-1,1,61,mm10
GGGTAGATCACCTTGC-1,3884,9,hg19
GGGTATTAGAAGCCTG-1,3719,9,hg19
GGGTATTAGCGATTCT-1,4023,5,hg19
GGGTATTTCCGCAAAT-1,4241,3,hg19
GGGTCACAGCTCTGTA-1,4876,6,hg19
GGGTCACAGCTGAGTG-1,6281,9,hg19
GGGTCACAGTACTCGT-1,3,55,mm10
GGGTCACCATGATGCT-1,2,53,mm10
GGGTCACGTTCGCGTG-1,1606,6,hg19
GGGTCTGAGCTCTTCC-1,1,49,mm10
GGGTCTGAGGTGCGAT-1,4653,8,hg19
GGGTCTGAGGTTATAG-1,799,3356,mm10
GGGTCTGAGTGTAGAT-1,1,65,mm10
GGGTCTGCAATTGCGT-1,6013,2,hg19
GGGTCTGGTTAGGGAC-1,4724,8,hg19
GGGTCTGGTTCCTACC-1,4976,4,hg19
GGGTCTGTCAACTGGT-1,2,46,mm10
GGGTCTGTCACTAGCA-1,2577,10,hg19
GGGTGAAAGATAACAC-1,1,57,mm10
GGGTGAAAGGTAGATT-1,4396,7,hg19
GGGTGAACACTCTCGT-1,3119,7,hg19
GGGTGAAGTCACTAGT-1,1,47,mm10
GGGTGAAGTGGTAACG-1,3754,5,hg19
GGGTGAATCGGTGAAG-1,20,3528,mm10
GGGTGAATCTTCTGGC-1,4260,9,hg19
GGGTGTCAGCAGAAAG-1,2842,2,hg19
GGGTGTCCAATCACGT-1,2519,5,hg19
GGGTGTCCACCCTAAA-1,5683,3,hg19
GGGTGTCCAGTCTCTC-1,4667,1,hg19
GGGTGTCGTACTGGGA-1,3754,10,hg19
GGGTTATGTGAAGCTG-1,3712,4,hg19
GGGTTATGTGAGGATC-1,4610,5,hg19
GGGTTATTCCTGATAG-1,2299,7,hg19
GGGTTATTCTGCTCTG-1,3703,24,hg19
GGTAACTAGACCGTTT-1,4252,10,hg19
GGTAACTGTAGCACAG-1,5182,11,hg19
GGTAACTGTATACCCA-1,1178,22,hg19
GGTAACTGTCACTTCC-1,10798,7,hg19
GGTAACTGTGTATACC-1,3237,7,hg19
GGTAACTTCGGTAGGA-1,6891,3,hg19
GGTAATCAGGTTCCAT-1,2988,11,hg19
GGTAATCCACGCCAGT-1,3743,9,hg19
GGTAATCCATGGCCCA-1,532,4,hg19
GGTAATCGTAGGTACG-1,4413,4,hg19
GGTAATCGTGGGCTCT-1,3933,7,hg19
GGTAATCTCCAACTGA-1,4417,8,hg19
GGTAATCTCCGTACGG-1,0,80,mm10
GGTAGAGCAAAGGGCT-1,4503,5,hg19
GGTAGAGGTAAGCTCT-1,1625,2,hg19
GGTAGAGGTTCAGTAC-1,0,56,mm10
GGTCACGCATGATGCT-1,6670,4,hg19
GGTCACGGTTAACAGA-1,4144,12,hg19
GGTCACGTCAGAGCGA-1,3623,4,hg19
GGTCTGGCACGGCCAT-1,4525,19,hg19
GGTCTGGCAGTTAGAA-1,2692,6,hg19
GGTCTGGGTGATACTC-1,1775,4,hg19
GGTCTGGTCACATACG-1,0,60,mm10
GGTCTGGTCAGAGCGA-1,2435,4,hg19
GGTCTGGTCGTCCTCA-1,3691,9,hg19
GGTGAAGGTGGTAATA-1,1008,1,hg19
GGTGAAGGTGTACAGG-1,2990,5,hg19
GGTGAAGTCCAACTAG-1,7140,8,hg19
GGTGATTAGGGATCAC-1,0,70,mm10
GGTGATTGTACCTGTA-1,3816,3,hg19
GGTGGCTAGAGAGTTT-1,711,0,hg19
GGTGGCTAGAGCAACC-1,2770,2,hg19
GGTGGCTAGCACGATG-1,6322,8,hg19
GGTGTCGAGCATCAAA-1,307,3407,mm10
GGTGTCGAGCTTACGT-1,5343,2,hg19
GGTGTCGAGGGAGGCA-1,1715,11,hg19
GGTGTCGCATGACGTT-1,5325,19,hg19
GGTGTCGGTACGAAAT-1,0,65,mm10
GGTGTCGGTTGCTGAT-1,2447,2,hg19
GGTGTCGTCCATCAGA-1,1310,8,hg19
GGTGTCGTCGTGCGAC-1,3091,2,hg19
GGTGTTAAGAGAGAAC-1,701,1,hg19
GGTGTTACACGTCGTG-1,4059,3,hg19
GGTGTTACATGGCTGC-1,5323,3,hg19
GGTGTTAGTAAGAACT-1,5090,2,hg19
GGTGTTAGTAAGTTGA-1,5708,4,hg19
GGTGTTAGTACAGTAA-1,7371,12,hg19
GGTGTTAGTGTACAGG-1,2698,3,hg19
GGTGTTATCAAGTCGT-1,2341,1,hg19
GGTTAACAGCTAGATA-1,2516,4,hg19
GGTTAACAGGATGTTA-1,4884,14,hg19
GGTTAACAGGCCCACT-1,2987,6,hg19
GGTTAACGTCAGGCAA-1,3440,7,hg19
GGTTAACTCACACGAT-1,1986,2,hg19
GGTTAACTCGCCATAA-1,1578,2,hg19
GGTTAACTCTTACGTT-1,5301,3,hg19
GGTTCTCTCCATCAGA-1,2019,1,hg19
GGTTGTAAGCAGCACA-1,3699,7,hg19
GGTTGTACACAGAGCA-1,1451,3,hg19
GGTTGTACAGCTGCCA-1,5621,4,hg19
GGTTGTAGTTCTCGTC-1,2711,4,hg19
GGTTGTAGTTTCACTT-1,7626,12,hg19
GTAACACAGTCGCGAA-1,11294,3,hg19
GTAACACAGTGACACG-1,1637,5,hg19
GTAACACAGTTCATCG-1,2,91,mm10
GTAACACCAAACACGG-1,3929,9,hg19
GTAACACCAGGACAGT-1,3482,5,hg19
GTAACACCATCGTTCC-1,3505,7,hg19
GTAACACGTCTGTTAG-1,5163,2,hg19
GTAACACTCCATGAGT-1,6442,15,hg19
GTAACACTCTGAATCG-1,6613,8,hg19
GTAACCACAGATCCTA-1,0,68,mm10
GTAACCAGTCCAAAGG-1,0,130,mm10
GTAACCATCAGCGCAC-1,3742,3,hg19
GTAACCATCGTTGCCT-1,0,61,mm10
GTAAGTCTCAGCTTGA-1,1,62,mm10
GTAAGTCTCCAATCCC-1,2,57,mm10
GTAAGTCTCCATCTAT-1,54,204,mm10
GTAATCGAGTCATGCT-1,2205,7,hg19
GTAATCGCATGACTGT-1,620,10,hg19
GTAATCGGTTGAGAGC-1,11746,11,hg19
GTAATCGTCCAAATGC-1,2566,4,hg19
GTAATGCAGCTGCCAC-1,594,8,hg19
GTAATGCCAAGAAATC-1,6142,10,hg19
GTACAACTCGGAAACG-1,4568,1,hg19
GTACAGTGTTTGTTGG-1,6468,3,hg19
GTACAGTTCCGAGAAG-1,3486,3,hg19
GTACAGTTCCTGTAGA-1,6463,6,hg19
GTACAGTTCGGCCCAA-1,7525,5,hg19
GTACAGTTCTGGAGAG-1,8191,9,hg19
GTAGAAACACTCCTGT-1,1341,7,hg19
GTAGAAACAGCCTACG-1,37,89,mm10
GTAGAGGAGCCGTCGT-1,5355,4,hg19
GTAGAGGCACTCCGGA-1,0,63,mm10
GTAGAGGGTATCGAGG-1,1076,9,hg19
GTAGATCAGCAACCAG-1,3268,4,hg19
GTAGATCCAACCGGAA-1,3420,4,hg19
GTAGATCCAAGCGCAA-1,2956,12,hg19
GTAGATCCATGACTCA-1,1919,1,hg19
GTAGATCGTAGCACAG-1,1,46,mm10
GTAGATCGTTCGTTCC-1,2,53,mm10
GTAGATCGTTGCGTAT-1,4537,5,hg19
GTAGATCTCATTGGTG-1,12,500,mm10
GTAGATCTCGGACTGC-1,7298,4,hg19
GTAGCTAAGCCAAGGT-1,2301,14,hg19
GTAGCTAAGCCTCGTG-1,4535,30,hg19
GTAGCTAAGGAAGAAC-1,4336,6,hg19
GTAGCTACAGCTGCCA-1,7304,5,hg19
GTAGCTATCTCCCTAG-1,12946,12,hg19
GTAGGAGAGAGTCAAT-1,4289,5,hg19
GTAGGAGAGCATATGA-1,6180,2,hg19
GTAGGAGAGCTAGATA-1,2724,6,hg19
GTAGGAGAGCTGTACT-1,2817,2,hg19
GTAGGAGCAAGTGCTT-1,5519,3,hg19
GTAGGAGCAATGTGGG-1,30,80,mm10
GTAGGAGCAGCCTTCT-1,3192,8,hg19
GTAGGAGCATGTGGCC-1,5505,53,Multiplet
GTAGGAGGTTCTAAGC-1,5586,15,hg19
GTAGGAGTCCAGTGTA-1,4962,14,hg19
GTAGGAGTCCATCAGA-1,3215,7,hg19
GTAGGTTTCTAGTTCT-1,5794,9,hg19
GTAGTACCACGGCGTT-1,0,49,mm10
GTAGTACGTCACAGAG-1,3105,2,hg19
GTAGTACTCCGAGAAG-1,4622,4,hg19
GTATTGGAGGCACGAT-1,1,64,mm10
GTATTGGAGTCCCAAT-1,4773,7,hg19
GTATTGGTCAAATAGG-1,2219,10,hg19
GTATTGGTCCATACAG-1,6359,12,hg19
GTATTGGTCTCTTGCG-1,7924,6,hg19
GTATTTCCAGCGACCT-1,4281,3,hg19
GTATTTCCATCACGGC-1,1069,6,hg19
GTATTTCGTCCTCATC-1,3711,2,hg19
GTATTTCGTTCTTGCC-1,12686,15,hg19
GTATTTCGTTTGTTGG-1,9775,16,hg19
GTATTTCTCGACGCGT-1,3745,1,hg19
GTCAAACAGCCGATTT-1,5923,6,hg19
GTCAAACTCACGGTCG-1,5633,20,hg19
GTCAAACTCTCGGGAC-1,5153,1,hg19
GTCAAGTAGCACGGAT-1,2527,4,hg19
GTCAAGTCAGCCCACA-1,5585,4,hg19
GTCAAGTGTGAATGAT-1,4321,2,hg19
GTCACGGAGAGTTGCG-1,2196,4,hg19
GTCACGGCACTTCTCG-1,4970,4,hg19
GTCACGGCAGAGTCAG-1,5525,10,hg19
GTCACGGGTAGCCCTG-1,3979,3,hg19
GTCACGGTCATTTCCA-1,3280,4,hg19
GTCACTCCACGAAAGC-1,8930,7,hg19
GTCACTCCAGTCGGAA-1,5079,4,hg19
GTCACTCCAGTTTGGT-1,5692,16,hg19
GTCACTCGTAACGTTC-1,7831,4,hg19
GTCACTCGTCTCTCAC-1,2465,5,hg19
GTCACTCTCGAACTCA-1,6886,3,hg19
GTCACTCTCTCCGAGG-1,3510,9,hg19
GTCAGCGAGTTCCAGT-1,1,47,mm10
GTCAGCGCAATGCTCA-1,5677,7,hg19
GTCAGCGGTCTGATAC-1,1,52,mm10
GTCAGCGGTGCAACGA-1,5091,4,hg19
GTCAGCGGTTCCACAA-1,3240,5,hg19
GTCATCCAGGATAATC-1,70,481,mm10
GTCATCCCACAACGCC-1,3822,18,hg19
GTCATCCCATCGTGGC-1,4423,5,hg19
GTCATCCGTGAATGAT-1,3649,67,Multiplet
GTCATCCTCGTAGTGT-1,3334,4,hg19
GTCATCCTCTTAGCCC-1,7016,21,hg19
GTCATGAAGGGCAACT-1,4220,3,hg19
GTCATGACAATCTAGC-1,4261,6,hg19
GTCATGACACTACACA-1,4242,15,hg19
GTCATGAGTCAAGTTC-1,3050,4,hg19
GTCATGAGTCCATCTC-1,5101,5,hg19
GTCATGAGTGCAAGAC-1,2127,4,hg19
GTCATGATCGAGAGCA-1,2751,2,hg19
GTCATGATCGGTGTTA-1,1839,1,hg19
GTCATTTAGAGGACTC-1,2455,5,hg19
GTCATTTCATTGACAC-1,1787,5,hg19
GTCATTTGTGCTCTCT-1,2,73,mm10
GTCATTTGTGTTCAGT-1,1363,11,hg19
GTCCACTAGTGCGCTC-1,2226,7,hg19
GTCCACTAGTTAGTAG-1,4927,12,hg19
GTCCACTCAAGGTCTT-1,1,49,mm10
GTCCACTCAATCGCAT-1,1727,7,hg19
GTCCACTCAGAGCGTA-1,621,4,hg19
GTCCACTGTTCGGTTA-1,8,81,mm10
GTCCCATGTAAGGTCG-1,0,59,mm10
GTCCCATTCCCTCATG-1,4274,5,hg19
GTCCTCAAGGAACGTC-1,3243,2,hg19
GTCCTCACAATGTCTG-1,1644,6,hg19
GTCCTCACACCCTATC-1,537,1,hg19
GTCGAATAGCTCCACG-1,618,3,hg19
GTCGAATCATGTAACC-1,12510,18,hg19
GTCGAATGTAGAGATT-1,3531,2,hg19
GTCGAATGTGAAGCTG-1,2447,1,hg19
GTCGAATGTTGGACCC-1,1271,4,hg19
GTCGCGACAGCATCTA-1,1510,7,hg19
GTCGCGAGTGACAACG-1,3329,10,hg19
GTCGTAAAGAGCTGAC-1,3491,4,hg19
GTCGTAACACGAGGTA-1,4161,1,hg19
GTCGTAATCGGTGCAC-1,1,54,mm10
GTCGTTCAGAGAGTGA-1,0,56,mm10
GTCGTTCCAGCCATTA-1,0,54,mm10
GTCGTTCGTAGCGTCC-1,4803,10,hg19
GTCGTTCGTCCTTTGC-1,13633,4,hg19
GTCTACCAGCCTCAAT-1,8393,3,hg19
GTCTACCCAAAGGTTA-1,4262,7,hg19
GTCTACCCAGATCCAT-1,5025,5,hg19
GTCTACCGTTGCCGAC-1,4085,3,hg19
GTCTACCTCAGCTTGA-1,2218,8,hg19
GTCTACCTCGGCTGTG-1,7604,14,hg19
GTCTACCTCGTCAGAT-1,2814,10,hg19
GTCTACCTCGTCCATC-1,3795,2,hg19
GTCTACCTCTAAGGAA-1,1041,2,hg19
GTCTAGAAGATACATG-1,6512,9,hg19
GTCTAGAAGGTTCAGG-1,3584,5,hg19
GTCTAGAGTGACACAG-1,5075,12,hg19
GTCTAGAGTGCCTATA-1,0,49,mm10
GTCTAGATCACAAGAA-1,4407,3,hg19
GTCTAGATCGAGAAGC-1,6549,1,hg19
GTCTCACAGCAGTCTT-1,1,46,mm10
GTCTCACAGGCGAAGG-1,669,6,hg19
GTCTCACAGGTTATAG-1,4631,2,hg19
GTCTCACCAGCAGATG-1,7482,5,hg19
GTCTCACTCATCCTAT-1,7143,7,hg19
GTCTGTCCAACGTTAC-1,2596,0,hg19
GTCTGTCGTCATGCAT-1,7421,51,Multiplet
GTCTGTCTCAGCTTGA-1,6241,0,hg19
GTCTGTCTCTCTCCGA-1,4514,11,hg19
GTCTGTCTCTGAGTCA-1,3494,7,hg19
GTCTTTAAGCTCTATG-1,6518,3,hg19
GTCTTTACATCAGCGC-1,3583,6,hg19
GTCTTTATCGACCACG-1,2252,5,hg19
GTGACGCCAATCTGCA-1,4667,6,hg19
GTGACGCCATACCAGT-1,3225,2,hg19
GTGACGCCATAGAATG-1,4642,18,hg19
GTGACGCGTCCACTCT-1,2261,14,hg19
GTGACGCGTGGCAGAT-1,4210,4,hg19
GTGACGCTCTGCTTAT-1,10075,9,hg19
GTGAGCCAGATTGTGA-1,4263,3,hg19
GTGAGCCAGGTAGATT-1,5594,1,hg19
GTGAGCCCAAGATGGC-1,0,47,mm10
GTGAGCCGTCGCTGCA-1,3337,4,hg19
GTGAGCCGTGGGAGAG-1,6410,9,hg19
GTGAGCCTCACATTGG-1,7634,9,hg19
GTGAGCCTCTGGACCG-1,3694,5,hg19
GTGAGGACAACTTGCA-1,2578,2,hg19
GTGAGGACACGAGAAC-1,2610,2,hg19
GTGAGGAGTGGTAACG-1,1,52,mm10
GTGAGGATCCAAGCTA-1,2550,9,hg19
GTGAGGATCGTACACA-1,0,59,mm10
GTGAGTTAGTGCTAGG-1,1030,26,hg19
GTGAGTTCACTAACCA-1,3247,10,hg19
GTGAGTTCAGACATCT-1,5133,8,hg19
GTGAGTTCAGCTCCTT-1,6385,8,hg19
GTGAGTTTCCTTCTTC-1,1,65,mm10
GTGAGTTTCGTAGCTA-1,4379,6,hg19
GTGAGTTTCGTTAGTG-1,3790,7,hg19
GTGATGTAGATTAGAC-1,2875,4,hg19
GTGATGTAGATTGCGG-1,5470,2,hg19
GTGATGTAGGTAGCCA-1,0,88,mm10
GTGATGTGTAAGCGGT-1,3555,10,hg19
GTGATGTTCGTCAGAT-1,1706,3,hg19
GTGCACGAGAGAGGTA-1,4880,3,hg19
GTGCACGAGGATATAC-1,3229,3,hg19
GTGCACGAGTGACCTT-1,2740,4,hg19
GTGCACGCAAAGCACG-1,5022,3,hg19
GTGCACGCAACACGAG-1,5491,19,hg19
GTGCACGCATCTGGGC-1,4397,4,hg19
GTGCACGTCAAACCTG-1,4946,6,hg19
GTGCACGTCGAGAAAT-1,2,47,mm10
GTGCAGCCATGACTCA-1,7858,2,hg19
GTGCAGCGTATACCTG-1,0,59,mm10
GTGCGTGAGCCAAGCA-1,1721,7,hg19
GTGCGTGCAAAGGCGT-1,1,46,mm10
GTGCGTGGTGCAACAG-1,3933,6,hg19
GTGCGTGGTTGCTCGG-1,4735,7,hg19
GTGCGTGTCCTAGCTC-1,0,65,mm10
GTGCGTGTCTCATTGT-1,5132,7,hg19
GTGCTGGAGACTTGTC-1,10446,5,hg19
GTGCTGGCAACCACGC-1,2449,6,hg19
GTGCTGGGTAACATAG-1,1326,7,hg19
GTGCTGGGTCACAGAG-1,6925,5,hg19
GTGCTTCAGCCAACCC-1,660,4,hg19
GTGCTTCCAATATCCG-1,3712,7,hg19
GTGCTTCGTACGAGCA-1,5572,11,hg19
GTGCTTCGTAGGTACG-1,6450,10,hg19
GTGCTTCGTCATCAGT-1,1835,3,hg19
GTGCTTCGTGTCCATA-1,2289,3,hg19
GTGCTTCTCTAGTACG-1,6450,16,hg19
GTGGAAGAGAAACCCG-1,2906,10,hg19
GTGGAAGCACATGTTG-1,4656,5,hg19
GTGGAAGGTGATTAGA-1,1417,1,hg19
GTGGAAGGTTATTCTC-1,4777,9,hg19
GTGGAAGTCCGGCTTT-1,4735,4,hg19
GTGGAGAAGATAACGT-1,3373,4,hg19
GTGGAGACACGTGTGC-1,6408,4,hg19
GTGGAGAGTAGCTGAG-1,4317,3,hg19
GTGGAGAGTTACACTG-1,3650,2,hg19
GTGGAGAGTTTGCAGT-1,1953,2,hg19
GTGGGAAAGCCAGACA-1,2196,7,hg19
GTGGGAAAGGTGCTAG-1,0,48,mm10
GTGGGAACAAGAGGTC-1,0,86,mm10
GTGGGAACAAGTGGAC-1,3688,4,hg19
GTGGGAACACAGAGCA-1,1,77,mm10
GTGGGAACATCGAGCC-1,7253,22,hg19
GTGGGAATCACTTCTA-1,1757,0,hg19
GTGGGAATCCCGGTAG-1,4300,9,hg19
GTGGTTAAGACATAGT-1,5721,18,hg19
GTGGTTAAGGATGAGA-1,9908,8,hg19
GTGGTTAAGTCCCAAT-1,6495,8,hg19
GTGGTTACAAATGGAT-1,0,64,mm10
GTGGTTACACGTCATA-1,1,55,mm10
GTGGTTAGTAGACGGT-1,2,77,mm10
GTGGTTATCAAATGCC-1,6055,3,hg19
GTGGTTATCATACGGT-1,0,94,mm10
GTGTAACCAACACGAG-1,3840,2,hg19
GTGTAACGTCAACCTA-1,2117,4,hg19
GTGTAACGTTGCCTAA-1,2551,1,hg19
GTGTAACTCCGGACTG-1,2477,8,hg19
GTGTAACTCCTGATAG-1,1734,6,hg19
GTGTCCTAGACATACA-1,6448,1,hg19
GTGTCCTAGCCATTGT-1,548,2,hg19
GTGTCCTGTCAAGGCA-1,1,62,mm10
GTGTCCTGTTGAGTCT-1,257,5114,mm10
GTGTCCTTCCAACTGA-1,3427,7,hg19
GTGTGATCATGCCGGT-1,4485,6,hg19
GTGTGATGTCCAACGC-1,3787,2,hg19
GTGTGATGTGTTCCAA-1,2670,6,hg19
GTGTGATTCGAGGCAA-1,2604,2,hg19
GTGTGGCAGGGCAGTT-1,4345,3,hg19
GTGTGGCAGTAGGATT-1,1565,1,hg19
GTGTGGCCAAGTCGTT-1,5059,6,hg19
GTGTGGCCACAGGATG-1,1,73,mm10
GTGTGGCGTATACAGA-1,5030,10,hg19
GTGTGGCGTGGCACTC-1,2447,3,hg19
GTGTGGCTCTGGGCAC-1,2635,2,hg19
GTGTTAGAGCTAGAGC-1,16544,19,hg19
GTGTTAGAGGATTCAA-1,6720,6,hg19
GTGTTAGCAACGTATC-1,2355,3,hg19
GTGTTAGGTGCCAAGA-1,3793,11,hg19
GTGTTCCCAGCCGTTG-1,0,50,mm10
GTGTTCCCAGCTAACT-1,1195,7,hg19
GTGTTCCTCCATTCAT-1,3320,2,hg19
GTGTTCCTCTAGTTCT-1,7890,7,hg19
GTGTTCCTCTCGCGTT-1,2374,12,hg19
GTTACAGCACATAGCT-1,2105,3,hg19
GTTACAGTCTGGACCG-1,3615,4,hg19
GTTACCCAGGAAGTGA-1,4627,2,hg19
GTTACCCGTAACCCTA-1,2939,8,hg19
GTTACCCGTACTCCGG-1,5516,5,hg19
GTTACCCGTGCGTTTA-1,1,64,mm10
GTTACCCTCAAGAATG-1,1101,5,hg19
GTTACCCTCGCGGACT-1,5333,12,hg19
GTTACCCTCTCAGTCC-1,2875,5,hg19
GTTACGAAGCATTTGC-1,4592,3,hg19
GTTACGAAGTAACCGG-1,6815,5,hg19
GTTACGACACAATTCG-1,2590,12,hg19
GTTACGACAGCCTTCT-1,4139,21,hg19
GTTACGACATGCCGCA-1,3423,4,hg19
GTTACGAGTGTTCGAT-1,0,67,mm10
GTTAGACAGGTAGATT-1,2583,13,hg19
GTTAGACCATGGTGGA-1,4019,13,hg19
GTTAGACGTCGTCTCT-1,2038,2,hg19
GTTAGACGTGCTGTCG-1,0,48,mm10
GTTAGACTCAGGGATG-1,1,49,mm10
GTTAGACTCATTTGTC-1,14341,37,hg19
GTTAGTGAGCTAAATG-1,3498,1,hg19
GTTAGTGAGGCATGCA-1,0,69,mm10
GTTAGTGCAGGCATGA-1,8891,7,hg19
GTTATGGGTACGACTT-1,5022,17,hg19
GTTATGGTCTTAATCC-1,10859,24,hg19
GTTCATTAGAGCATAT-1,9258,5,hg19
GTTCATTCAGCTCCTT-1,8294,8,hg19
GTTCATTCAGCTGTCG-1,0,71,mm10
GTTCATTTCCTAGAGT-1,4715,9,hg19
GTTCATTTCCTATTTG-1,734,22,hg19
GTTCATTTCGAGGCAA-1,1,65,mm10
GTTCCGTAGTTCCATG-1,13968,32,hg19
GTTCCGTCACTACACA-1,3025,3,hg19
GTTCCGTCAGTTACCA-1,4419,4,hg19
GTTCCGTTCAGTGATC-1,0,66,mm10
GTTCCGTTCTTTCTAG-1,6218,3,hg19
GTTCGCTGTCTATGAC-1,3723,8,hg19
GTTCTATAGTCCCGGT-1,5610,20,hg19
GTTCTATCACGGTGCT-1,6686,4,hg19
GTTCTATGTGCCAAGA-1,1896,6,hg19
GTTCTATGTGGGATTG-1,3346,12,hg19
GTTCTATTCTACGCGG-1,3585,4,hg19
GTTGAACAGACCCTTA-1,2079,11,hg19
GTTGAACAGAGCAGAA-1,2396,4,hg19
GTTGAACAGTCGGCAA-1,2515,4,hg19
GTTGAACAGTCTTCCC-1,1432,5,hg19
GTTGAACGTATTGCCA-1,5376,10,hg19
GTTGCGGAGTACAGCG-1,4208,4,hg19
GTTGCGGGTCCCGTGA-1,5631,7,hg19
GTTGCGGTCAAGATAG-1,2127,3,hg19
GTTGCGGTCTCTGAGA-1,2325,7,hg19
GTTGCTCGTGCGAACA-1,5647,7,hg19
GTTGCTCTCTACTGCC-1,0,91,mm10
GTTGTAGGTCGTGATT-1,1927,4,hg19
GTTGTAGGTGAATGTA-1,1561,2,hg19
GTTGTCCAGCTGGCCT-1,2859,5,hg19
GTTGTCCTCAGAGCGA-1,1369,8,hg19
GTTGTCCTCTCGTTTA-1,2689,11,hg19
GTTGTCCTCTCTTCAA-1,5,52,mm10
GTTGTGAGTAACATAG-1,2232,3,hg19
GTTGTGAGTCACCTTC-1,8643,16,hg19
GTTGTGAGTCTTTATC-1,3508,7,hg19
GTTGTGAGTGAGATTA-1,0,47,mm10
GTTGTGATCACCGGTG-1,4785,2,hg19
GTTGTGATCATTTGTC-1,4518,2,hg19
GTTGTGATCTGGGCGT-1,2388,6,hg19
GTTTACTAGACTAGAT-1,0,55,mm10
GTTTACTGTAATCAAG-1,5520,5,hg19
GTTTACTGTTCCGCGA-1,6591,3,hg19
GTTTACTTCCCTGTTG-1,0,61,mm10
GTTTACTTCGCCAACG-1,6850,6,hg19
GTTTGGAAGCACGATG-1,2253,6,hg19
GTTTGGAAGCGACATG-1,0,76,mm10
GTTTGGACAAATGAGT-1,0,51,mm10
GTTTGGACAGCCGTCA-1,2130,7,hg19
GTTTGGATCGTTCATT-1,4111,5,hg19
TAACACGAGCACGGAT-1,5336,8,hg19
TAACACGAGGGACACT-1,3748,14,hg19
TAACACGAGGTGCCTC-1,10294,13,hg19
TAACACGCAGTCTACA-1,0,62,mm10
TAACACGGTAAGATTG-1,6878,7,hg19
TAACACGGTACGCTTA-1,5430,65,Multiplet
TAACACGGTGTCTTCC-1,5969,23,hg19
TAACACGGTTGGGAAC-1,5969,6,hg19
TAACACGTCGCGCTGA-1,0,47,mm10
TAACACGTCGTGCATA-1,3797,1,hg19
TAACACGTCTGTAAGC-1,0,51,mm10
TAACCAGAGATGCCGA-1,4805,6,hg19
TAACCAGCAGGTCCCA-1,2688,5,hg19
TAACCAGGTTCAAAGA-1,1110,2,hg19
TAACGACAGAGGACTC-1,3332,10,hg19
TAACGACAGCAGGCTA-1,1818,2,hg19
TAACGACCACTTCCTG-1,3591,12,hg19
TAACGACCATGGCCAC-1,0,48,mm10
TAACGACTCACAAGAA-1,4219,25,hg19
TAACGACTCTAATTCC-1,5048,5,hg19
TAACTTCCAAATTGCC-1,6281,5,hg19
TAACTTCTCAGTCCGG-1,3688,5,hg19
TAACTTCTCGACCTAA-1,1,146,mm10
TAAGCACAGCTTTCCC-1,677,13,hg19
TAAGCACAGTCCTACA-1,5594,5,hg19
TAAGCACCAACCGCTG-1,6700,6,hg19
TAAGCACCACCCTCTA-1,3059,8,hg19
TAAGCACGTCCGGCAT-1,3987,4,hg19
TAAGCACGTCTTGCTC-1,2247,2,hg19
TAAGCACGTTGGCTAT-1,1539,5,hg19
TAAGCACTCGTAGAGG-1,5568,8,hg19
TAAGCCAAGAGTCGAC-1,2628,4,hg19
TAAGCCAAGCCTCAGC-1,5864,6,hg19
TAAGCCAAGGAACGAA-1,3319,7,hg19
TAAGCCACAGTCAACT-1,8432,6,hg19
TAAGCGTAGCAGCGAT-1,5662,5,hg19
TAAGCGTAGTGCACCC-1,5163,4,hg19
TAAGCGTCAGTCAGCC-1,5341,5,hg19
TAAGCGTTCCGAGAAG-1,3602,7,hg19
TAAGCGTTCTTGATTC-1,3205,8,hg19
TAAGTCGAGGCTATCT-1,1269,1,hg19
TAAGTCGAGTATGAAC-1,0,64,mm10
TAAGTCGCAAACACCT-1,4714,13,hg19
TAAGTCGCAGTCGGTC-1,1183,5,hg19
TAAGTCGGTGTGAATA-1,2636,13,hg19
TAAGTCGTCGGAAACG-1,6483,4,hg19
TAAGTCGTCTCCAAGA-1,5242,1,hg19
TAATCTCAGAAGCTGC-1,4235,9,hg19
TAATCTCAGAGAAGGT-1,7041,5,hg19
TAATCTCAGATGATTG-1,5853,8,hg19
TAATCTCTCATGCTAG-1,7123,6,hg19
TAATCTCTCCAAGGGA-1,9465,5,hg19
TAATCTCTCTTTGCAT-1,4561,5,hg19
TAATTCCAGCTGTTCA-1,8359,9,hg19
TAATTCCTCGCTTAAG-1,2729,3,hg19
TACAACGAGACAACAT-1,2730,4,hg19
TACAACGCAGTTAAAG-1,4658,3,hg19
TACAACGTCAATCTCT-1,2770,4,hg19
TACACCCCAAATGGAT-1,0,84,mm10
TACACCCCAGTGAGCA-1,5347,80,Multiplet
TACACCCTCAAGCCGC-1,0,48,mm10
TACACCCTCGACCTAA-1,5836,3,hg19
TACAGGTCACCTCGTT-1,0,46,mm10
TACAGGTCAGATTCGT-1,2919,13,hg19
TACAGGTGTCCAAGAG-1,37,68,mm10
TACATTCAGCACCCAC-1,1,68,mm10
TACATTCAGCGATGAC-1,3983,8,hg19
TACATTCAGGTTGAGC-1,0,61,mm10
TACATTCAGTCATACC-1,0,61,mm10
TACATTCAGTGTACAA-1,2,47,mm10
TACATTCCACGCCAGT-1,4426,7,hg19
TACATTCCATGAGTAA-1,5257,7,hg19
TACATTCGTTATGGTC-1,1,61,mm10
TACATTCTCGGTCGAC-1,0,46,mm10
TACATTCTCTGTACAG-1,3194,3,hg19
TACCCACCAGCGAGTA-1,1013,1,hg19
TACCCACCATAATCCG-1,3619,6,hg19
TACCCACCATGTTACG-1,680,4,hg19
TACCCACGTCGCGGTT-1,798,0,hg19
TACCCGTAGAACCCGA-1,2,47,mm10
TACCCGTAGAGGCGGA-1,5625,2,hg19
TACCCGTCAAATGCTC-1,2807,5,hg19
TACCCGTCAATGAGCG-1,3166,6,hg19
TACCCGTCATGTTTGG-1,1968,3,hg19
TACCCGTTCGATTGAC-1,7045,26,hg19
TACCCGTTCTGTGCAA-1,3215,5,hg19
TACCGAAAGGGATCAC-1,6513,7,hg19
TACCGAAAGGGCAATC-1,1944,5,hg19
TACCGAATCACTAGCA-1,2,75,mm10
TACCGAATCCTACCGT-1,2958,17,hg19
TACCGAATCTAACGGT-1,5418,10,hg19
TACCGGGAGGTTCAGG-1,2176,5,hg19
TACCGGGCAACGATTC-1,6043,3,hg19
TACCGGGGTCCCTGAG-1,3141,4,hg19
TACCGGGGTCTGATAC-1,2050,4,hg19
TACCTCGCATATACCG-1,4473,113,Multiplet
TACCTCGTCTCCTGAC-1,4941,3,hg19
TACCTGCCACCAAATC-1,0,66,mm10
TACCTGCGTATGGAGC-1,10025,20,hg19
TACCTGCGTTGCATCA-1,2430,6,hg19
TACCTGCGTTGGCCTG-1,5684,5,hg19
TACCTGCTCCTAAACG-1,0,46,mm10
TACCTGCTCGACGCTG-1,8040,5,hg19
TACGCTCAGAGTTGTA-1,1,56,mm10
TACGCTCCAAGCGAGT-1,2613,1,hg19
TACGCTCCACACACTA-1,2,86,mm10
TACGCTCGTCCGGACT-1,0,58,mm10
TACGCTCTCCCTTTGG-1,2741,4,hg19
TACGGGCCAACCCGCA-1,3887,8,hg19
TACGGGCCAAGAATGT-1,4228,5,hg19
TACGGGCCAGCCGTCA-1,0,61,mm10
TACGGGCGTATCGCTA-1,3974,2,hg19
TACGGGCGTGGCATCC-1,1785,4,hg19
TACGGTAAGATGCGAC-1,3283,4,hg19
TACGGTACAGCGCGTT-1,2769,4,hg19
TACGGTACATAGTCGT-1,1263,2,hg19
TACGGTACATGAGTAA-1,2101,2,hg19
TACGGTAGTGTTGCCG-1,4475,5,hg19
TACGTCCAGAGATGCC-1,6643,5,hg19
TACGTCCAGTATGCAA-1,664,1,hg19
TACGTCCCATCCGGCA-1,5742,2,hg19
TACGTCCGTCTTCAAG-1,1225,7,hg19
TACGTCCGTTGCATAC-1,4542,3,hg19
TACTGCCAGATGACAT-1,2850,4,hg19
TACTGCCGTATAGGAT-1,3035,2,hg19
TACTGCCTCTGCGAGC-1,4217,4,hg19
TACTTACCACTTACAG-1,10395,9,hg19
TACTTACGTAACGATA-1,5635,13,hg19
TACTTCAAGAAAGTCT-1,2892,6,hg19
TACTTCAAGGGCCCTT-1,5053,4,hg19
TACTTCAAGTTACGTC-1,2916,3,hg19
TACTTCAGTAAGTAGT-1,4760,8,hg19
TACTTCAGTCCTGAAT-1,2,56,mm10
TACTTCAGTCTACAAC-1,7593,6,hg19
TACTTGTCAAACACGG-1,4345,3,hg19
TACTTGTCACGACGTC-1,3820,13,hg19
TACTTGTCACTGCACG-1,2330,10,hg19
TACTTGTTCACCTTAT-1,3469,7,hg19
TACTTGTTCCATCCGT-1,3534,6,hg19
TAGACCACAAGTTCCA-1,3335,6,hg19
TAGACCAGTCAAGGCA-1,534,3,hg19
TAGACCATCTTGATTC-1,4747,2,hg19
TAGACCATCTTTCGAT-1,52,127,mm10
TAGACTGAGAGCTGAC-1,908,5,hg19
TAGACTGAGCGACATG-1,0,65,mm10
TAGACTGAGGGCAGGA-1,3041,8,hg19
TAGACTGAGGTTCATC-1,4275,3,hg19
TAGAGTCAGACAACTA-1,0,46,mm10
TAGAGTCCACCTAAAC-1,3361,13,hg19
TAGAGTCCAGGAGGAG-1,4312,6,hg19
TAGAGTCTCACCGGGT-1,3238,2,hg19
TAGAGTCTCCCTAGGG-1,4842,11,hg19
TAGAGTCTCGAAGCCC-1,5801,5,hg19
TAGATCGCAGCCATTA-1,3141,11,hg19
TAGATCGTCACCATCC-1,5623,9,hg19
TAGATCGTCGCAAGAG-1,2074,2,hg19
TAGCACAAGAGTCCGA-1,1,67,mm10
TAGCACAGTCTACAGT-1,5968,5,hg19
TAGCACATCATTACGG-1,7586,11,hg19
TAGGAGGAGCCACAAG-1,2069,4,hg19
TAGGAGGCATACGCAT-1,2272,3,hg19
TAGGAGGTCGGATTAC-1,3136,4,hg19
TAGGGTTAGACTTCCA-1,3622,4,hg19
TAGGGTTAGATAGCTA-1,2925,3,hg19
TAGGGTTCACGTACTA-1,0,94,mm10
TAGGGTTCACTTACAG-1,7333,9,hg19
TAGGGTTCAGACTGCC-1,5456,7,hg19
TAGGGTTCATCATGAC-1,4835,4,hg19
TAGGGTTGTGAGATAT-1,2123,0,hg19
TAGGTACAGACTCAAA-1,0,48,mm10
TAGGTACAGTGTTGTC-1,4883,7,hg19
TAGGTACCAAACGGCA-1,48,118,mm10
TAGGTACCAACGAGGT-1,47,117,mm10
TAGGTACCAAGAGTTA-1,1822,6,hg19
TAGGTACCATCTTCGC-1,5853,5,hg19
TAGGTACGTGTATCCA-1,5716,3,hg19
TAGGTTGAGGTTATAG-1,5342,3,hg19
TAGGTTGCAGCAGTCC-1,4385,14,hg19
TAGGTTGGTATTTCTC-1,4964,21,hg19
TAGGTTGTCGCGCCAA-1,5310,3,hg19
TAGTGCAAGCAAATGT-1,5348,19,hg19
TAGTGCAAGTTGTACC-1,5052,9,hg19
TAGTGCAGTTTGCAGT-1,4165,12,hg19
TATACCTAGAGCCCAA-1,49,315,mm10
TATACCTAGCAGGGAG-1,3493,8,hg19
TATACCTAGTAACCTC-1,2703,7,hg19
TATACCTCAATGTCAC-1,7295,10,hg19
TATACCTCATTCTCCG-1,1654,8,hg19
TATACCTGTACACGCC-1,6745,19,hg19
TATACCTGTGTATTCG-1,2429,7,hg19
TATACCTTCTCTCTAA-1,5031,17,hg19
TATATCCAGTCACACT-1,2933,2,hg19
TATATCCGTATCGATC-1,4238,4,hg19
TATATCCGTATCGGTT-1,5526,2,hg19
TATATCCGTCTGATCA-1,7156,3,hg19
TATATCCGTGGGTATG-1,1921,6,hg19
TATATCCTCATGGATC-1,7445,5,hg19
TATATCCTCCCGTGTT-1,1,73,mm10
TATATCCTCGGAGTGA-1,4764,4,hg19
TATCAGGAGAGGTCGT-1,1841,6,hg19
TATCAGGCAATTTCCT-1,78,2340,mm10
TATCAGGCACAGTATC-1,4268,14,hg19
TATCAGGGTGAGGAAA-1,4439,6,hg19
TATCAGGTCTCCGTGT-1,2199,4,hg19
TATCCTAAGACGAGCT-1,3649,4,hg19
TATCCTAAGGTCGACA-1,6001,20,hg19
TATCCTAAGTGCGCTC-1,2241,5,hg19
TATCCTACACAAGCAG-1,5011,2,hg19
TATCCTACACGGATCC-1,1,54,mm10
TATCCTAGTATAATGG-1,4457,9,hg19
TATCCTAGTCATGCAT-1,6637,4,hg19
TATCCTAGTGAATTAG-1,3312,15,hg19
TATCCTATCACGTAGT-1,3468,13,hg19
TATCCTATCAGAATAG-1,1,50,mm10
TATCCTATCCCAGCGA-1,4464,11,hg19
TATCCTATCTCTCTTC-1,3503,13,hg19
TATCGCCAGCCTTGAT-1,0,93,mm10
TATCGCCCAGCGCTTG-1,4,57,mm10
TATCGCCGTACCTGTA-1,4845,0,hg19
TATCGCCTCTCTTCAA-1,7186,11,hg19
TATCTGTAGCAGATAT-1,13118,19,hg19
TATCTGTAGCAGCACA-1,51,51,hg19
TATCTGTCACGAGGTA-1,3703,2,hg19
TATCTGTCAGGAGACT-1,758,4,hg19
TATCTGTCAGGTTTAC-1,0,53,mm10
TATCTTGAGCCGAACA-1,1274,4,hg19
TATCTTGAGTCGAATA-1,3526,4,hg19
TATCTTGCACGATAGG-1,2988,13,hg19
TATCTTGGTGTTGAGG-1,37,10937,mm10
TATCTTGTCAAACCTG-1,1,48,mm10
TATCTTGTCGGACTGC-1,4210,4,hg19
TATGTTCAGGCTCTCG-1,4784,12,hg19
TATGTTCGTAACTGCT-1,6078,4,hg19
TATGTTCTCATTGTTC-1,8109,18,hg19
TATGTTCTCTAGGCCG-1,944,2,hg19
TATTCCACATGGCACC-1,6389,4,hg19
TATTGCTAGACAACTA-1,0,49,mm10
TATTGCTAGGTTAAAC-1,6727,8,hg19
TATTGCTAGTACCATC-1,4582,8,hg19
TATTGCTGTTGTACGT-1,3958,1,hg19
TATTGCTTCTTTCCGG-1,5553,11,hg19
TATTGGGAGCACGATG-1,2460,1,hg19
TATTGGGAGGTCACAG-1,6199,14,hg19
TATTGGGAGTCATTGC-1,1155,8,hg19
TATTGGGCACCAACAT-1,754,2,hg19
TATTGGGGTAGATGTA-1,3960,2,hg19
TATTGGGGTGTTACTG-1,5296,11,hg19
TATTGGGTCGAGAATA-1,1,85,mm10
TATTTCGAGAGGTCGT-1,4569,5,hg19
TATTTCGCACGTTCGG-1,1,50,mm10
TATTTCGCAGGTTACT-1,6333,11,hg19
TATTTCGCATAAGCAA-1,5855,12,hg19
TATTTCGGTTACAGCT-1,5762,26,hg19
TATTTCGTCTAACACG-1,5148,20,hg19
TCAAGACAGAAGGTAG-1,2556,3,hg19
TCAAGACAGAATCGCG-1,2840,4,hg19
TCAAGACAGAGATCGC-1,4855,7,hg19
TCAAGACCACCAGGTC-1,7281,5,hg19
TCAAGACGTTCGATTG-1,4211,13,hg19
TCAAGACGTTGAAGTA-1,2801,5,hg19
TCAAGACGTTGGGCCT-1,8803,4,hg19
TCAAGACTCTGGCCGA-1,1891,2,hg19
TCAAGCACACCTCTGT-1,3613,8,hg19
TCAAGCAGTAGCACAG-1,0,62,mm10
TCAAGCAGTCTACATG-1,3814,17,hg19
TCAAGCATCAACCCGG-1,4918,8,hg19
TCAAGCATCCATTTGT-1,9078,10,hg19
TCAAGCATCTACGGGC-1,2,51,mm10
TCAAGTGCAGGTCAAG-1,4503,3,hg19
TCAAGTGTCGGTTGTA-1,4994,8,hg19
TCAATCTAGGGCAAGG-1,0,46,mm10
TCAATCTTCTCCTGAC-1,1937,1,hg19
TCAATTCAGCTTCATG-1,1,46,mm10
TCAATTCCAACCACAT-1,4357,16,hg19
TCAATTCCAGCTGTTA-1,5113,10,hg19
TCAATTCGTGGTCCCA-1,4,77,mm10
TCACAAGCAAGGTCTT-1,2942,9,hg19
TCACACCAGACTTCAC-1,2635,17,hg19
TCACACCCAAACACCT-1,6484,6,hg19
TCACACCGTTAATCGC-1,3832,3,hg19
TCACACCGTTTCCAAG-1,5488,7,hg19
TCACACCTCCTGTTGC-1,2,50,mm10
TCACACCTCGTAACCA-1,6006,8,hg19
TCACACCTCGTGCGAC-1,1925,8,hg19
TCACATTAGGTCACAG-1,2,55,mm10
TCACATTAGTGCAACG-1,4801,13,hg19
TCACATTCAATCGAAA-1,1493,3,hg19
TCACATTCAGCATGCC-1,0,64,mm10
TCACATTCATGGGAAC-1,5166,17,hg19
TCACATTCATTCTCTA-1,1863,5,hg19
TCACATTTCCTAAACG-1,1,65,mm10
TCACATTTCCTCAGAA-1,6955,5,hg19
TCACGCTAGACGCCAA-1,4474,13,hg19
TCACGCTAGCGTGAAC-1,4475,12,hg19
TCACGCTAGTCGCCCA-1,4618,1,hg19
TCACGCTCACGACGAA-1,5059,10,hg19
TCACGCTGTCCCTAAA-1,0,52,mm10
TCACGCTGTTACGTAC-1,7164,7,hg19
TCACGCTTCTACACAG-1,1798,13,hg19
TCACGGGAGATCGCTT-1,2444,2,hg19
TCACGGGCAGGAAGTC-1,3505,4,hg19
TCACGGGGTCTGCGCA-1,8498,17,hg19
TCACTATAGATTAGTG-1,1623,4,hg19
TCACTATCATCCAATG-1,2876,7,hg19
TCACTATGTATACCTG-1,723,7,hg19
TCACTATGTCACAGTT-1,4277,15,hg19
TCACTATTCCTCTCTT-1,4415,15,hg19
TCACTATTCGAGGCAA-1,4498,0,hg19
TCACTATTCTCTCTTC-1,3098,3,hg19
TCACTCGCACTAGGCC-1,5222,5,hg19
TCACTCGGTACCATAC-1,5575,6,hg19
TCACTCGTCGACCTAA-1,3139,5,hg19
TCAGCAACAGCTGTTA-1,5119,8,hg19
TCAGCAACATACTGAC-1,2,50,mm10
TCAGCAAGTACGATCT-1,4806,7,hg19
TCAGCAATCAAGCCTA-1,0,62,mm10
TCAGCAATCGCTGACG-1,6464,2,hg19
TCAGCCTCACACCGCA-1,0,63,mm10
TCAGCCTTCGACACTA-1,10661,17,hg19
TCAGGGCCAATTGCCA-1,3516,6,hg19
TCAGGGCCACGGGCTT-1,1,46,mm10
TCAGGTACAGATACTC-1,5734,15,hg19
TCAGGTAGTAGACACG-1,5113,5,hg19
TCAGTCCAGAGGGTAA-1,4265,6,hg19
TCAGTCCCACGTATAC-1,1173,5,hg19
TCAGTCCCATTCAGGT-1,4278,2,hg19
TCAGTCCGTGCCCACA-1,4404,8,hg19
TCAGTCCGTTCAGGTT-1,3797,2,hg19
TCAGTCCTCGCACTCT-1,3781,6,hg19
TCAGTGACAAATGATG-1,3862,2,hg19
TCAGTGACAAGAGCTG-1,5148,1,hg19
TCAGTGACACACGTGC-1,11294,16,hg19
TCAGTGAGTCAACGCC-1,2687,10,hg19
TCAGTTTAGTATGCAA-1,210,736,mm10
TCAGTTTAGTGACACG-1,9382,10,hg19
TCAGTTTGTCCTTGTC-1,4111,3,hg19
TCAGTTTTCCACAGCG-1,1,65,mm10
TCAGTTTTCCGCAGTG-1,1,65,mm10
TCAGTTTTCGGCATCG-1,3985,4,hg19
TCAGTTTTCTGCGAGC-1,4196,10,hg19
TCATACTAGAGTGTTA-1,6211,21,hg19
TCATACTAGTGACCTT-1,3,65,mm10
TCATACTCACTATGTG-1,0,68,mm10
TCATACTGTAGGACTG-1,5315,2,hg19
TCATACTGTTAGGAGC-1,5444,6,hg19
TCATATCAGACCATTC-1,4655,13,hg19
TCATATCAGACTTAAG-1,3500,6,hg19
TCATATCCACCTGTCT-1,2632,3,hg19
TCATATCTCATTTACC-1,0,52,mm10
TCATATCTCGGCTTGG-1,4807,4,hg19
TCATCATAGCTTGTGT-1,1474,2,hg19
TCATCATAGTACTGTC-1,3,69,mm10
TCATCATGTAAGGTCG-1,5057,4,hg19
TCATCATGTATTCCTT-1,4883,4,hg19
TCATCATGTGTAGCAG-1,7362,3,hg19
TCATCATTCGGACGTC-1,0,62,mm10
TCATCATTCGTACACA-1,5851,9,hg19
TCATCATTCGTGCGAC-1,3158,2,hg19
TCATCCGAGGTACCTT-1,6761,7,hg19
TCATCCGCAATGAACA-1,5024,67,Multiplet
TCATCCGGTCTGTAAC-1,1,50,mm10
TCATCCGTCCATTTGT-1,5488,2,hg19
TCATGAGAGGAACGTC-1,1820,1,hg19
TCATGAGAGTGTACCT-1,2915,1,hg19
TCATGAGCAGGCTCTG-1,1677,1,hg19
TCATGAGTCATCCCGT-1,2,60,mm10
TCATGCCGTAACTAAG-1,4360,21,hg19
TCATGCCTCAGTCCGG-1,6185,12,hg19
TCATGGACACACCTGG-1,6588,10,hg19
TCATGGACACTGAATC-1,2939,10,hg19
TCATGGATCGAGAATA-1,0,53,mm10
TCATGGATCGCAATTG-1,0,68,mm10
TCATGTTCAGGCATGA-1,1,62,mm10
TCATTACAGAGAACCC-1,4925,4,hg19
TCATTACGTGGCTGCT-1,1,82,mm10
TCATTCAAGAATCCCT-1,7057,10,hg19
TCATTCACAAAGGGCT-1,1394,10,hg19
TCATTCACACATAACC-1,7858,12,hg19
TCATTCACAGCTCATA-1,0,60,mm10
TCATTGTCAACGGCTC-1,2319,1,hg19
TCATTGTCAATGCTCA-1,1,56,mm10
TCATTGTCATCGAGCC-1,3846,12,hg19
TCATTGTTCTGCTGAA-1,4709,12,hg19
TCATTTGGTCTGTGCG-1,4144,4,hg19
TCCACCAAGACATAGT-1,2740,5,hg19
TCCACCAAGCCGTTGC-1,4757,11,hg19
TCCACCAAGGTTTACC-1,4744,5,hg19
TCCACCACACAAGTTC-1,0,51,mm10
TCCACCACACTTTATC-1,5937,12,hg19
TCCACCACATCGGATT-1,1109,6,hg19
TCCACCAGTCCCTGAG-1,5119,1,hg19
TCCACCATCTGCGTCT-1,4286,8,hg19
TCCACGTCAAATCAAG-1,10095,9,hg19
TCCACGTCATCCTCAC-1,12998,5,hg19
TCCACGTGTCGAAGCA-1,1199,8,hg19
TCCACGTGTCGCTTAA-1,6080,14,hg19
TCCACGTTCTAGTGTG-1,5257,12,hg19
TCCAGAAAGAGAGTGA-1,3411,0,hg19
TCCAGAAAGAGTCTGG-1,4624,2,hg19
TCCAGAACAAAGCTCT-1,5322,9,hg19
TCCAGAACAAGAGATT-1,5998,6,hg19
TCCAGAAGTGGGAGAG-1,1,56,mm10
TCCAGAATCTAGTTCT-1,0,48,mm10
TCCATCGAGGAGAGGC-1,5664,8,hg19
TCCATCGCAAGGTTGG-1,3348,4,hg19
TCCATGCAGCATTTGC-1,2360,3,hg19
TCCATGCCAAATCGGG-1,6292,4,hg19
TCCATGCGTGCCCGTA-1,1823,10,hg19
TCCATGCGTTCCGTTC-1,63,8673,mm10
TCCCACAAGACCACGA-1,4953,1,hg19
TCCCACAAGACGCCCT-1,608,6,hg19
TCCCACAAGCACTAAA-1,6358,1,hg19
TCCCACAAGCCTAGGA-1,4412,21,hg19
TCCCACACAACAGATA-1,3485,4,hg19
TCCCACACATAGCACT-1,2276,6,hg19
TCCCACAGTCGTTGCG-1,2858,0,hg19
TCCCACATCGGTAGAG-1,4902,12,hg19
TCCCACATCGGTTGTA-1,5345,5,hg19
TCCCACATCTAAGCGT-1,3627,4,hg19
TCCCAGTCAAGTGCTT-1,4371,6,hg19
TCCCAGTCACTCCGAG-1,39,73,mm10
TCCCATGAGTCTGGAG-1,4565,11,hg19
TCCCATGCAATCGAAA-1,1,97,mm10
TCCCATGTCCGTATAG-1,5213,16,hg19
TCCGAAAAGACTCCGC-1,2809,5,hg19
TCCGAAAAGCTGTTCA-1,4329,7,hg19
TCCGAAACAAAGTGTA-1,5403,4,hg19
TCCGAAACACACGTGC-1,0,56,mm10
TCCGAAACAGAGGCTA-1,1,120,mm10
TCCGAAACAGCAGTGA-1,1,73,mm10
TCCGAAATCCAGCACG-1,5906,12,hg19
TCCGAAATCTGTCGTC-1,0,57,mm10
TCCGATCAGACTACCT-1,0,71,mm10
TCCGATCAGTGGACTG-1,6267,17,hg19
TCCGATCCAATCGCAT-1,0,54,mm10
TCCGATCCACCTTCGT-1,9689,7,hg19
TCCGATCGTTGCTCCT-1,4516,8,hg19
TCCGGGAAGTTACGAA-1,3779,8,hg19
TCCGGGACAATAGAGT-1,2497,2,hg19
TCCGGGACACTCCTGT-1,1644,0,hg19
TCCGGGACAGAACGCA-1,2193,7,hg19
TCCGGGAGTAACCCTA-1,1711,3,hg19
TCCGTGTGTAAGGCTG-1,5654,6,hg19
TCCGTGTGTCTGTAAC-1,3497,10,hg19
TCCGTGTGTGTGGACA-1,4532,7,hg19
TCCTAATGTCTGTAAC-1,1051,6,hg19
TCCTAATTCCCGTTGT-1,2177,9,hg19
TCCTCCCAGCGATCGA-1,8698,15,hg19
TCCTCCCCAACTGGTT-1,1,79,mm10
TCCTCCCCAGCAGGAT-1,6721,4,hg19
TCCTCCCCAGTGGCTC-1,3665,9,hg19
TCCTCCCGTTGCTTGA-1,6993,13,hg19
TCCTCCCTCAATCAGC-1,0,63,mm10
TCCTCCCTCATCGGGC-1,2851,4,hg19
TCCTCGAAGAAATTGC-1,4103,21,hg19
TCCTCGAAGCGACTGA-1,3699,7,hg19
TCCTCGACACCTTCCA-1,939,6,hg19
TCCTCGAGTGACGCCT-1,1,51,mm10
TCCTCGATCAGTCATG-1,12056,12,hg19
TCCTCTTAGCTAAATG-1,3995,8,hg19
TCCTCTTGTACCCGAC-1,0,119,mm10
TCCTCTTGTTAAACCC-1,4299,1,hg19
TCCTCTTTCCGTACGG-1,3590,8,hg19
TCCTGCACAAGAGCTG-1,4845,3,hg19
TCCTGCATCGTGCGAC-1,4659,4,hg19
TCCTGCATCTTCGGTC-1,4443,13,hg19
TCCTTCTAGTACTGTC-1,6342,0,hg19
TCCTTCTCACGTAACT-1,3758,6,hg19
TCCTTCTCAGTTAAAG-1,0,54,mm10
TCCTTCTGTTCGTAAC-1,5422,6,hg19
TCCTTCTTCTTTGCTA-1,6037,13,hg19
TCCTTTCAGACAGCGT-1,2814,4,hg19
TCCTTTCCACATGTTG-1,6779,5,hg19
TCCTTTCCAGGCATGA-1,5844,3,hg19
TCCTTTCGTGCGTTTA-1,5441,7,hg19
TCCTTTCGTTAAGGGC-1,8174,8,hg19
TCCTTTCTCGGTTAGT-1,0,57,mm10
TCCTTTCTCGTAGGAG-1,666,0,hg19
TCGAACAAGTAGATCA-1,0,63,mm10
TCGAACAAGTCTCCTC-1,0,46,mm10
TCGAACACATGACGGA-1,1985,8,hg19
TCGAACAGTCTACGAT-1,2518,16,hg19
TCGAACAGTGCATGTT-1,5574,6,hg19
TCGAAGTAGACTTCAC-1,3018,15,hg19
TCGAAGTAGGTCGTCC-1,2946,4,hg19
TCGAAGTCAAGGCGTA-1,0,51,mm10
TCGAAGTGTTGCCGCA-1,5053,10,hg19
TCGAAGTTCATGCATG-1,7323,8,hg19
TCGAAGTTCTTCTGGC-1,2079,2,hg19
TCGACCTAGTCCCGAC-1,8645,7,hg19
TCGACCTCAGCTCGGT-1,4469,7,hg19
TCGACCTGTCGTTGGC-1,3961,3,hg19
TCGACCTGTGTGCCTG-1,5495,6,hg19
TCGACCTTCTGTAAGC-1,8692,5,hg19
TCGACGGCAGGTGTTT-1,1358,2,hg19
TCGACGGCAGTAGGAC-1,5321,3,hg19
TCGACGGCATAACAGA-1,4252,8,hg19
TCGACGGGTTAAGACA-1,1859,4,hg19
TCGACGGTCAGACAAA-1,5865,4,hg19
TCGATTTAGGTAGACC-1,4142,6,hg19
TCGATTTGTGCTCTTC-1,4076,3,hg19
TCGATTTGTTTCGACA-1,5811,5,hg19
TCGATTTTCATGCCCT-1,6403,8,hg19
TCGCACTAGCCTGAGA-1,1,65,mm10
TCGCACTGTAGTTCCA-1,3454,4,hg19
TCGCACTGTGAATGTA-1,1847,2,hg19
TCGCACTGTTTCAGAC-1,12157,43,hg19
TCGCACTTCGATACTG-1,5506,7,hg19
TCGCAGGAGAGTGGCT-1,6247,9,hg19
TCGCAGGCAACACTAC-1,3666,6,hg19
TCGCAGGGTACCGTGC-1,3961,5,hg19
TCGCAGGTCTGTGCGG-1,3520,2,hg19
TCGCTCAAGCGGTAGT-1,1161,5,hg19
TCGCTCATCGCTACGG-1,5338,6,hg19
TCGCTTGAGACCAGCA-1,6741,5,hg19
TCGCTTGAGCACCCAC-1,4766,6,hg19
TCGCTTGGTCCAGTTA-1,3383,2,hg19
TCGCTTGGTGTACATC-1,2694,3,hg19
TCGCTTGTCCGCAACG-1,1245,2,hg19
TCGGATAAGGTACAAT-1,1247,5,hg19
TCGGATACACGGCACT-1,0,48,mm10
TCGGATACAGGACTTT-1,1209,3,hg19
TCGGATACAGTAGATA-1,4574,7,hg19
TCGGATAGTGGCTTGC-1,28,85,mm10
TCGGATAGTTTCACTT-1,1328,5,hg19
TCGGATATCAGCGCAC-1,3784,3,hg19
TCGGATATCAGTCTTT-1,2925,7,hg19
TCGGATATCGACACCG-1,5446,23,hg19
TCGGGACAGCGCTGCT-1,1940,4,hg19
TCGGGACAGGTAATCA-1,6574,9,hg19
TCGGGACCAAGCTACT-1,5346,8,hg19
TCGGGACTCGGAATGG-1,3304,5,hg19
TCGGGCAGTCTTACAG-1,0,58,mm10
TCGGGCATCCCTTTGG-1,1,52,mm10
TCGGGTGAGTTTCGAC-1,6954,11,hg19
TCGGGTGGTGTCGCTG-1,3700,1,hg19
TCGGGTGTCTAGTGTG-1,513,1,hg19
TCGGTCTGTCACTTCC-1,6006,5,hg19
TCGGTCTGTGGTTCTA-1,4325,12,hg19
TCGGTCTGTTGAGGAC-1,4708,3,hg19
TCGTAGACATGGCACC-1,5832,44,hg19
TCGTAGAGTGCTGCAC-1,3967,4,hg19
TCGTAGATCACTGGGC-1,991,1,hg19
TCGTAGATCATGCCGG-1,2931,8,hg19
TCGTCCAAGACAGCTG-1,9529,12,hg19
TCGTCCAAGCCTTTGA-1,4600,18,hg19
TCGTCCACAACTGATC-1,5566,18,hg19
TCGTCCACATCAGCTA-1,3777,6,hg19
TCGTCCAGTAAGAACT-1,23,73,mm10
TCGTCCAGTTGCCAAT-1,4231,3,hg19
TCGTCCATCCGCTAGG-1,4235,3,hg19
TCGTCCATCTTACCAT-1,2692,2,hg19
TCGTGCTCAATCTCTT-1,6683,10,hg19
TCGTGCTTCAATCCGA-1,3988,1,hg19
TCGTGCTTCGACGTCG-1,3811,2,hg19
TCGTGCTTCTTTGGAG-1,6208,9,hg19
TCGTGGGAGTGAGTGC-1,5915,10,hg19
TCGTGGGAGTTGCGCC-1,5999,0,hg19
TCGTGGGGTAAGCGGT-1,3792,0,hg19
TCTAACTAGCCTCGTG-1,16679,21,hg19
TCTAACTAGTGTTCAC-1,7355,4,hg19
TCTAACTGTCCTCATC-1,4896,5,hg19
TCTAACTGTGAGCTCC-1,8302,7,hg19
TCTAACTGTGGTCTGC-1,5890,8,hg19
TCTAACTTCTCTATGT-1,5927,4,hg19
TCTACATCAACTGAAA-1,5262,9,hg19
TCTACATTCACGAGGA-1,6375,22,hg19
TCTACATTCCGTTGGG-1,1128,3,hg19
TCTACATTCTCGGGAC-1,55,46,hg19
TCTACCGAGAGTGTTA-1,680,3,hg19
TCTACCGAGCCTCCAG-1,8358,6,hg19
TCTACCGCATTGAGGG-1,5402,13,hg19
TCTACCGGTAGATCGG-1,4224,7,hg19
TCTACCGTCGAGTTGT-1,8,147,mm10
TCTACCGTCGATTTCT-1,334,4858,mm10
TCTATACAGCTGTGCC-1,11665,25,hg19
TCTATACAGGGCAGTT-1,5435,11,hg19
TCTATACCAAATGAAC-1,3950,14,hg19
TCTATACCAATGGGTG-1,2180,10,hg19
TCTATACCATGTGCTA-1,13760,27,hg19
TCTATACGTACTCGCG-1,1623,22,hg19
TCTATACTCTATTTCG-1,0,46,mm10
TCTATCACAAAGGCTG-1,3784,7,hg19
TCTATCACACCAGACC-1,5932,13,hg19
TCTATCACACCTCTAC-1,3,64,mm10
TCTATCATCAGGGATG-1,0,49,mm10
TCTCACGAGCATTTCG-1,3125,2,hg19
TCTCACGAGGACAGTC-1,3327,6,hg19
TCTCACGAGGGCCCTT-1,3871,5,hg19
TCTCACGAGTATGACA-1,4496,11,hg19
TCTCACGGTGATCGTT-1,0,49,mm10
TCTCACGGTTGTAGCT-1,2367,7,hg19
TCTCACGTCTGGGCGT-1,36,143,mm10
TCTCAGCCACCGAATT-1,4314,4,hg19
TCTCAGCCAGGACTTT-1,2195,5,hg19
TCTCAGCGTGAACTAA-1,3240,2,hg19
TCTCAGCGTGCCCACA-1,3972,7,hg19
TCTCAGCGTTACCCAA-1,0,51,mm10
TCTCAGCGTTGAATCC-1,4993,7,hg19
TCTCAGCGTTGTAGCT-1,0,47,mm10
TCTCAGCTCTGGACCG-1,4621,7,hg19
TCTCCGAAGAGTTGCG-1,3777,6,hg19
TCTCCGAAGCATGCGA-1,6784,1,hg19
TCTCCGAAGCCTTCTC-1,4038,7,hg19
TCTCCGAAGGTTCTTG-1,1877,5,hg19
TCTCCGACACATGAAA-1,4297,4,hg19
TCTCCGACATTGCAAC-1,3781,8,hg19
TCTCCGAGTGTTCGTA-1,7884,12,hg19
TCTCCGATCCGTATGA-1,0,58,mm10
TCTCTGGAGCCGGAAT-1,2269,12,hg19
TCTCTGGCAGATCACT-1,3181,51,Multiplet
TCTCTGGTCCGTGGGT-1,4257,3,hg19
TCTGCCACAAAGGTTA-1,1209,2,hg19
TCTGCCACAAGATGTA-1,6132,6,hg19
TCTGCCACAGGCCCTA-1,5846,31,hg19
TCTGCCAGTAGAGCTG-1,1,47,mm10
TCTGCCAGTCAAGGCA-1,5723,18,hg19
TCTGCCAGTTTGGAAA-1,2491,4,hg19
TCTGCCATCCTCTAGC-1,4452,8,hg19
TCTGCCATCGAAATCC-1,3600,3,hg19
TCTGCCATCTCAGAAC-1,2564,11,hg19
TCTGCCATCTTGTTAC-1,5233,3,hg19
TCTGGCTAGGAGAATG-1,3535,1,hg19
TCTGGCTTCAGCATTG-1,4261,2,hg19
TCTGTCGAGCTAGTTC-1,6861,10,hg19
TCTGTCGCAAGGGTCA-1,5668,5,hg19
TCTGTCGGTCGTTATG-1,3946,5,hg19
TCTGTCGTCAGTGTGT-1,786,1,hg19
TCTTAGTGTGCGTTTA-1,4074,11,hg19
TCTTAGTGTTCAGGTT-1,6489,4,hg19
TCTTAGTTCATGTCTT-1,4270,3,hg19
TCTTCCTAGGCTATCT-1,4584,3,hg19
TCTTCCTAGTACTCGT-1,4634,12,hg19
TCTTCCTCATACATCG-1,1,49,mm10
TCTTCCTGTACGAGCA-1,6027,3,hg19
TCTTCCTGTCTGCATA-1,14591,24,hg19
TCTTCCTTCAATCAGC-1,7361,12,hg19
TCTTGCGAGGAGAGGC-1,5160,4,hg19
TCTTGCGAGGTGCGAT-1,4392,13,hg19
TCTTGCGTCCTGGCTT-1,3501,4,hg19
TCTTTGAAGTCAGGGT-1,3947,1,hg19
TCTTTGACACCAGCGT-1,3858,5,hg19
TCTTTGACACTAACGT-1,5373,10,hg19
TCTTTGACACTGCGTG-1,2328,1,hg19
TGAACGTAGTGAGCCA-1,1341,5,hg19
TGAACGTCAGCCATTA-1,1,79,mm10
TGAACGTGTATCGAGG-1,1699,13,hg19
TGAACGTTCCACTGGG-1,3021,5,hg19
TGAACGTTCCAGCAAT-1,1536,5,hg19
TGAATCGAGCTTCGTA-1,3108,4,hg19
TGAATCGGTTTCCCAC-1,3898,5,hg19
TGAATCGTCCGATCGG-1,4113,6,hg19
TGAATCGTCTGGGCAC-1,5568,9,hg19
TGAATGCAGATGGGCT-1,5336,3,hg19
TGAATGCGTAGTGGCA-1,4201,8,hg19
TGAATGCGTCAATCTG-1,3867,6,hg19
TGAATGCTCTACGGGC-1,4196,2,hg19
TGACAGTAGCACCGAA-1,2087,4,hg19
TGACAGTAGTATGCAA-1,4501,2,hg19
TGACAGTCACGTTCGG-1,5962,5,hg19
TGACCCTAGAATCTAG-1,0,60,mm10
TGACCCTAGGTAAGAG-1,0,47,mm10
TGACCCTAGGTAGACC-1,3918,3,hg19
TGACCCTCACTTCTCG-1,3700,5,hg19
TGACCCTGTCGTTCAA-1,5774,5,hg19
TGACCCTGTGAGCCAA-1,2850,6,hg19
TGACCCTTCGCAGTCG-1,713,2,hg19
TGACGCGAGCAACCAG-1,2593,9,hg19
TGACGCGAGCCTTTGA-1,716,2,hg19
TGACGCGAGGGTATAT-1,7263,10,hg19
TGACGCGTCCACTTCG-1,3307,5,hg19
TGACGCGTCGATTCCC-1,4406,9,hg19
TGACGCGTCGATTGGT-1,3240,3,hg19
TGACTCCAGCCGAACA-1,3,68,mm10
TGACTCCCACAATGCT-1,7021,9,hg19
TGACTCCCACTTGGCG-1,5022,7,hg19
TGACTCCGTGGCAGAT-1,940,4,hg19
TGACTCCTCGGTCTGG-1,3,113,mm10
TGAGACTAGAGGGTCT-1,4745,3,hg19
TGAGACTAGGCCTTGC-1,7718,13,hg19
TGAGACTCAAACCACT-1,7666,17,hg19
TGAGACTGTTTCGACA-1,2283,3,hg19
TGAGACTTCTCATTAC-1,6464,6,hg19
TGAGCATAGAGGCTGT-1,3737,9,hg19
TGAGCATCAATCAAGA-1,0,55,mm10
TGAGCATCATCAGTGT-1,4093,0,hg19
TGAGCATGTCTGTCCT-1,1837,3,hg19
TGAGCATTCTCTGAGA-1,79,7687,mm10
TGAGCGCAGTTCTACG-1,2595,8,hg19
TGAGCGCCAAAGGATT-1,4908,3,hg19
TGAGCGCCAACAAAGT-1,4274,4,hg19
TGAGCGCGTGCAACAG-1,5700,5,hg19
TGAGCGCTCACACCGG-1,12795,7,hg19
TGAGCGCTCTTAGCAG-1,4224,8,hg19
TGAGGAGAGGAAACGA-1,10209,12,hg19
TGAGGAGCAGGACGAT-1,0,68,mm10
TGAGGAGTCTTACGTT-1,2844,10,hg19
TGAGGGACAAAGGCTG-1,9427,6,hg19
TGAGGGACATCCGTGG-1,3700,7,hg19
TGAGGGATCCGTGGTG-1,3335,4,hg19
TGAGGGATCGGCTATA-1,6558,21,hg19
TGAGGGATCGTGCATA-1,8310,5,hg19
TGAGGTTAGTCGGCAA-1,7418,4,hg19
TGAGGTTCAACCGTGC-1,3776,5,hg19
TGAGTCAGTTAACAGA-1,2593,7,hg19
TGAGTCATCGTGAGAG-1,2,70,mm10
TGATCAGAGGATGAGA-1,3362,4,hg19
TGATCAGAGTTACGAA-1,2531,2,hg19
TGATCAGGTGACCGTC-1,27,155,mm10
TGATCAGGTGCGTGCT-1,4354,7,hg19
TGATCTTAGAGCACTG-1,1427,1,hg19
TGATCTTAGTAATCCC-1,2616,9,hg19
TGATCTTGTAACAGTA-1,2581,62,Multiplet
TGATGCAAGACCACGA-1,1,53,mm10
TGATGCAAGCCGAACA-1,0,49,mm10
TGATGCAAGCTCCATA-1,1440,6,hg19
TGATGCAAGTCCCGGT-1,6032,10,hg19
TGATGCAAGTTGAAAC-1,4334,3,hg19
TGATGCAGTCGCCTAG-1,3081,5,hg19
TGATGCAGTGTGTACT-1,1,66,mm10
TGATGCAGTTGCGTAT-1,5467,4,hg19
TGATGCATCAACTTTC-1,2994,5,hg19
TGATGCATCCTGGGTG-1,6477,21,hg19
TGATGCATCGTGACTA-1,3570,6,hg19
TGATGGTAGTAGTGCG-1,1476,1,hg19
TGATGGTTCCAAGCCG-1,4059,7,hg19
TGATGGTTCCCGAGAC-1,7467,7,hg19
TGATGGTTCGATACTG-1,6909,8,hg19
TGATTCTCAAACCATC-1,1956,1,hg19
TGATTCTGTAATTAGG-1,1724,5,hg19
TGATTCTGTACTTCCC-1,2123,8,hg19
TGATTCTGTCTTAGTG-1,0,51,mm10
TGATTTCAGGGCAATC-1,7332,7,hg19
TGATTTCTCTCACTCG-1,6948,14,hg19
TGCACGGGTATCTCTT-1,5041,6,hg19
TGCACGGGTCAACCTA-1,5673,14,hg19
TGCACGGTCCTCATAT-1,5152,2,hg19
TGCACGGTCTAGTTCT-1,0,75,mm10
TGCAGATCATCACAGT-1,0,54,mm10
TGCAGATGTGGGTTGA-1,3688,2,hg19
TGCAGATTCCCAACTC-1,0,51,mm10
TGCAGGCAGAGATCGC-1,2736,2,hg19
TGCAGGCAGCATAGGC-1,7649,8,hg19
TGCAGGCAGCTAAATG-1,4728,2,hg19
TGCAGGCAGGGCATGT-1,3389,10,hg19
TGCAGGCCAGACCCGT-1,5218,9,hg19
TGCAGGCCAGTAACCT-1,4349,23,hg19
TGCAGGCCAGTCACGC-1,3354,6,hg19
TGCAGGCGTTAGGGAC-1,1535,2,hg19
TGCAGGCTCCGTATGA-1,1415,7,hg19
TGCAGGCTCGATTGAC-1,3961,12,hg19
TGCAGGCTCGCAACAT-1,5531,10,hg19
TGCAGTAAGAATCGTA-1,6260,6,hg19
TGCAGTAAGATTGCGG-1,7622,9,hg19
TGCAGTAAGCAACAGC-1,5326,10,hg19
TGCAGTAAGGCACCAA-1,2,57,mm10
TGCAGTAAGTGAACAT-1,13475,15,hg19
TGCAGTAAGTGCACTT-1,0,53,mm10
TGCAGTACAAGATGGC-1,1606,12,hg19
TGCAGTAGTCGCTTAA-1,17808,15,hg19
TGCAGTAGTGGGACAT-1,1,46,mm10
TGCAGTATCAAGAGTA-1,6994,13,hg19
TGCAGTATCCGCTTAC-1,4841,10,hg19
TGCATCCAGTAGACCG-1,1376,2,hg19
TGCATCCCAACGGTAG-1,4929,4,hg19
TGCATCCCAGGGTCTC-1,9593,5,hg19
TGCATCCCATAAGCGG-1,4427,4,hg19
TGCATCCGTAGGCAAC-1,2708,5,hg19
TGCATCCTCGCTCCTA-1,3801,6,hg19
TGCATGAAGCTACGTT-1,5929,10,hg19
TGCATGACATGGATCT-1,0,47,mm10
TGCCGAGCAATTGCTG-1,4097,8,hg19
TGCCGAGTCGTTCAGA-1,4745,3,hg19
TGCCGAGTCTTCTAAC-1,5017,3,hg19
TGCGACGCAAGTGACG-1,4129,3,hg19
TGCGATAAGACCAAGC-1,3036,1,hg19
TGCGATAAGATGCAGC-1,5933,2,hg19
TGCGATAAGCTACAAA-1,4884,7,hg19
TGCGGCAAGCGCGTTC-1,2846,1,hg19
TGCGGCAAGTGCACCC-1,3439,12,hg19
TGCGGCAGTATCTTCT-1,1233,2,hg19
TGCGGCAGTCACTCTC-1,1833,4,hg19
TGCGGCAGTTCTCGTC-1,4423,5,hg19
TGCGGCATCGGTAACT-1,3122,5,hg19
TGCGGGTGTAAGTTGA-1,4590,5,hg19
TGCGGGTGTACGAAAT-1,4716,2,hg19
TGCGGGTGTATCTCGA-1,2673,3,hg19
TGCTCCAAGCATGATA-1,4434,5,hg19
TGCTCCAAGCTACTGT-1,2637,4,hg19
TGCTCCAAGGCTGAAC-1,2885,1,hg19
TGCTCCACACAAGCTT-1,6386,14,hg19
TGCTCCAGTCAACCAT-1,7066,2,hg19
TGCTCCATCTCAAAGC-1,9938,5,hg19
TGCTCCATCTCGGTCT-1,4,51,mm10
TGCTCGTAGGTATTGA-1,4358,14,hg19
TGCTCGTCAGTCTCTC-1,0,46,mm10
TGCTGAAAGGCTAGCA-1,4155,4,hg19
TGCTGAACAAAGAGTT-1,4467,8,hg19
TGCTGAAGTAACACCT-1,3439,4,hg19
TGCTGAAGTAATCAAG-1,3498,1,hg19
TGCTGAAGTGAGGAAA-1,2,97,mm10
TGCTTCGAGCCAGTAG-1,1809,7,hg19
TGCTTCGCAACAGCCC-1,1,50,mm10
TGCTTCGCATTACGGT-1,4574,6,hg19
TGCTTCGGTCAGTCGC-1,7703,8,hg19
TGCTTCGTCGCTTGAA-1,0,56,mm10
TGCTTGCAGAGGTATT-1,4412,8,hg19
TGCTTGCAGGCACTCC-1,3,84,mm10
TGCTTGCAGGCAGTCA-1,2804,7,hg19
TGCTTGCAGGTTCATC-1,9721,18,hg19
TGCTTGCAGTAAGACT-1,3423,10,hg19
TGCTTGCAGTCACGAG-1,0,47,mm10
TGCTTGCGTATCGTTG-1,6565,4,hg19
TGCTTGCGTCAAATCC-1,4015,4,hg19
TGGAACTAGGGATCTG-1,1,56,mm10
TGGAACTCACCAGCTG-1,1,58,mm10
TGGAACTCACTTCAAG-1,5340,7,hg19
TGGAACTTCACGAGGA-1,3953,7,hg19
TGGAACTTCTAGGCAT-1,4424,9,hg19
TGGAGAGCACGTATAC-1,3413,6,hg19
TGGAGGAAGCAAGTCG-1,7599,10,hg19
TGGAGGAAGCATCCCG-1,3732,9,hg19
TGGAGGAAGGTTTACC-1,3684,12,hg19
TGGAGGACACGTACTA-1,7046,7,hg19
TGGAGGACACTAGGCC-1,1649,29,hg19
TGGAGGACATGACAGG-1,1,54,mm10
TGGAGGAGTTCCTAGA-1,16255,18,hg19
TGGATCAAGAAACTGT-1,7596,17,hg19
TGGATCAGTTAGCGGA-1,7693,8,hg19
TGGATCATCCTTCACG-1,5191,10,hg19
TGGATGTCACGGATCC-1,0,47,mm10
TGGATGTCATCGATAC-1,2412,24,hg19
TGGATGTGTCAAGTTC-1,5769,11,hg19
TGGATGTTCACTACTT-1,5035,14,hg19
TGGATGTTCCACAGCG-1,5816,3,hg19
TGGCGTGGTTCCACGG-1,1,47,mm10
TGGCGTGGTTTGGAAA-1,2,63,mm10
TGGCGTGTCGCGATCG-1,11693,16,hg19
TGGGAAGGTACGCGTC-1,1838,3,hg19
TGGGAAGTCAACCGAT-1,4850,13,hg19
TGGGAAGTCATGGGAG-1,3163,8,hg19
TGGGAAGTCCTCACTG-1,4478,5,hg19
TGGGAGACAAAGGGTC-1,954,3,hg19
TGGGAGACACCGTCGA-1,8949,8,hg19
TGGGAGACAGTGGCTC-1,3900,3,hg19
TGGGAGAGTTTACTTC-1,4820,9,hg19
TGGGAGATCAACTGAC-1,4798,5,hg19
TGGGAGATCCTCTCTT-1,1,72,mm10
TGGGATTCACACGGTC-1,1181,4,hg19
TGGGATTGTAGCGTCC-1,2253,10,hg19
TGGGATTGTAGGACTG-1,5673,5,hg19
TGGGATTTCGAGAGAC-1,1,53,mm10
TGGGCGTCAATTGCCA-1,1277,5,hg19
TGGGCGTTCCATTCGC-1,2166,0,hg19
TGGGCGTTCCCAGGCA-1,6236,5,hg19
TGGGCTGAGGACATCG-1,4172,4,hg19
TGGGCTGAGGCGAACT-1,4034,10,hg19
TGGGCTGAGTCGCGAA-1,4007,5,hg19
TGGGCTGCAAGCGAAC-1,7139,14,hg19
TGGGCTGGTACGAGCA-1,4211,4,hg19
TGGGCTGGTTGTTGAC-1,3481,5,hg19
TGGGCTGTCAAGCTTG-1,5225,5,hg19
TGGGCTGTCCACAGGC-1,6125,9,hg19
TGGGTTAAGAGCCCAA-1,2810,9,hg19
TGGGTTACAAAGCGTG-1,3976,0,hg19
TGGGTTACATGAAGCG-1,3864,4,hg19
TGGGTTATCGCCAGAC-1,5018,4,hg19
TGGTACAAGGAAGTAG-1,4336,26,hg19
TGGTACACAAACTAGA-1,4293,7,hg19
TGGTACACACTCTAGA-1,6087,5,hg19
TGGTACACAGTGTATC-1,3065,5,hg19
TGGTACAGTGGTCTAT-1,2965,2,hg19
TGGTACATCAACCTTT-1,9186,19,hg19
TGGTAGTCAGGCATGA-1,5210,4,hg19
TGGTAGTGTCATAGTC-1,5604,14,hg19
TGGTGATAGCCGCACT-1,4732,4,hg19
TGGTGATAGTGCTCGC-1,6591,4,hg19
TGGTGATCACGTAGTT-1,4488,3,hg19
TGGTGATTCAATCCAG-1,2787,5,hg19
TGGTGATTCCGAGCTG-1,2316,4,hg19
TGGTGATTCGCTGATA-1,3154,2,hg19
TGGTTAGTCAGCGCAC-1,0,106,mm10
TGGTTAGTCCACATAG-1,7012,6,hg19
TGTAACGAGCAACTCT-1,4900,5,hg19
TGTAACGAGGCGATAC-1,6455,4,hg19
TGTAACGAGTCACACT-1,2984,0,hg19
TGTAACGGTTGCTAGT-1,657,1,hg19
TGTAAGCAGTGAACAT-1,6733,7,hg19
TGTAAGCTCCGTCCTA-1,2046,4,hg19
TGTAAGCTCCGTGGCA-1,1,53,mm10
TGTAAGCTCGTTCATT-1,924,0,hg19
TGTAAGCTCTCACGAA-1,6743,9,hg19
TGTACAGAGCTACGTT-1,6158,5,hg19
TGTACAGGTCGTGATT-1,0,50,mm10
TGTACAGGTTATTCTC-1,6730,6,hg19
TGTACAGTCCCTCTCC-1,2,68,mm10
TGTACAGTCGAGAAAT-1,3182,2,hg19
TGTACAGTCGATACGT-1,5823,8,hg19
TGTACAGTCGTCCTTG-1,4744,5,hg19
TGTACAGTCTCGAGTA-1,3112,5,hg19
TGTAGACGTCACATTG-1,4103,44,hg19
TGTAGACGTCATCAGT-1,2628,3,hg19
TGTAGACGTGGTATGG-1,12240,44,hg19
TGTAGACGTTACCCAA-1,3277,6,hg19
TGTAGACTCGTTCTGC-1,3577,8,hg19
TGTAGACTCTGAGGTT-1,5946,5,hg19
TGTCAGACAAGAGTTA-1,2275,1,hg19
TGTCAGACAATCAAGA-1,4536,20,hg19
TGTCAGACAGACCTGC-1,4694,3,hg19
TGTCAGACAGGTTTAC-1,2288,5,hg19
TGTCAGAGTGTAAACA-1,0,59,mm10
TGTCAGAGTTCACGAT-1,4043,7,hg19
TGTCCACAGCAGGCAT-1,4891,10,hg19
TGTCCACAGTCTCGTA-1,4653,6,hg19
TGTCCACTCGAGTCCG-1,5697,8,hg19
TGTCCACTCGCGTAGC-1,6319,4,hg19
TGTCCCAAGAATTCAG-1,3202,4,hg19
TGTCCCAAGCATTGAA-1,9505,2,hg19
TGTCCCACAAGATTGA-1,5997,6,hg19
TGTCCCACATAGGTAA-1,1258,9,hg19
TGTCCCAGTTAAACAG-1,0,51,mm10
TGTCCCATCTCGTTTA-1,1552,3,hg19
TGTCCTGAGCCACCGT-1,2795,6,hg19
TGTCCTGAGTGGTGAC-1,2074,5,hg19
TGTCCTGCAAAGCTAA-1,5350,4,hg19
TGTCCTGCAGCCGTTG-1,8323,14,hg19
TGTCCTGCATGTGCCG-1,3516,4,hg19
TGTCCTGGTTCGAGCC-1,3283,4,hg19
TGTGAGTCACTACCGG-1,5725,1,hg19
TGTGAGTGTTACCCAA-1,3123,31,hg19
TGTGATGAGACTCGAG-1,5851,8,hg19
TGTGATGAGTAACAGT-1,9591,17,hg19
TGTGATGCAAAGGGTC-1,6164,6,hg19
TGTGATGGTGTGACCC-1,6622,2,hg19
TGTGATGGTGTTTCTT-1,5285,5,hg19
TGTGATGGTTGAGTCT-1,1050,0,hg19
TGTGCGGCAAGTCCCG-1,3714,10,hg19
TGTGCGGCAGTGCCTG-1,3665,2,hg19
TGTGCGGGTGGTTTGT-1,7805,12,hg19
TGTGGCGAGCAAGTGC-1,3818,5,hg19
TGTGGCGAGGGATCAC-1,11995,4,hg19
TGTGGCGCACCAGCGT-1,4124,9,hg19
TGTGGCGCATCCGAAT-1,1467,1,hg19
TGTGGCGGTGGCGCTT-1,2,52,mm10
TGTGGCGTCTCCACTG-1,3766,79,Multiplet
TGTGTGAAGAAACCCG-1,2125,2,hg19
TGTGTGAAGATAGTCA-1,4495,5,hg19
TGTGTGAAGTCCTACA-1,2690,7,hg19
TGTGTGACACAAAGTA-1,12400,14,hg19
TGTGTGACACTCAAGT-1,4520,6,hg19
TGTGTGAGTAATGCTC-1,5574,11,hg19
TGTGTGAGTCATATGC-1,6784,9,hg19
TGTGTGATCGGCTGTG-1,2,55,mm10
TGTTACTAGAGAAGGT-1,7108,6,hg19
TGTTACTAGGTTGGAC-1,4992,3,hg19
TGTTACTGTCAGTCCG-1,3522,2,hg19
TGTTACTGTCCTTGTC-1,4288,10,hg19
TGTTACTGTCTACACA-1,3936,6,hg19
TGTTACTGTCTACATG-1,3824,0,hg19
TGTTACTTCGCCTAGG-1,3016,10,hg19
TGTTACTTCGTGGAAG-1,1,64,mm10
TGTTACTTCTAGGCAT-1,5762,3,hg19
TGTTACTTCTGAGTCA-1,1,50,mm10
TGTTCATAGGGTCAAC-1,0,59,mm10
TGTTCCGGTACCGCGT-1,3825,10,hg19
TGTTCCGGTATCCTCC-1,6269,178,Multiplet
TGTTCTACATTCACCC-1,162,7908,mm10
TGTTCTAGTCTTCGAA-1,2749,3,hg19
TGTTCTAGTGGTTTAC-1,5478,8,hg19
TGTTCTAGTTGAGGAC-1,6315,12,hg19
TGTTCTATCTCCGATC-1,5395,5,hg19
TGTTGAGAGCATCCTA-1,4194,9,hg19
TGTTGAGCACACGGTC-1,3822,3,hg19
TGTTGAGGTAGAATGT-1,3458,4,hg19
TGTTGAGGTGCACATT-1,1717,5,hg19
TGTTGAGTCCAAGGGA-1,1935,5,hg19
TGTTGGAGTCATGACT-1,2,51,mm10
TGTTGGATCTGCGTCT-1,4677,2,hg19
TGTTTGTCATCCTTCG-1,4679,0,hg19
TGTTTGTTCTACCACC-1,5037,79,Multiplet
TTAATCCAGCGCCCAT-1,4245,16,hg19
TTAATCCCAGAGCCCT-1,4919,7,hg19
TTAATCCGTGCATGTT-1,5995,21,hg19
TTAATCCGTTGTGCAT-1,783,2,hg19
TTAATCCTCGTTACCC-1,8388,16,hg19
TTACAGGAGAAGTATC-1,4514,1,hg19
TTACAGGGTGCATTTG-1,5528,18,hg19
TTACAGGGTTGAATCC-1,5344,7,hg19
TTACAGGTCCGTTGAA-1,0,49,mm10
TTACCATAGGTCTTTG-1,9860,18,hg19
TTACCATCAACGTATC-1,4943,3,hg19
TTACCATCAGTCAACT-1,4328,10,hg19
TTACCATCATTCACAG-1,6739,14,hg19
TTACCATGTACAGAGC-1,3798,13,hg19
TTACCATTCAGCTGTA-1,4344,2,hg19
TTACCATTCCAATCCC-1,4333,8,hg19
TTACCGCAGATAACAC-1,0,82,mm10
TTACCGCAGGACAGTC-1,1,52,mm10
TTACGCCGTATGCAAA-1,121,3149,mm10
TTACGCCGTGGTGATG-1,2865,0,hg19
TTACGCCTCAAACCCA-1,963,27,hg19
TTACGCCTCAGAGTTC-1,9826,35,hg19
TTACGCCTCCTATTGT-1,6635,16,hg19
TTACGTTAGCGGTAGT-1,3691,5,hg19
TTACGTTAGCTCCCTT-1,0,62,mm10
TTACGTTAGTATGAAC-1,8367,8,hg19
TTACGTTCAAAGGATT-1,1,46,mm10
TTACGTTGTTAGTCGT-1,11759,2,hg19
TTACGTTTCAACACCA-1,7663,7,hg19
TTACGTTTCGTCTAAG-1,4806,10,hg19
TTACGTTTCTCCGCAT-1,7063,6,hg19
TTACTGTCATCTCGTC-1,4076,30,hg19
TTACTGTCATGGCCCA-1,3548,7,hg19
TTACTGTGTCAGACGA-1,4909,3,hg19
TTACTGTGTCCACAGC-1,5827,4,hg19
TTACTGTGTCCTCATC-1,6986,5,hg19
TTACTGTTCAACCTTT-1,7513,26,hg19
TTAGGCAAGTTGGGAC-1,1,58,mm10
TTAGGCAGTACAGGTG-1,1582,10,hg19
TTAGGCAGTGATGTAA-1,9766,12,hg19
TTAGGCATCTATTCGT-1,1818,5,hg19
TTAGGGTTCCCTCATG-1,4592,11,hg19
TTAGTCTAGTCTGGAG-1,3079,2,hg19
TTAGTCTCATGTTTGG-1,7633,5,hg19
TTAGTCTGTTTGGGTT-1,2820,5,hg19
TTAGTCTTCAGCTTGA-1,0,65,mm10
TTATTGCAGCATGCAG-1,10985,16,hg19
TTATTGCCAGCTCCTT-1,3852,4,hg19
TTATTGCGTCAACCTA-1,7134,5,hg19
TTATTGCTCGCTCTAC-1,0,55,mm10
TTATTGCTCTTGGCTC-1,4995,5,hg19
TTCAATCCAACAAGAT-1,3611,11,hg19
TTCAATCCAGAGGACT-1,2313,1,hg19
TTCAATCCATGACTAC-1,3976,4,hg19
TTCAATCCATGAGATA-1,5478,3,hg19
TTCAATCGTCTACAAC-1,6479,4,hg19
TTCACCGAGACCTGGA-1,5151,5,hg19
TTCACCGAGTAACGAT-1,3442,5,hg19
TTCACCGGTTCTCACC-1,7071,13,hg19
TTCACCGTCCACAGGC-1,5048,9,hg19
TTCACCGTCGACGAGA-1,3988,6,hg19
TTCACCGTCGGTGAAG-1,5347,7,hg19
TTCACCGTCTTGTTAC-1,2418,4,hg19
TTCACGCAGCAACTTC-1,7499,9,hg19
TTCACGCCAGCCTATA-1,2081,11,hg19
TTCACGCGTCGCTCGA-1,8336,17,hg19
TTCACGCGTTAGGAGC-1,6766,13,hg19
TTCACGCTCCATTGGA-1,2058,11,hg19
TTCACGCTCGGTTGTA-1,16014,8,hg19
TTCAGGAAGGCACTCC-1,4015,4,hg19
TTCAGGACAGACACAG-1,4590,6,hg19
TTCAGGAGTATAGGAT-1,2152,4,hg19
TTCAGGAGTTCTCTAT-1,3436,8,hg19
TTCAGGAGTTGCATGT-1,1804,6,hg19
TTCATGTAGTGGGAAA-1,4557,4,hg19
TTCATGTCACCGGTCA-1,4628,2,hg19
TTCATGTGTTTCCATT-1,5336,4,hg19
TTCATGTTCATTCCTA-1,3214,6,hg19
TTCATGTTCCGATGCG-1,6626,8,hg19
TTCATTGAGGTTAAAC-1,12728,2,hg19
TTCATTGCATTCGATG-1,12756,6,hg19
TTCATTGTCCATTTAC-1,7659,28,hg19
TTCCAATCATGAAAGT-1,2663,3,hg19
TTCCAATGTTTCGTAG-1,0,50,mm10
TTCCAATTCATTGGTG-1,4263,4,hg19
TTCCAATTCCCGAGAC-1,3291,5,hg19
TTCCAATTCTCTGAGA-1,4656,14,hg19
TTCCACGTCACTTTGT-1,2093,5,hg19
TTCCACGTCTAACACG-1,4,118,mm10
TTCCGGTAGGGTGAAA-1,5069,6,hg19
TTCCGGTCAGAGCTAG-1,2823,7,hg19
TTCCGGTTCTGCATAG-1,4050,2,hg19
TTCCGTGAGGGTGAGG-1,2166,2,hg19
TTCCGTGGTTTCGACA-1,0,47,mm10
TTCCGTGTCAGCCTCT-1,1671,37,hg19
TTCCTAACATGCCATA-1,6113,5,hg19
TTCCTAAGTATGATCC-1,5256,7,hg19
TTCCTAATCAACCTCC-1,3551,21,hg19
TTCCTAATCCGACAGC-1,3459,8,hg19
TTCCTAATCTAGGCCG-1,2341,11,hg19
TTCCTAATCTTCACGC-1,7836,4,hg19
TTCCTCTAGCTGCCTG-1,3647,10,hg19
TTCCTCTCAGTAACAA-1,103,13729,mm10
TTCCTCTGTAAGTCAA-1,1,56,mm10
TTCCTCTTCCAACTAG-1,5146,4,hg19
TTCCTTCAGCTACGTT-1,690,4,hg19
TTCCTTCCAGCGGTTC-1,4021,4,hg19
TTCCTTCGTGTCACAT-1,4342,3,hg19
TTCGATTAGGATTTGA-1,0,52,mm10
TTCGATTCACGTCATA-1,2198,13,hg19
TTCGATTGTAATGCGG-1,4731,6,hg19
TTCGATTGTCTACTGA-1,4662,4,hg19
TTCGATTGTTCAGTAC-1,4973,3,hg19
TTCGATTTCCTAGCGG-1,6343,14,hg19
TTCGATTTCGCGATCG-1,5080,5,hg19
TTCGATTTCTCATTGT-1,8585,6,hg19
TTCGATTTCTGAGCAT-1,1579,4,hg19
TTCGCTGAGCCTTTCC-1,7847,5,hg19
TTCGCTGAGGTAAACT-1,3714,4,hg19
TTCGCTGCAATTTCCT-1,3148,3,hg19
TTCGCTGGTATGACAA-1,0,68,mm10
TTCGCTGGTATGCAAA-1,6810,6,hg19
TTCGCTGGTCAGCTTA-1,2115,5,hg19
TTCGCTGGTGGGTTGA-1,923,2,hg19
TTCTAACAGATCCGAG-1,4021,1,hg19
TTCTAACAGGTCGCCT-1,5521,9,hg19
TTCTAACAGTCGCCAC-1,2,64,mm10
TTCTAACGTCCTGGTG-1,1,57,mm10
TTCTAGTGTCTGATCA-1,99,569,mm10
TTCTAGTTCAGCTAGT-1,3431,4,hg19
TTCTAGTTCTAGCAAC-1,11673,25,hg19
TTCTCTCAGCTGCCTG-1,8691,12,hg19
TTCTCTCAGGTCATTC-1,16572,9,hg19
TTCTGTAAGCATACTC-1,7187,7,hg19
TTCTGTACAACAGAGC-1,4023,1,hg19
TTCTGTAGTCAAGCGA-1,1913,5,hg19
TTCTGTAGTCTTGAAC-1,3704,3,hg19
TTCTTCCAGCCTAGGA-1,5590,9,hg19
TTCTTCCCAAGAATAC-1,7509,13,hg19
TTCTTCCCAATCTCGA-1,2747,5,hg19
TTCTTCCCAGGTAGTG-1,1796,1,hg19
TTCTTCCGTATGACAA-1,3078,5,hg19
TTCTTCCTCCATCTGC-1,2,74,mm10
TTCTTGACAAGACGAC-1,0,46,mm10
TTGAACGAGGGAACAA-1,4011,8,hg19
TTGAACGCAATCGTCA-1,3521,4,hg19
TTGAACGCAGCAATTC-1,4761,4,hg19
TTGAACGCATTCTCTA-1,0,55,mm10
TTGAACGGTCGTACAT-1,0,58,mm10
TTGAACGGTGGTTCTA-1,6686,22,hg19
TTGAACGGTTTACCTT-1,0,50,mm10
TTGAACGTCAAGGAGC-1,2659,2,hg19
TTGACCCAGACTGAGC-1,4081,1,hg19
TTGACCCAGTACTGTC-1,2325,6,hg19
TTGACCCCACAAGTGG-1,8474,4,hg19
TTGACCCCATAGGTTC-1,3202,18,hg19
TTGACCCCATGGCACC-1,4158,10,hg19
TTGACCCGTACAACGG-1,1,46,mm10
TTGACCCGTGGTAACG-1,5112,13,hg19
TTGAGTGAGTCGTTAC-1,5278,1,hg19
TTGAGTGCAGAATGTA-1,6301,2,hg19
TTGAGTGCATTCTGTT-1,0,88,mm10
TTGAGTGGTCTGGTTA-1,1,64,mm10
TTGATGGAGAAAGCGA-1,11171,3,hg19
TTGATGGCACCAATTG-1,8726,6,hg19
TTGATGGGTGACGTCC-1,3017,3,hg19
TTGATGGTCATGCATG-1,3142,21,hg19
TTGATGGTCGGAGTGA-1,3185,2,hg19
TTGCATTAGGCCACCT-1,2171,5,hg19
TTGCATTCAAGGTCAG-1,5659,6,hg19
TTGCCTGCAAATCGTC-1,4548,4,hg19
TTGCCTGCACCAGCGT-1,1,46,mm10
TTGCCTGGTACCCACG-1,5088,13,hg19
TTGCGTCCATTGACCA-1,4641,5,hg19
TTGCGTCTCCTTGAAG-1,5168,7,hg19
TTGCTGCAGCCACTCG-1,10570,8,hg19
TTGCTGCAGGTAAGAG-1,2626,1,hg19
TTGCTGCAGTTCCATG-1,1216,6,hg19
TTGCTGCCAGGGCTTC-1,8758,5,hg19
TTGCTGCGTCCTTTGC-1,3136,3,hg19
TTGCTGCGTGCGGCTT-1,2781,2,hg19
TTGCTGCTCAGGGATG-1,35,102,mm10
TTGCTGCTCCACATAG-1,3930,20,hg19
TTGGATGAGCACAAAT-1,2608,1,hg19
TTGGATGGTTATTCCT-1,1317,4,hg19
TTGGATGGTTTACGAC-1,5915,5,hg19
TTGGGATAGGAACGAA-1,3799,4,hg19
TTGGGATCAAATAAGC-1,4270,5,hg19
TTGGGATCAACAAGAT-1,7285,4,hg19
TTGGGATCAGCGGTCT-1,4791,7,hg19
TTGGGATGTCTTCGAA-1,3165,11,hg19
TTGGGATTCGTAGTCA-1,5015,6,hg19
TTGGGCGAGCCTCTTC-1,2408,8,hg19
TTGGGCGAGGCTCACC-1,2121,6,hg19
TTGGGTAAGAGTGAAG-1,4319,3,hg19
TTGGGTAAGTCACTCA-1,523,3,hg19
TTGGGTACAGACACAG-1,5307,7,hg19
TTGGGTAGTTCTATCT-1,4266,8,hg19
TTGGGTATCACAAGAA-1,2027,4,hg19
TTGGTTTAGCGCCGTT-1,3725,1,hg19
TTGGTTTCACCAAATC-1,1,58,mm10
TTGGTTTCAGCGGTCT-1,2606,5,hg19
TTGGTTTGTGAACTAA-1,5426,12,hg19
TTGGTTTTCAAGCCCG-1,5922,3,hg19
TTGGTTTTCACGATCA-1,1,48,mm10
TTGGTTTTCGCTTACC-1,4363,5,hg19
TTGGTTTTCTCATGCC-1,5559,23,hg19
TTGTGGACACCACTGG-1,5424,9,hg19
TTGTGGACAGGCAATG-1,0,47,mm10
TTGTGGAGTAGACACG-1,4384,2,hg19
TTGTGGAGTCTTAGTG-1,4274,3,hg19
TTGTGGAGTTACGATC-1,4205,6,hg19
TTGTGGATCCCAATAG-1,0,57,mm10
TTGTGGATCTGTGCTC-1,3094,4,hg19
TTGTGTTAGTAGTGCG-1,4574,1,hg19
TTGTTCAAGCAGCGAT-1,1,54,mm10
TTGTTCACAACCGGAA-1,1,48,mm10
TTGTTCACACTTGTGA-1,46,90,mm10
TTGTTCATCCGTTTCG-1,8120,11,hg19
TTGTTGTAGCCAGTAG-1,4480,2,hg19
TTGTTGTAGTAAGACT-1,3041,6,hg19
TTGTTGTAGTTTGGCT-1,4309,10,hg19
TTGTTGTCATGCAGCC-1,3495,9,hg19
TTGTTGTGTAACTTCG-1,1270,5,hg19
TTGTTGTGTAAGACCG-1,3243,1,hg19
TTGTTGTTCCGAAATC-1,2262,2,hg19
TTGTTTGAGTAGATCA-1,2816,2,hg19
TTGTTTGCAAGGACAC-1,3096,1,hg19
TTGTTTGGTAAGTCAA-1,7220,13,hg19
TTGTTTGGTGAGACGT-1,5971,3,hg19
TTGTTTGGTTTAGAGA-1,2321,2,hg19
TTTACCAAGATTAGCA-1,64,47,hg19
TTTACCAAGGCCTGAA-1,7099,13,hg19
TTTACCAGTCATGGCC-1,4516,2,hg19
TTTACCAGTCGCACGT-1,7290,13,hg19
TTTACCAGTGCCCACA-1,4065,11,hg19
TTTACGTTCAAGGTGG-1,1323,6,hg19
TTTACGTTCATTTGGG-1,6234,24,hg19
TTTACTGAGCAACTTC-1,3775,1,hg19
TTTACTGGTGAACGGT-1,3455,3,hg19
TTTACTGGTTAGCGGA-1,7153,10,hg19
TTTACTGGTTTGGGAG-1,2751,4,hg19
TTTACTGTCTCATTAC-1,4420,4,hg19
TTTAGTCGTGGCAGAT-1,671,1,hg19
TTTAGTCGTTTAGTCG-1,4511,10,hg19
TTTAGTCTCGAACTCA-1,5723,17,hg19
TTTAGTCTCGGACCAC-1,0,48,mm10
TTTATGCAGAGGTTTA-1,3326,4,hg19
TTTATGCAGCCAAGGT-1,1951,5,hg19
TTTATGCGTTTGACAC-1,0,48,mm10
TTTATGCTCCCACAGG-1,4704,6,hg19
TTTATGCTCTCGTCAC-1,3712,5,hg19
TTTCACAAGGCGTTAG-1,17771,12,hg19
TTTCACAAGTGGGAAA-1,2523,5,hg19
TTTCACACAGCACACC-1,8166,20,hg19
TTTCACACATATCTGG-1,7724,14,hg19
TTTCACATCGTTAGTG-1,1489,3,hg19
TTTCAGTCATGCGTGC-1,2,63,mm10
TTTCAGTGTGAGCTCC-1,6085,11,hg19
TTTCAGTGTGCGGCTT-1,7370,7,hg19
TTTCATGAGCACCAGA-1,5660,7,hg19
TTTCATGAGGAACGCT-1,2586,8,hg19
TTTCATGCACTTGGGC-1,11897,11748,Multiplet
TTTCCTCCACCCAACG-1,1,67,mm10
TTTCGATCAGGTCCGT-1,81,22621,mm10
TTTCGATGTCGAACAG-1,6454,4,hg19
TTTCGATGTCGAATTC-1,4155,3,hg19
TTTCGATGTCTCGGAC-1,54,21171,mm10
TTTCGATGTGGATACG-1,5628,6,hg19
TTTCGATTCAATGCAC-1,0,52,mm10
TTTCGATTCGAGTACT-1,1480,4,hg19
TTTGACTTCGTTGCCT-1,4645,2,hg19
TTTGACTTCTTCGTGC-1,3381,2,hg19
TTTGATCAGTTTCTTC-1,4033,20,hg19
TTTGATCCAAGATCCT-1,0,82,mm10
TTTGATCCAGTCGCTG-1,4409,8,hg19
TTTGATCGTATTGCCA-1,5951,3,hg19
TTTGATCTCATTCCTA-1,7362,15,hg19
TTTGGAGCACAGCCAC-1,1,49,mm10
TTTGGAGCACGAGGAT-1,2717,10,hg19
TTTGGAGGTCGTTCAA-1,1592,5,hg19
TTTGGAGTCAAGAATG-1,0,45,mm10
TTTGGAGTCGTCCATC-1,4993,7,hg19
TTTGGTTCACAAATGA-1,3265,4,hg19
TTTGGTTCATCATGAC-1,5041,2,hg19
TTTGGTTGTACGATCT-1,2677,2,hg19
TTTGGTTGTAGCACGA-1,3742,7,hg19
TTTGGTTTCCACGTGG-1,0,54,mm10
TTTGTTGAGCCTAACT-1,5196,3,hg19
TTTGTTGAGCCTCCAG-1,1,48,mm10
TTTGTTGCAACACGAG-1,2623,4,hg19
TTTGTTGGTGATACAA-1,4748,10,hg19
TTTGTTGTCTACGGTA-1,2423,7,hg19
