barcode,hg19,mm10,call
AAACCCAAGAGCTGCA-1,3076,7019,Multiplet
AAACCCAGTCTTCAAG-1,4119,19,hg19
AAACCCAGTTACCTGA-1,7504,43,hg19
AAACCCATCATTTACC-1,9425,79,hg19
AAACGAAAGGATTTGA-1,2738,43,hg19
AAACGAACAGCACAGA-1,5295,46,hg19
AAACGAAGTAGATTGA-1,702,39,hg19
AAACGAAGTTACAGCT-1,1305,8,hg19
AAACGAATCATGAGTC-1,8755,104,hg19
AAACGAATCCATAGAC-1,3923,43,hg19
AAACGAATCGATGCTA-1,54,11398,mm10
AAACGAATCTGTGCAA-1,2423,26,hg19
AAACGAATCTTCGTAT-1,2655,22,hg19
AAACGCTCAGACGGAT-1,202,11812,mm10
AAACGCTGTAGTACGG-1,7341,68,hg19
AAACGCTGTATAGGAT-1,2650,28,hg19
AAACGCTGTGAGATTA-1,78,4529,mm10
AAAGAACAGCACTCGC-1,3077,24,hg19
AAAGAACAGGTCTTTG-1,3282,16,hg19
AAAGAACCAAGCAGGT-1,5220,41,hg19
AAAGAACCAGCATTGT-1,1857,49,hg19
AAAGAACCAGCGACAA-1,1605,30,hg19
AAAGAACCATGGCCCA-1,158,4996,mm10
AAAGAACGTACCACGC-1,6668,68,hg19
AAAGAACGTGTATCCA-1,8389,40,hg19
AAAGAACTCACCATCC-1,73,6263,mm10
AAAGAACTCCGAGGCT-1,10163,58,hg19
AAAGAACTCGATACGT-1,3966,24,hg19
AAAGAACTCGCCTCTA-1,77,19914,mm10
AAAGGATCAAGTGATA-1,9597,76,hg19
AAAGGATCACTACACA-1,874,31,hg19
AAAGGATCAGCAGGAT-1,3504,40,hg19
AAAGGATCAGGCATGA-1,813,15,hg19
AAAGGATGTATCAGCT-1,103,4083,mm10
AAAGGATTCATTACCT-1,5667,42,hg19
AAAGGATTCCGTAGTA-1,4627,36,hg19
AAAGGGCGTACTGCCG-1,53,2147,mm10
AAAGGGCGTCGTAATC-1,2832,17,hg19
AAAGGTAAGTCGAGGT-1,1465,21,hg19
AAAGGTAGTCATTGCA-1,2181,22,hg19
AAAGGTAGTTGACGGA-1,3706,22,hg19
AAAGGTATCGCAACAT-1,8453,44,hg19
AAAGGTATCTGTTCAT-1,4811,27,hg19
AAAGTCCAGAACAGGA-1,343,20013,mm10
AAAGTCCAGATAGCTA-1,14218,71,hg19
AAAGTCCAGGCTGGAT-1,6100,25,hg19
AAAGTCCAGGGTCAAC-1,281,14985,mm10
AAAGTGAAGTAATTGG-1,225,13686,mm10
AAAGTGACAGAAGCTG-1,1775,19,hg19
AAAGTGATCAAGCTTG-1,906,23,hg19
AAATGGAAGAATGTTG-1,1937,22,hg19
AAATGGAAGGGTTGCA-1,733,25,hg19
AAATGGACAAGGACAC-1,1893,25,hg19
AAATGGACAATAGAGT-1,6855,42,hg19
AAATGGACAATCGAAA-1,1737,26,hg19
AAATGGAGTAGGAAAG-1,22,3283,mm10
AAATGGAGTCGTTGGC-1,2622,25,hg19
AAATGGATCGCTAGCG-1,11497,69,hg19
AACAAAGAGAGAGCCT-1,4900,18,hg19
AACAAAGAGTAAGAGG-1,79,5423,mm10
AACAAAGCAGAGACTG-1,3905,31,hg19
AACAAAGGTATGACAA-1,14662,57,hg19
AACAAAGGTGTCATGT-1,4508,35,hg19
AACAACCAGTGGATTA-1,1520,15,hg19
AACAACCCAAAGAACT-1,99,4056,mm10
AACAACCGTCCAGAAG-1,13506,42,hg19
AACAAGAAGCGTGCTC-1,46,2775,mm10
AACAAGAAGGGTACAC-1,892,17,hg19
AACAAGAAGTGGAAGA-1,533,12,hg19
AACAAGACAGCGACCT-1,37,2362,mm10
AACAAGAGTCGAATGG-1,10904,69,hg19
AACAAGATCGGAGTAG-1,1874,38,hg19
AACACACAGGATTCCT-1,10697,88,hg19
AACACACCATCGGTTA-1,12163,68,hg19
AACACACGTCGAATGG-1,5413,33,hg19
AACACACTCCCATTTA-1,5284,40,hg19
AACACACTCGATCCCT-1,7779,75,hg19
AACACACTCTTTACAC-1,3099,52,hg19
AACAGGGCAACGATTC-1,3893,41,hg19
AACAGGGGTCAACATC-1,18806,97,hg19
AACAGGGGTCCATAGT-1,3929,46,hg19
AACAGGGGTCGGCTAC-1,2330,27,hg19
AACCAACAGTTCCATG-1,216,19400,mm10
AACCAACGTATCGCTA-1,14728,94,hg19
AACCACAAGCAGGTCA-1,7705,44,hg19
AACCACACACAGCCTG-1,3369,34,hg19
AACCATGCACCAGTAT-1,2885,26,hg19
AACCATGCATCTAGAC-1,4080,34,hg19
AACCATGGTCTTCATT-1,1021,39,hg19
AACCATGTCGAGTTGT-1,4514,21,hg19
AACCCAAGTATTTCCT-1,2645,30,hg19
AACCCAAGTGCACATT-1,12009,66,hg19
AACCCAAGTTGGACCC-1,1851,28,hg19
AACCCAATCAGCTGAT-1,1492,18,hg19
AACCTGAAGATGTAGT-1,3547,11,hg19
AACCTGACACTCTGCT-1,208,13085,mm10
AACCTGAGTATGGAGC-1,8039,42,hg19
AACCTTTAGCCACCGT-1,5210,42,hg19
AACCTTTGTCAAAGAT-1,4702,40,hg19
AACCTTTTCAAACCCA-1,3711,45,hg19
AACGAAAAGACATCCT-1,78,4773,mm10
AACGAAAAGCACTCAT-1,6048,39,hg19
AACGAAAAGGTAATCA-1,1060,57,hg19
AACGAAACAAGGCTTT-1,3351,48,hg19
AACGAAACACAGTGTT-1,842,28,hg19
AACGAAAGTTGCAACT-1,4635,52,hg19
AACGAAATCTGGTGGC-1,6930,50,hg19
AACGGGAAGATCGGTG-1,2393,17,hg19
AACGGGAAGCTGCGAA-1,2560,23,hg19
AACGGGAAGGTGCAGT-1,2200,28,hg19
AACGGGAGTCGTACAT-1,2838,34,hg19
AACGGGATCCCAATAG-1,8275,40,hg19
AACGTCAAGGGAGGTG-1,2002,12,hg19
AACGTCACAAACGAGC-1,6262,39,hg19
AACGTCAGTAGCTGAG-1,2014,19,hg19
AACGTCAGTATAGCTC-1,4569,36,hg19
AACGTCATCGCTAATG-1,89,4359,mm10
AACTTCTAGCTCAGAG-1,1820,11,hg19
AACTTCTCAATTCTTC-1,12141,72,hg19
AACTTCTCAGACCTGC-1,4045,25,hg19
AACTTCTGTCTTGGTA-1,1090,31,hg19
AACTTCTGTTGGGTTT-1,16288,68,hg19
AAGAACAAGCTTTCCC-1,9033,45,hg19
AAGAACAAGTATTGCC-1,9583,54,hg19
AAGAACAGTTGTTGTG-1,9691,51,hg19
AAGACAAAGACCAGAC-1,9991,52,hg19
AAGACAAAGCGGGTTA-1,7942,48,hg19
AAGACAAAGGAGACCT-1,1274,38,hg19
AAGACAACACGCTTAA-1,525,24,hg19
AAGACAACAGCTGCCA-1,6317,45,hg19
AAGACAATCTCGTCAC-1,465,17399,mm10
AAGACTCCAAGGCGTA-1,6401,29,hg19
AAGACTCCACCCGTAG-1,4219,49,hg19
AAGACTCGTGCCGTTG-1,4674,57,hg19
AAGACTCTCCCAGGAC-1,5393,47,hg19
AAGACTCTCCTCGATC-1,116,3132,mm10
AAGATAGCAAGCCTGC-1,10347,45,hg19
AAGATAGCAATAACGA-1,128,905,mm10
AAGATAGCAGGCTTGC-1,2007,14,hg19
AAGATAGTCTGAGTCA-1,1593,23,hg19
AAGCATCCACAATGTC-1,4916,46,hg19
AAGCATCCAGAGACTG-1,13137,61,hg19
AAGCCATAGAAACTAC-1,26038,143,hg19
AAGCCATAGCCACTCG-1,166,2282,mm10
AAGCCATAGCGATCGA-1,12396,50,hg19
AAGCCATTCAGAGTGG-1,59,8812,mm10
AAGCGTTAGATAGTGT-1,8849,41,hg19
AAGCGTTTCCACTGAA-1,7020,40,hg19
AAGCGTTTCGCTAATG-1,2498,52,hg19
AAGGAATAGCGTATAA-1,8693,56,hg19
AAGGAATAGTCGGCAA-1,84,2972,mm10
AAGGAATCATAGTCAC-1,5854,51,hg19
AAGGAATGTCTGTGCG-1,3815,43,hg19
AAGTACCAGACCGTTT-1,45,5606,mm10
AAGTACCAGGGCAATC-1,967,46,hg19
AAGTACCCACAGCCTG-1,2611,41,hg19
AAGTACCCAGCAGACA-1,270,14336,mm10
AAGTACCGTCTGTAAC-1,5357,32,hg19
AAGTACCTCTGCACCT-1,11253,93,hg19
AAGTCGTGTACCTTCC-1,4939,13,hg19
AAGTCGTGTCGTATGT-1,9368,44,hg19
AAGTCGTGTCGTTGCG-1,4587,23,hg19
AAGTGAAAGATAACGT-1,5299,130,hg19
AAGTGAACACTTGAGT-1,5665,38,hg19
AAGTGAACATGGGTCC-1,4973,19,hg19
AAGTGAAGTGCTATTG-1,4567,23,hg19
AAGTGAATCTAGAACC-1,4155,23,hg19
AAGTGAATCTGCGGAC-1,3112,9,hg19
AAGTTCGAGGATTTAG-1,2843,36,hg19
AAGTTCGCACTTTATC-1,5732,35,hg19
AAGTTCGGTACCGTCG-1,6804,31,hg19
AAGTTCGGTCGATGCC-1,3825,31,hg19
AAGTTCGGTCTTGCGG-1,88,15504,mm10
AAGTTCGGTGATTCAC-1,254,15748,mm10
AAGTTCGTCCTCACCA-1,25259,81,hg19
AATAGAGAGATTGCGG-1,63,2853,mm10
AATAGAGAGGAGTACC-1,3175,36,hg19
AATAGAGCAAGAGATT-1,72,5780,mm10
AATAGAGCACGGCACT-1,1911,18,hg19
AATAGAGGTGACTATC-1,67,3434,mm10
AATCGACAGAAGATCT-1,3022,20,hg19
AATCGACAGAGTCGAC-1,3256,28,hg19
AATCGACAGAGTTGTA-1,12944,57,hg19
AATCGACAGCTTTCCC-1,3803,32,hg19
AATCGACCACGCCACA-1,314,17502,mm10
AATCGACGTACCATAC-1,1549,5953,Multiplet
AATCGACGTCATGCAT-1,5525,30,hg19
AATCGACGTGTGTACT-1,52,673,mm10
AATCGACTCGGCAGTC-1,8599,101,hg19
AATCGACTCTTCGTAT-1,3136,24,hg19
AATCGTGAGATCCCAT-1,5762,42,hg19
AATCGTGCACTGTCCT-1,2048,31,hg19
AATCGTGGTCACTTAG-1,8717,35,hg19
AATCGTGGTGCAGTGA-1,145,13860,mm10
AATCGTGTCGCCAGTG-1,14744,65,hg19
AATGAAGCACCCTATC-1,4559,43,hg19
AATGAAGGTAAGCAAT-1,64,2157,mm10
AATGAAGGTGAGATTA-1,4483,23,hg19
AATGAAGTCCACCTGT-1,3101,28,hg19
AATGAAGTCGAACCAT-1,6336,40,hg19
AATGAAGTCGGTAGAG-1,5623,43,hg19
AATGACCAGATCGCTT-1,13555,69,hg19
AATGACCCAAATTGCC-1,9508,57,hg19
AATGACCGTGCTATTG-1,2877,25,hg19
AATGACCTCCACAGCG-1,1805,38,hg19
AATGACCTCGCAGTGC-1,71,10590,mm10
AATGCCAAGACGCATG-1,4289,36,hg19
AATGCCAAGGTATAGT-1,3593,24,hg19
AATGCCAAGTTTGCTG-1,2407,24,hg19
AATGCCATCATGGATC-1,1550,89,hg19
AATGCCATCTTCGGAA-1,7069,32,hg19
AATGGAACAAAGAACT-1,3172,28,hg19
AATGGAACATGGTGGA-1,164,3500,mm10
AATGGAAGTACCGGCT-1,3583,25,hg19
AATGGCTAGGTAGCAC-1,3525,36,hg19
AATGGCTGTGTCTTAG-1,6105,43,hg19
AATGGCTGTTCTTGTT-1,107,22563,mm10
AATTCCTCACGCTTAA-1,8405,80,hg19
AATTCCTCATTGAAGA-1,2863,23,hg19
AATTCCTGTCGAGTGA-1,542,22,hg19
AATTCCTTCGACATAC-1,6138,45,hg19
AATTTCCCAATTAGGA-1,8791,72,hg19
AATTTCCCACAATGAA-1,3396,55,hg19
AATTTCCGTTTCGGCG-1,53,517,mm10
AATTTCCTCCCGAATA-1,1271,59,hg19
AATTTCCTCGTCAACA-1,6932,43,hg19
AATTTCCTCGTGTGAT-1,80,5984,mm10
AATTTCCTCTCAATCT-1,4263,39,hg19
ACAAAGAAGGAAAGTG-1,783,6453,mm10
ACAAAGACAAGCAGGT-1,10554,58,hg19
ACAAAGATCCGTATGA-1,2831,49,hg19
ACAAAGATCGGAGATG-1,625,21,hg19
ACAACCAAGTCCCGGT-1,2522,42,hg19
ACAACCACAAGACGAC-1,7886,53,hg19
ACAACCACAGCGGATA-1,4932,68,hg19
ACAACCACAGCTCCTT-1,11257,58,hg19
ACAACCAGTCGCACAC-1,1366,19,hg19
ACAACCAGTGGAGGTT-1,28,2710,mm10
ACAACCAGTTGTGCCG-1,1467,18,hg19
ACAAGCTAGGGATCGT-1,1781,17,hg19
ACAAGCTCAATGGCCC-1,1424,50,hg19
ACAAGCTGTAGCACAG-1,720,25,hg19
ACAAGCTGTGACTAAA-1,3250,35,hg19
ACAAGCTGTGAGGAAA-1,597,24,hg19
ACAAGCTGTGGAATGC-1,516,21,hg19
ACACAGTCAACGGCCT-1,567,22,hg19
ACACAGTGTACGGTTT-1,3432,20,hg19
ACACAGTGTATTTCGG-1,14483,60,hg19
ACACAGTGTCGCATCG-1,1272,15,hg19
ACACAGTGTGATACCT-1,5515,50,hg19
ACACAGTGTTGCCATA-1,18192,61,hg19
ACACAGTTCAGCGCAC-1,3834,41,hg19
ACACAGTTCCATTTGT-1,2711,25,hg19
ACACAGTTCGCCGTGA-1,3731,32,hg19
ACACAGTTCTATCGTT-1,291,4251,mm10
ACACCAAAGAGTATAC-1,1701,41,hg19
ACACCAACAATCAAGA-1,153,8124,mm10
ACACCAAGTAGAGTTA-1,47,6431,mm10
ACACCAATCGAGAATA-1,75,14748,mm10
ACACCAATCTTGGTCC-1,1152,18,hg19
ACACGCGAGCCTGTGC-1,11540,82,hg19
ACACGCGAGGATGCGT-1,4895,21,hg19
ACACGCGAGTACAGCG-1,4128,37,hg19
ACACGCGCACGAGGTA-1,6796,54,hg19
ACACGCGCATTGACCA-1,15776,72,hg19
ACACGCGGTAGGACCA-1,5726,66,hg19
ACACGCGGTTTACTGG-1,12088,67,hg19
ACACGCGTCACTGCTC-1,6494,88,hg19
ACACGCGTCCATATGG-1,2716,25,hg19
ACACGCGTCTCATGGA-1,11419,59,hg19
ACACTGACAAGTACCT-1,1617,43,hg19
ACACTGACACCAACAT-1,3004,40,hg19
ACACTGACATTAGGCT-1,3776,40,hg19
ACACTGAGTTGCATCA-1,6450,49,hg19
ACACTGAGTTTCCAAG-1,10685,73,hg19
ACACTGATCTCTTCAA-1,562,9381,mm10
ACAGAAAAGAATTGCA-1,1011,36,hg19
ACAGAAAAGGCCGCTT-1,11095,81,hg19
ACAGAAAAGTCGAAGC-1,27415,82,hg19
ACAGAAACAGAACATA-1,2793,40,hg19
ACAGAAAGTTGTGTAC-1,357,27313,mm10
ACAGAAATCGCCGAGT-1,2624,24,hg19
ACAGCCGCAACCTAAC-1,479,1460,mm10
ACAGCCGCACCTTCGT-1,885,141,hg19
ACAGCCGTCAGTGTGT-1,140,7573,mm10
ACAGCCGTCCGGTAGC-1,747,15,hg19
ACAGCCGTCGGCACTG-1,4769,20,hg19
ACAGGGACAGAACTCT-1,64,9725,mm10
ACAGGGAGTAGCTGAG-1,1021,22,hg19
ACAGGGAGTAGGAGTC-1,11417,45,hg19
ACAGGGATCCTGTTGC-1,9892,50,hg19
ACAGGGATCTTGTGCC-1,108,5354,mm10
ACATCCCAGTATCCTG-1,289,16683,mm10
ACATCCCCACAAACGG-1,188,10551,mm10
ACATCCCCACCCTGTT-1,2116,37,hg19
ACATCCCCACTTCAAG-1,8791,45,hg19
ACATCCCCAGATTCGT-1,592,18,hg19
ACATCCCGTGCAATGG-1,3625,20,hg19
ACATCCCTCATAGCAC-1,6425,37,hg19
ACATCGAGTGCGGCTT-1,1393,12,hg19
ACATCGATCAGTGTGT-1,1850,26,hg19
ACATCGATCATGGCCG-1,4851,34,hg19
ACATCGATCTATCGCC-1,2883,45,hg19
ACATGCACATAATGCC-1,6715,40,hg19
ACATGCAGTGATACAA-1,5426,44,hg19
ACATGCAGTGTTTCTT-1,4584,39,hg19
ACATGCATCCGGCAGT-1,6657,57,hg19
ACATGCATCGAGATAA-1,8381,115,hg19
ACATTTCAGCATAGGC-1,6125,48,hg19
ACATTTCAGCTCTTCC-1,4671,34,hg19
ACATTTCAGTGCAGGT-1,2028,18092,Multiplet
ACATTTCCAGTTAAAG-1,2668,5991,Multiplet
ACATTTCGTTTAGACC-1,4989,40,hg19
ACATTTCTCCACACCT-1,5151,60,hg19
ACATTTCTCTGGGCGT-1,10185,48,hg19
ACCAAACCAGACCGCT-1,1758,31,hg19
ACCAAACTCTGGGCGT-1,2434,47,hg19
ACCAACAAGAGAGTTT-1,637,36,hg19
ACCAACAAGGTGGCTA-1,4439,34,hg19
ACCAACACACAGCCAC-1,11534,31047,Multiplet
ACCAACACACTCACTC-1,3154,35,hg19
ACCAACAGTAGCACGA-1,2837,30,hg19
ACCACAAAGACGACTG-1,231,21714,mm10
ACCACAAAGCCTAGGA-1,47,4996,mm10
ACCACAACAGTGCCTG-1,646,25,hg19
ACCACAAGTATCGAAA-1,606,32,hg19
ACCACAAGTGAGTAGC-1,8192,58,hg19
ACCATTTAGGGCAACT-1,2492,26,hg19
ACCATTTCACTCAGAT-1,5646,42,hg19
ACCATTTGTACTAAGA-1,3990,51,hg19
ACCATTTTCGCTCTAC-1,5982,39,hg19
ACCATTTTCTGAGAAA-1,2348,21,hg19
ACCCAAAAGCGCCTCA-1,4411,33,hg19
ACCCAAAAGGAGACCT-1,94,4271,mm10
ACCCAAAAGGTGCTGA-1,4206,35,hg19
ACCCAAAAGTGCTACT-1,1715,23,hg19
ACCCAAACAATGGCCC-1,2788,33,hg19
ACCCAAAGTAAGGTCG-1,60,1635,mm10
ACCCAAATCAAATGCC-1,704,21,hg19
ACCCAAATCCATACAG-1,7980,45,hg19
ACCCAAATCCTTCAGC-1,8746,82,hg19
ACCCAAATCGTAGCCG-1,724,20,hg19
ACCCTCAAGTCTGTAC-1,4542,103,hg19
ACCCTCACATCTAACG-1,8014,50,hg19
ACCCTCAGTAGGAGGG-1,6574,32,hg19
ACCCTCATCCGATAGT-1,5588,43,hg19
ACCCTTGAGTCTGGTT-1,2764,29,hg19
ACCCTTGAGTGCAACG-1,1232,15,hg19
ACCCTTGCACAACCGC-1,7384,65,hg19
ACCCTTGCAGATGCGA-1,4282,63,hg19
ACCCTTGGTACGAAAT-1,3850,17,hg19
ACCCTTGGTTCGTAAC-1,544,9816,mm10
ACCCTTGTCCTCGATC-1,169,2569,mm10
ACCGTTCAGACTTCGT-1,1140,17,hg19
ACCGTTCAGCACGATG-1,7161,46,hg19
ACCGTTCCACACCAGC-1,3598,8471,Multiplet
ACCGTTCCAGGTCCGT-1,5394,37,hg19
ACCGTTCCATACAGCT-1,7797,68,hg19
ACCGTTCCATGGTGGA-1,1979,9,hg19
ACCGTTCGTACTGCGC-1,6606,20,hg19
ACCGTTCTCGGTCGGT-1,1696,18,hg19
ACCTACCAGATCCAAA-1,5045,53,hg19
ACCTACCAGGACTAAT-1,4476,33,hg19
ACCTACCTCGGTGTTA-1,4686,22,hg19
ACCTGAAAGTGGGAAA-1,2979,18,hg19
ACCTGAACAGTTAAAG-1,195,11989,mm10
ACCTGAAGTGCCGAAA-1,54,9677,mm10
ACCTGAATCTTCCTAA-1,4766,51,hg19
ACCTGTCAGACGGTCA-1,10713,35,hg19
ACCTGTCAGGGCATGT-1,142,5982,mm10
ACCTGTCCATGGCACC-1,10006,69,hg19
ACCTGTCGTAGCCAGA-1,10992,95,hg19
ACCTGTCGTATACAGA-1,3302,33,hg19
ACCTGTCGTCACCGAC-1,3331,42,hg19
ACCTGTCGTGGGACAT-1,11260,57,hg19
ACCTGTCGTGGGCTCT-1,2461,15,hg19
ACCTGTCTCGCGTCGA-1,40,619,mm10
ACGATCACAGAGAGGG-1,2418,22,hg19
ACGATCACATTCACCC-1,660,54,hg19
ACGATCAGTCTCACAA-1,6231,32,hg19
ACGATCAGTGGATGAC-1,3887,39,hg19
ACGATGTGTGAATGAT-1,1205,25,hg19
ACGATGTTCAGAGCAG-1,37,1535,mm10
ACGCACGAGCGTATGG-1,1346,15,hg19
ACGCACGCACGATAGG-1,67,2115,mm10
ACGCACGGTCATCTAG-1,2118,23,hg19
ACGCACGGTGAAGCTG-1,2017,23,hg19
ACGCACGGTTGCATCA-1,4422,35,hg19
ACGCACGGTTTAGAGA-1,90,725,mm10
ACGCACGGTTTGCCGG-1,60,4666,mm10
ACGCACGTCTCATTTG-1,13598,77,hg19
ACGGAAGCAGCGTACC-1,4600,22,hg19
ACGGAAGGTATAGCTC-1,17465,67,hg19
ACGGAAGGTTGTGCCG-1,949,23,hg19
ACGGAAGTCACCATGA-1,1987,24,hg19
ACGGAAGTCCCAGGCA-1,2342,25,hg19
ACGGGTCAGATGAACT-1,70,10095,mm10
ACGGGTCAGCCGAACA-1,1601,10,hg19
ACGGGTCCAGAACCGA-1,4257,29,hg19
ACGGGTCTCCTTCTAA-1,4463,55,hg19
ACGGTCGCAGTTCACA-1,2077,31,hg19
ACGGTCGGTAGTTACC-1,1695,16,hg19
ACGGTCGTCGGCATAT-1,93,5181,mm10
ACGGTTAAGAATCGCG-1,1489,9,hg19
ACGTAACCAGTCTACA-1,2237,214,hg19
ACGTAACGTTGTCCCT-1,68,4418,mm10
ACGTAACTCATTACGG-1,2943,36,hg19
ACGTAACTCGTCGGGT-1,3993,34,hg19
ACGTAACTCTGGCTGG-1,8942,57,hg19
ACGTACAAGGGATCAC-1,625,119,hg19
ACGTACACAGGCTCTG-1,3375,32,hg19
ACGTACAGTCCAGAAG-1,57,8250,mm10
ACGTACAGTTCCTAGA-1,1068,16,hg19
ACGTAGTAGAGAATCT-1,3336,35,hg19
ACGTAGTAGATTGGGC-1,1476,28,hg19
ACGTAGTAGGCTTCCG-1,6189,218,hg19
ACGTAGTAGTTGCTGT-1,10631,45,hg19
ACGTAGTGTATCACGT-1,1393,17,hg19
ACGTAGTGTATGAGGC-1,5949,58,hg19
ACGTAGTTCCGAGTGC-1,157,11259,mm10
ACGTCCTAGACTGAGC-1,7837,36,hg19
ACGTCCTAGTCATAGA-1,4685,39,hg19
ACGTCCTCAACCCTCT-1,888,21,hg19
ACGTCCTCATCCTGTC-1,4787,14,hg19
ACGTCCTTCATAGAGA-1,3273,36,hg19
ACGTTCCCAGGGAGAG-1,14011,49,hg19
ACGTTCCGTACCGTGC-1,6120,11000,Multiplet
ACGTTCCGTCTCTCCA-1,1512,34,hg19
ACGTTCCTCAAGTCTG-1,1021,27,hg19
ACGTTCCTCAGGGTAG-1,2333,18,hg19
ACGTTCCTCATCGTAG-1,3414,38,hg19
ACTACGAAGCCGCACT-1,3155,75,hg19
ACTACGAAGGTCCTGC-1,4979,43,hg19
ACTACGACAGCGGTTC-1,3970,42,hg19
ACTACGAGTACACTCA-1,92,14303,mm10
ACTACGAGTCCCGCAA-1,5022,57,hg19
ACTACGAGTTTGGGAG-1,2430,32,hg19
ACTACGATCAGGCGAA-1,1042,10,hg19
ACTACGATCGCGTGCA-1,17680,91,hg19
ACTATCTCATAGGCGA-1,319,13847,mm10
ACTATCTCATCTAACG-1,1671,32,hg19
ACTATCTGTACAGTCT-1,2489,24,hg19
ACTATCTGTGAATGAT-1,2911,36,hg19
ACTATCTTCGCCAATA-1,4617,38,hg19
ACTATGGAGGATGAGA-1,2462,25,hg19
ACTATGGCACCGGTCA-1,528,25,hg19
ACTATGGCAGCTGTTA-1,37,4533,mm10
ACTATGGCATAGATCC-1,3969,31,hg19
ACTATGGGTCACTAGT-1,228,7274,mm10
ACTATGGGTGAAAGTT-1,154,5339,mm10
ACTATGGGTGCATTTG-1,4411,29,hg19
ACTATGGTCCTCTCGA-1,11648,44,hg19
ACTATGGTCTGCGTCT-1,3510,29,hg19
ACTATTCAGCAACAGC-1,1207,40,hg19
ACTATTCAGGTCGTCC-1,4065,30,hg19
ACTATTCCAGGGAATC-1,5559,39,hg19
ACTATTCGTAAGGAGA-1,865,74,hg19
ACTATTCTCGTGCATA-1,11785,52,hg19
ACTCCCAAGAATACAC-1,3775,32,hg19
ACTCCCACACAGTCCG-1,5037,34,hg19
ACTCCCAGTATCTCGA-1,8914,102,hg19
ACTCCCAGTTTGGGTT-1,10400,60,hg19
ACTCCCATCGGACAAG-1,14005,80,hg19
ACTCCCATCTCATGGA-1,1478,23,hg19
ACTCTCGCATGACCCG-1,5190,31,hg19
ACTCTCGGTCACAGAG-1,1440,25,hg19
ACTCTCGGTCAGTCGC-1,3426,24,hg19
ACTCTCGGTCGTTATG-1,1689,20,hg19
ACTCTCGTCTATCGTT-1,45,9299,mm10
ACTGATGAGGACTTCT-1,2246,38,hg19
ACTGATGAGGCTAGCA-1,712,38,hg19
ACTGATGTCGAGCCAC-1,2381,22,hg19
ACTGATGTCTTCCAGC-1,597,26,hg19
ACTGCAACAGCCCACA-1,2276,27,hg19
ACTGCAAGTGGGACAT-1,6176,34,hg19
ACTGCAATCCTCGCAT-1,5131,46,hg19
ACTGCAATCTCAACCC-1,18236,93,hg19
ACTGTCCGTTCTGACA-1,14644,54,hg19
ACTGTCCTCAATGCAC-1,2497,30,hg19
ACTGTGAAGCCTCATA-1,36,6078,mm10
ACTGTGAAGTGACACG-1,2428,22,hg19
ACTGTGAAGTGGAATT-1,3535,40,hg19
ACTGTGACAGTTTGGT-1,3845,48,hg19
ACTGTGACATAGAATG-1,4741,31,hg19
ACTGTGACATCGGAAG-1,7753,21,hg19
ACTGTGAGTACGAAAT-1,4613,30,hg19
ACTGTGAGTATGCTTG-1,8676,41,hg19
ACTGTGATCGCTCCTA-1,3036,28,hg19
ACTGTGATCGTAACAC-1,3450,229,hg19
ACTTAGGAGTAGTCAA-1,2918,28,hg19
ACTTAGGTCGCTACGG-1,6666,26,hg19
ACTTAGGTCGTAGTGT-1,5598,16,hg19
ACTTATCAGCCACCGT-1,14632,44,hg19
ACTTATCCAACGCATT-1,4397,45,hg19
ACTTATCGTCCCGGTA-1,6206,51,hg19
ACTTATCGTCTTCATT-1,9459,53,hg19
ACTTCCGAGGGTTAGC-1,8040,21,hg19
ACTTCCGCATCCGAAT-1,74,4266,mm10
ACTTCCGTCCGAGGCT-1,12650,76,hg19
ACTTCCGTCGTGACTA-1,2980,8,hg19
ACTTCCGTCTCACGAA-1,3536,35,hg19
ACTTCCGTCTGGAGAG-1,6970,43,hg19
ACTTCGCAGCCGCTTG-1,10732,51,hg19
ACTTCGCAGTATCTGC-1,5394,50,hg19
ACTTCGCCACAGTGAG-1,1531,16,hg19
ACTTTCAAGGCCACTC-1,198,1847,mm10
ACTTTCATCCTCGCAT-1,63,9383,mm10
ACTTTCATCGAGAAAT-1,8241,55,hg19
ACTTTGTAGAGGCCAT-1,1983,21,hg19
ACTTTGTTCCGGACGT-1,4351,33,hg19
AGAAATGCAACAAGAT-1,14670,65,hg19
AGAAATGCAACGACTT-1,3575,54,hg19
AGAAATGCAGCATCTA-1,1296,22,hg19
AGAAATGGTATGGGAC-1,8616,52,hg19
AGAAATGTCACATCAG-1,3705,51,hg19
AGAAATGTCAGCTTCC-1,528,18,hg19
AGAAATGTCATGAGAA-1,7183,49,hg19
AGAAATGTCGTAGCCG-1,26007,74,hg19
AGAACAAAGCGAGTAC-1,984,63,hg19
AGAACAAAGGATTTGA-1,27,3692,mm10
AGAACAACAACCGTAT-1,125,7086,mm10
AGAACAACACAATGCT-1,4250,47,hg19
AGAACAATCCATTCGC-1,843,29,hg19
AGAACCTCAATAACGA-1,10070,56,hg19
AGAACCTCAGGTCCGT-1,3597,38,hg19
AGAACCTCATTCTCTA-1,102,27520,mm10
AGAACCTGTACCTTCC-1,4729,45,hg19
AGAACCTGTGTAAACA-1,3726,28,hg19
AGAACCTGTTTACCAG-1,8712,40,hg19
AGAACCTTCGCTAAAC-1,1227,25,hg19
AGAACCTTCGTACACA-1,172,10742,mm10
AGAAGCGCATAATGCC-1,5195,58,hg19
AGAAGCGCATCTTAGG-1,1207,32,hg19
AGAAGCGGTGTCGCTG-1,3301,13,hg19
AGAAGCGTCATGCGGC-1,2193,24,hg19
AGAAGTAAGGATTTCC-1,3632,24,hg19
AGAAGTAAGTTAGTAG-1,8385,37,hg19
AGAAGTAGTGGTATGG-1,16158,48,hg19
AGAAGTATCACCCTTG-1,76,691,mm10
AGACAAACAGTGTGGA-1,22826,72,hg19
AGACAAATCTAGAGCT-1,4068,47,hg19
AGACAAATCTCTTCAA-1,5794,38,hg19
AGACAAATCTGGGATT-1,4966,29,hg19
AGACACTAGTCTTCCC-1,3868,25,hg19
AGACACTAGTTACTCG-1,2316,52,hg19
AGACACTGTAACTTCG-1,5581,50,hg19
AGACACTGTACGGCAA-1,3216,38,hg19
AGACACTGTAGTCTTG-1,5206,32,hg19
AGACACTTCCTAAACG-1,3879,37,hg19
AGACACTTCGGCGATC-1,4413,38,hg19
AGACAGGAGGGTCTTT-1,4119,29,hg19
AGACAGGGTTATGGTC-1,2557,21,hg19
AGACAGGTCTGCTAGA-1,882,26,hg19
AGACCATCAAGTAGTA-1,3097,67,hg19
AGACCATCAGATACTC-1,1810,17,hg19
AGACCATGTATCGAAA-1,3250,27,hg19
AGACCCGAGGTCGTGA-1,610,8,hg19
AGACCCGCAAGACGGT-1,18253,55,hg19
AGACCCGCACGCTGAC-1,2789,390,hg19
AGACCCGGTTCTCTAT-1,10470,54,hg19
AGACTCAAGACCATAA-1,18717,106,hg19
AGACTCAGTAGCGTTT-1,2419,39,hg19
AGACTCAGTGCGTCGT-1,80,7551,mm10
AGACTCATCACAACCA-1,3031,34,hg19
AGACTCATCCCATAGA-1,2818,26,hg19
AGAGAATCACCGTCGA-1,64,16565,mm10
AGAGAATCATCGGCCA-1,25917,96,hg19
AGAGAATGTACAGAAT-1,2115,27,hg19
AGAGAATGTCTGTAGT-1,1594,22,hg19
AGAGAATGTTCCTAAG-1,3080,17,hg19
AGAGAATGTTCTCAGA-1,3738,21,hg19
AGAGAATTCATCGGGC-1,873,14,hg19
AGAGAATTCCACGAAT-1,35,3840,mm10
AGAGAATTCCACGTCT-1,14180,85,hg19
AGAGAGCAGATCGGTG-1,725,30,hg19
AGAGAGCCAATGCAGG-1,805,20,hg19
AGAGAGCCATACAGCT-1,4426,111,hg19
AGAGAGCGTCAACGCC-1,2269,10,hg19
AGAGAGCGTGGTTTAC-1,2522,24,hg19
AGAGAGCGTTCCAAAC-1,6094,31,hg19
AGAGCAGAGGTGAGCT-1,8307,36,hg19
AGAGCAGCAATAACGA-1,1087,40,hg19
AGAGCAGCACCAGCGT-1,10872,61,hg19
AGAGCAGTCCGCGAGT-1,1945,50,hg19
AGAGCCCGTAAGACCG-1,10778,23,hg19
AGAGCCCGTGGATGAC-1,3532,27,hg19
AGATAGAAGTCCCAGC-1,2043,24,hg19
AGATAGAAGTGGAAGA-1,13213,55,hg19
AGATAGACAATTTCTC-1,2649,33,hg19
AGATAGAGTAGGATAT-1,1454,34,hg19
AGATAGAGTTAGGCCC-1,4645,37,hg19
AGATAGATCACGAGGA-1,16533,54,hg19
AGATAGATCCTAGCCT-1,233,789,mm10
AGATCCAAGAATTGCA-1,1490,28,hg19
AGATCCAAGCAGTCTT-1,704,8,hg19
AGATCCAAGTGGACGT-1,1797,13,hg19
AGATCCACACGCTTAA-1,3365,38,hg19
AGATCCAGTCTTTCAT-1,8386,49,hg19
AGATCCATCCCTGTTG-1,3493,72,hg19
AGATCCATCGGTAAGG-1,981,3555,mm10
AGATCCATCGGTCTGG-1,16226,55,hg19
AGATCGTAGCCGTAAG-1,5795,20,hg19
AGATCGTAGCGCACAA-1,1871,16,hg19
AGATCGTAGCGGTAAC-1,7539,37,hg19
AGATCGTCACAACGAG-1,8319,39,hg19
AGATCGTGTGGAACCA-1,2299,17,hg19
AGATCGTGTGGTATGG-1,8637,38,hg19
AGATCGTGTTCTCAGA-1,3692,20,hg19
AGATGAAAGCGACATG-1,10746,55,hg19
AGATGAAGTGCATTAC-1,5365,28,hg19
AGATGAATCTAGTTCT-1,2149,21,hg19
AGATGCTAGAAGTCAT-1,5789,39,hg19
AGATGCTCAAACGAGC-1,45,9015,mm10
AGATGCTCAAGCTCTA-1,4141,36,hg19
AGATGCTTCCATGATG-1,2634,24,hg19
AGATGCTTCGGATACT-1,4497,45,hg19
AGCATCAAGAGCCTGA-1,14789,69,hg19
AGCATCACAGTTTGGT-1,7242,69,hg19
AGCATCAGTAACATAG-1,297,17213,mm10
AGCATCAGTTCTCCCA-1,9289,58,hg19
AGCATCATCCGTGGTG-1,6900,36,hg19
AGCCAATAGGAACTAT-1,2006,23,hg19
AGCCAATAGTAGCATA-1,823,95,hg19
AGCCAATGTAGATCCT-1,6607,43,hg19
AGCCAATGTCGCTTGG-1,41,11113,mm10
AGCCAATGTTTCGTTT-1,2045,32,hg19
AGCCAATTCAACCGAT-1,5181,38,hg19
AGCCAATTCGCGTCGA-1,16778,38,hg19
AGCCACGCACAGCGCT-1,3147,23,hg19
AGCCACGCAGTTCCAA-1,2213,45,hg19
AGCCAGCAGGCGAACT-1,6184,553,hg19
AGCCAGCCACCTGCGA-1,3449,2908,Multiplet
AGCCAGCCATAACAGA-1,2529,39,hg19
AGCCAGCCATGAAAGT-1,2144,29,hg19
AGCCAGCCATTGAAAG-1,1517,8004,Multiplet
AGCCAGCTCTCCGTGT-1,3016,24,hg19
AGCGATTAGCGACTGA-1,2995,21,hg19
AGCGATTGTCGTATGT-1,4239,46,hg19
AGCGATTTCAAGTGTC-1,1008,19,hg19
AGCGCCAAGCGAACTG-1,4179,25,hg19
AGCGCCAAGTAATCCC-1,3171,20,hg19
AGCGCCAAGTGCAGCA-1,4004,22,hg19
AGCGCCACACTAGTAC-1,2538,38,hg19
AGCGCCACACTTCTCG-1,460,19188,mm10
AGCGCCATCACGTAGT-1,6671,32,hg19
AGCGCTGAGAGCCGTA-1,9197,47,hg19
AGCGCTGCAAGAGGTC-1,3586,22,hg19
AGCGCTGCAGCCGGTT-1,11444,50,hg19
AGCGCTGCATGACAAA-1,1332,78,hg19
AGCGCTGGTCCGGTCA-1,7876,41,hg19
AGCGTATAGACATCAA-1,6328,39,hg19
AGCGTATGTATGGAGC-1,2859,24,hg19
AGCGTATGTCTAACGT-1,1286,13,hg19
AGCGTATGTTACCTGA-1,5555,30,hg19
AGCGTATGTTCAAAGA-1,4757,33,hg19
AGCGTATGTTTAGACC-1,1326,18,hg19
AGCGTATTCAAACTGC-1,62,13700,mm10
AGCGTATTCTGTCCCA-1,3353,34,hg19
AGCGTCGAGTTCACTG-1,2389,11,hg19
AGCGTCGCAACTTGCA-1,5777,22,hg19
AGCGTCGCACAAATAG-1,977,3205,mm10
AGCGTCGTCAAATGCC-1,5106,22,hg19
AGCGTCGTCTCAACGA-1,2217,7,hg19
AGCTACACAATCCTAG-1,2496,28,hg19
AGCTACAGTCCCGGTA-1,547,22313,mm10
AGCTACAGTCGACGCT-1,19304,38,hg19
AGCTACATCTCTCTTC-1,2067,1607,hg19
AGCTCAAAGCTCCCTT-1,13702,77,hg19
AGCTCAAAGGTAGCCA-1,7737,31,hg19
AGCTCAACAAAGGTTA-1,10049,54,hg19
AGCTCAACAGATACTC-1,6987,52,hg19
AGCTCAACAGCCTACG-1,5297,33,hg19
AGCTCAAGTACAGAGC-1,5097,38,hg19
AGCTCAAGTTATGTGC-1,4051,20,hg19
AGCTCAATCATCGGGC-1,5735,44,hg19
AGCTCAATCTCGCTCA-1,7201,39,hg19
AGCTTCCCAAATGAAC-1,8062,50,hg19
AGCTTCCCAACGAGGT-1,4626,26,hg19
AGCTTCCGTTATAGCC-1,9947,40,hg19
AGGAAATAGGGCAGAG-1,3671,22,hg19
AGGAAATGTATGGAAT-1,6023,41,hg19
AGGAAATTCAACTTTC-1,5610,54,hg19
AGGAAATTCCAATCCC-1,2581,45,hg19
AGGAATAAGGAAAGGT-1,3372,36,hg19
AGGAATAGTACTAGCT-1,1103,13,hg19
AGGAATATCAAGGCTT-1,95,5895,mm10
AGGAATATCGGTGAAG-1,12031,49,hg19
AGGAATATCGTTGTTT-1,4226,60,hg19
AGGAATATCTGATGGT-1,39,3520,mm10
AGGACGAAGGCCACTC-1,57,1021,mm10
AGGACGAAGTGGCAGT-1,2337,14,hg19
AGGACGAAGTTGTCGT-1,1220,24,hg19
AGGACGACACTGCATA-1,9148,45,hg19
AGGACGACAGGACGAT-1,1197,11,hg19
AGGACGACAGGCATTT-1,110,6485,mm10
AGGACGAGTTGCCATA-1,5225,45,hg19
AGGACGAGTTGCTCAA-1,524,4107,mm10
AGGACGATCTTACGTT-1,2989,23,hg19
AGGACTTCAGGCAATG-1,9443,50,hg19
AGGACTTGTTACCTTT-1,3197,25,hg19
AGGACTTTCTACAGGT-1,2029,48324,Multiplet
AGGAGGTAGTGGATAT-1,3199,16,hg19
AGGAGGTCAATAGTAG-1,1708,23,hg19
AGGAGGTGTTTGTTGG-1,11666,53,hg19
AGGAGGTTCATAGACC-1,7653,34,hg19
AGGAGGTTCCAAGCCG-1,3826,31,hg19
AGGAGGTTCGGAATGG-1,1064,21,hg19
AGGATAAAGGATATGT-1,49,8006,mm10
AGGATAACAATGGCAG-1,117,7457,mm10
AGGATAACAGGCACAA-1,11397,79,hg19
AGGATAAGTAGCTGAG-1,118,596,mm10
AGGATAAGTCGACTGC-1,90,9851,mm10
AGGATAATCATGCAGT-1,4878,50,hg19
AGGATCTAGTTCCATG-1,4017,33,hg19
AGGATCTCATCCAACA-1,6639,38,hg19
AGGATCTCATGGACAG-1,59,2457,mm10
AGGATCTGTAAGTAGT-1,5763,27,hg19
AGGATCTGTATTTCGG-1,4270,52,hg19
AGGATCTTCGTTACCC-1,34,3918,mm10
AGGCATTCAAGTGGGT-1,40,2918,mm10
AGGCATTGTACAATAG-1,4712,33,hg19
AGGCATTGTACACTCA-1,10947,58,hg19
AGGCATTTCCGGTTCT-1,1043,4833,mm10
AGGCATTTCGAACTCA-1,6574,42,hg19
AGGCCACAGCAATAGT-1,3260,132,hg19
AGGCCACAGGTAAGAG-1,4830,24,hg19
AGGCCACGTACCGGCT-1,3892,21,hg19
AGGCCACGTAGAGATT-1,47,3386,mm10
AGGCCACGTCTCCTGT-1,3254,48,hg19
AGGCCACTCACAAGAA-1,2419,23,hg19
AGGCCACTCCACAAGT-1,2759,42,hg19
AGGCCACTCGGTTGTA-1,3726,28,hg19
AGGCTGCAGGACATCG-1,3048,23,hg19
AGGCTGCAGGTCATCT-1,194,78689,mm10
AGGCTGCCACATCCCT-1,4384,29,hg19
AGGCTGCCAGCAAGAC-1,5269,27,hg19
AGGCTGCGTCCACAGC-1,3767,31,hg19
AGGCTGCTCCTGGGAC-1,708,11,hg19
AGGCTGCTCCTTCTAA-1,845,19,hg19
AGGGAGTAGCTTGTTG-1,3450,15,hg19
AGGGAGTCATCTCAAG-1,5768,32,hg19
AGGGAGTGTATGACAA-1,61,1903,mm10
AGGGAGTGTGCAATGG-1,53,1428,mm10
AGGGAGTGTGTTACAC-1,1233,48,hg19
AGGGAGTGTTCAAGGG-1,939,13,hg19
AGGGAGTGTTGACTGT-1,27,5117,mm10
AGGGAGTTCCCAGGAC-1,4198,53,hg19
AGGGAGTTCGCTTTAT-1,3529,41,hg19
AGGGCCTCAAGTATCC-1,246,687,mm10
AGGGCCTGTCTCAGAT-1,4416,39,hg19
AGGGCCTGTGACTGTT-1,5418,25,hg19
AGGGCCTGTGGAACAC-1,178,3730,mm10
AGGGCCTGTTCGAGCC-1,55,530,mm10
AGGGCCTTCCATCGTC-1,1241,25,hg19
AGGGCCTTCCGCGGAT-1,19055,84,hg19
AGGGCTCAGCACTCAT-1,2639,40,hg19
AGGGCTCAGGCGCTTC-1,1860,28,hg19
AGGGCTCAGGTTAAAC-1,14072,63,hg19
AGGGCTCGTGGTCTAT-1,18671,84,hg19
AGGGCTCTCAATCCAG-1,2122,19,hg19
AGGGTCCAGGTCTACT-1,5273,31,hg19
AGGGTCCAGTATTAGG-1,4212,26,hg19
AGGGTCCCAGACGATG-1,17163,68,hg19
AGGGTCCCATGCCGGT-1,15983,75,hg19
AGGGTCCCATGTCGTA-1,10781,67,hg19
AGGGTCCTCGAGCACC-1,2057,26,hg19
AGGGTGAAGCTCATAC-1,202,9638,mm10
AGGGTGAAGTTCACTG-1,11376,50,hg19
AGGGTGACACAACGTT-1,5724,25,hg19
AGGGTGAGTCACCACG-1,1474,20,hg19
AGGGTTTAGCTGGCCT-1,9335,37,hg19
AGGGTTTAGGACAGCT-1,4715,25,hg19
AGGGTTTAGGCACTCC-1,9162,51,hg19
AGGGTTTAGGTACTGG-1,9943,51,hg19
AGGGTTTAGTGGTTGG-1,140,6377,mm10
AGGGTTTGTCACTTAG-1,2259,58,hg19
AGGGTTTGTTACGATC-1,3202,368,hg19
AGGTAGGAGCCGTTGC-1,36,4440,mm10
AGGTAGGAGGATATAC-1,4701,43,hg19
AGGTAGGCAAGATCCT-1,3189,35,hg19
AGGTAGGGTAATTAGG-1,5274,30,hg19
AGGTAGGGTATGGTAA-1,6219,36,hg19
AGGTAGGGTGTCATTG-1,5951,44,hg19
AGGTAGGTCTTGATTC-1,118,534,mm10
AGGTCATAGGCTGTAG-1,4729,32,hg19
AGGTCATAGTCACGCC-1,2227,22,hg19
AGGTCATCATGAGAAT-1,2053,27,hg19
AGGTCATGTGAGCCAA-1,9883,35,hg19
AGGTCTAAGTCTGCAT-1,2126,21,hg19
AGGTCTACACTATCCC-1,10235,52,hg19
AGGTCTACAGTGGGTA-1,36,1947,mm10
AGGTCTAGTAGAATGT-1,1511,11,hg19
AGGTCTAGTTGCGGAA-1,3062,45,hg19
AGGTCTATCACCGGTG-1,1594,21,hg19
AGGTCTATCATCTGTT-1,9286,50,hg19
AGGTCTATCGGTTGTA-1,547,16,hg19
AGGTGTTAGAGTGAAG-1,9545,41,hg19
AGGTGTTGTCAAAGCG-1,12013,52,hg19
AGGTGTTGTGTTCCAA-1,916,25,hg19
AGGTTACAGAGAACCC-1,6699,49,hg19
AGGTTACAGCAGGGAG-1,15753,57,hg19
AGGTTACAGCCGTAAG-1,2288,17,hg19
AGGTTACAGTAACGAT-1,1514,25,hg19
AGGTTACAGTAGGTTA-1,5010,38,hg19
AGGTTACGTTTGTTGG-1,4556,37,hg19
AGGTTACTCCGTGTCT-1,16214,42,hg19
AGGTTACTCGGCTTGG-1,942,22,hg19
AGGTTGTGTTAGAGTA-1,2327,15,hg19
AGGTTGTGTTGGGATG-1,608,26,hg19
AGGTTGTTCCAAAGGG-1,1120,19,hg19
AGGTTGTTCGATGCTA-1,177,8173,mm10
AGTAACCCACGAGAAC-1,74,15852,mm10
AGTAACCGTACTGTTG-1,42,12914,mm10
AGTACCATCGCTACAA-1,5413,40,hg19
AGTACCATCGTCCTTG-1,885,22,hg19
AGTACCATCTTCCACG-1,4351,35,hg19
AGTACTGGTCCAATCA-1,6375,40,hg19
AGTACTGGTTGCCGCA-1,6220,26,hg19
AGTACTGTCTCCCTAG-1,517,99,hg19
AGTAGTCAGATGCTAA-1,4164,32,hg19
AGTAGTCAGCCAACCC-1,3646,28,hg19
AGTAGTCAGTACAGAT-1,2060,20,hg19
AGTAGTCAGTGGACGT-1,1924,30,hg19
AGTAGTCCATCTAGAC-1,70,8773,mm10
AGTAGTCGTATGGAGC-1,11716,85,hg19
AGTAGTCTCATTTGCT-1,8907,118,hg19
AGTCAACTCAGCAATC-1,2562,25,hg19
AGTCAACTCAGCTAGT-1,1998,14,hg19
AGTCAACTCATTACCT-1,6383,29,hg19
AGTCAACTCCACTTTA-1,6487,115,hg19
AGTCAACTCGCTTGCT-1,5888,34,hg19
AGTCAACTCTCTATAC-1,1352,17,hg19
AGTCACAAGACATAAC-1,1015,20,hg19
AGTCACAAGGGTTAAT-1,7813,49,hg19
AGTCACAGTATCGCAT-1,901,27,hg19
AGTCATGAGTACTCGT-1,294,15551,mm10
AGTCATGCAGCAGACA-1,13160,52,hg19
AGTCATGTCATCGTAG-1,2924,21,hg19
AGTCATGTCATTACCT-1,121,7546,mm10
AGTCTCCAGAAACCCG-1,1805,21,hg19
AGTCTCCAGAAGTGTT-1,2287,25,hg19
AGTCTCCAGCGGGTTA-1,8394,138,hg19
AGTCTCCCACATGACT-1,183,6212,mm10
AGTCTCCCAGTGGCTC-1,6333,43,hg19
AGTGACTAGATCCTAC-1,8641,37,hg19
AGTGACTGTCGTTGCG-1,4095,161,hg19
AGTGACTGTGCGTTTA-1,3460,81,hg19
AGTGACTGTTACCGTA-1,3483,51,hg19
AGTGACTTCGCTGACG-1,2030,24,hg19
AGTGATCAGAGAGGGC-1,2713,26,hg19
AGTGATCAGATCACTC-1,6446,35,hg19
AGTGATCAGGAACGCT-1,9038,49,hg19
AGTGATCAGGTCTGGA-1,3448,26,hg19
AGTGATCCATCCGTTC-1,2442,20,hg19
AGTGATCGTCGATGCC-1,4888,40,hg19
AGTGATCTCGCCCAGA-1,7206,35,hg19
AGTGCCGAGGAACATT-1,2920,22,hg19
AGTGCCGAGTCGAGGT-1,1819,17,hg19
AGTGCCGGTCACATTG-1,166,42429,mm10
AGTGCCGGTCGATTCA-1,3067,73,hg19
AGTGTTGAGAAGCGCT-1,4567,31,hg19
AGTGTTGAGAATTTGG-1,9143,40,hg19
AGTGTTGAGTCACTGT-1,1648,22,hg19
AGTGTTGCAGGATGAC-1,1665,18,hg19
AGTGTTGGTACTCGCG-1,854,28,hg19
AGTGTTGGTTACGCCG-1,2486,13,hg19
AGTGTTGTCAAAGAAC-1,680,16,hg19
AGTGTTGTCTTGATTC-1,1214,13,hg19
AGTTAGCGTCAATGGG-1,1252,18,hg19
AGTTAGCGTCCTTGTC-1,11400,40,hg19
AGTTCCCAGGGTGGGA-1,794,24,hg19
AGTTCCCCAATCTGCA-1,4454,29,hg19
AGTTCCCGTCAACGCC-1,49868,134,hg19
AGTTCCCGTCCATCTC-1,6207,41,hg19
AGTTCCCGTTCTGAGT-1,2231,24,hg19
AGTTCCCGTTGTGCAT-1,1276,15,hg19
AGTTCGATCATGCATG-1,4603,32,hg19
AGTTCGATCTCCTGAC-1,9047,43,hg19
ATACCGAAGACCGCCT-1,1753,18,hg19
ATACCGAAGTGGAAGA-1,117,8647,mm10
ATACCGAGTGCTAGCC-1,8724,56,hg19
ATACCTTCACGCTGAC-1,2626,48,hg19
ATACCTTGTTCGGGTC-1,2400,23,hg19
ATACTTCAGCTGACAG-1,7239,55,hg19
ATAGACCAGCGCGTTC-1,2087,26,hg19
ATAGACCCAAGCACAG-1,7420,127,hg19
ATAGACCCACAATGTC-1,58,5779,mm10
ATAGACCCATCTAGAC-1,132,7542,mm10
ATAGACCTCCGCAGTG-1,2906,22,hg19
ATAGACCTCGTCCATC-1,2758,23,hg19
ATAGAGAAGCTGGAGT-1,7805,45,hg19
ATAGAGATCTAGGCAT-1,2153,33,hg19
ATAGAGATCTTGGTCC-1,9960,52,hg19
ATAGGCTCACGGCACT-1,5008,44,hg19
ATAGGCTCAGGCGAAT-1,92,6671,mm10
ATAGGCTTCAGATGCT-1,3209,18,hg19
ATATCCTAGACATGCG-1,2994,13,hg19
ATATCCTAGACCAAGC-1,91,14603,mm10
ATATCCTAGAGTTGAT-1,1671,36,hg19
ATATCCTAGCGGGTAT-1,1603,26,hg19
ATATCCTCATATCTCT-1,8382,64,hg19
ATATCCTCATGCGGTC-1,1843,15,hg19
ATATCCTGTATCGCAT-1,12106,69,hg19
ATATCCTGTTTCCCAC-1,3127,18,hg19
ATCACAGAGCACGTCC-1,1143,19,hg19
ATCACAGCACACAGCC-1,665,212,hg19
ATCACAGCAGTTTCAG-1,5896,89,hg19
ATCACAGTCGATACGT-1,3965,36,hg19
ATCACGAAGAGTGTTA-1,2454,22,hg19
ATCACGAAGTAGGAAG-1,3820,26,hg19
ATCACGAGTCAGACTT-1,3295,43,hg19
ATCACGATCATACGAC-1,4320,42,hg19
ATCACGATCATTATCC-1,30418,136,hg19
ATCACGATCGAAATCC-1,9330,84,hg19
ATCACGATCGATACAC-1,129,3844,mm10
ATCACTTAGATAGTCA-1,6397,28,hg19
ATCACTTAGCGAATGC-1,1947,16,hg19
ATCACTTAGGTTCAGG-1,159,10968,mm10
ATCACTTCAGTCGAGA-1,8607,37,hg19
ATCACTTGTGTGAATA-1,7400,55,hg19
ATCACTTTCCCTCTTT-1,59,8811,mm10
ATCAGGTAGTGAGTTA-1,4072,31,hg19
ATCAGGTCAACAGAGC-1,3548,26,hg19
ATCAGGTCAACTTGGT-1,123,7254,mm10
ATCAGGTCAAGACGGT-1,905,17,hg19
ATCAGGTCAGCACGAA-1,4162,53,hg19
ATCAGGTCATAGCTGT-1,5681,51,hg19
ATCAGGTGTCCTTTGC-1,25048,59,hg19
ATCAGGTTCAGATTGC-1,21075,1537,hg19
ATCATTCCAACACGAG-1,561,18,hg19
ATCATTCGTATGTCTG-1,5179,31,hg19
ATCATTCGTCCATCTC-1,2820,132,hg19
ATCATTCTCGCAGAGA-1,4798,47,hg19
ATCATTCTCTTGGCTC-1,3855,26,hg19
ATCCACCTCATTTCCA-1,2037,48,hg19
ATCCATTAGACTACGG-1,12433,55,hg19
ATCCATTAGAGTCTGG-1,114,6807,mm10
ATCCATTAGTCATGGG-1,803,14,hg19
ATCCATTCAACTAGAA-1,14216,37,hg19
ATCCATTCAGAGTTCT-1,16158,88,hg19
ATCCATTCAGGTCAAG-1,5246,35,hg19
ATCCATTGTTTGAAAG-1,14496,53,hg19
ATCCATTTCGGTTGTA-1,79,954,mm10
ATCCCTGCAATGTGGG-1,1374,28,hg19
ATCCCTGCACAATGTC-1,8841,90,hg19
ATCCCTGCATGCCGCA-1,8912,47,hg19
ATCCCTGGTACCGGCT-1,5062,25,hg19
ATCCCTGGTCCGGTGT-1,9217,114,hg19
ATCCCTGGTGTCATTG-1,7400,35,hg19
ATCCCTGGTTCATCGA-1,723,22,hg19
ATCCCTGTCCGATAAC-1,6696,50,hg19
ATCCCTGTCTACTATC-1,2278,26,hg19
ATCCCTGTCTAGGCAT-1,6707,42,hg19
ATCCGTCAGGGAGTTC-1,4114,28,hg19
ATCCGTCCACCGTCTT-1,4090,13612,Multiplet
ATCCGTCGTTTCTTAC-1,67,10458,mm10
ATCCTATAGTATGACA-1,7933,57,hg19
ATCCTATCAAGATGGC-1,6212,25,hg19
ATCCTATCACCCAACG-1,187,8096,mm10
ATCCTATGTACCGGCT-1,1894,47,hg19
ATCCTATGTTCTGAGT-1,68,19016,mm10
ATCGATGCAAGACCGA-1,12112,57,hg19
ATCGATGCAAGAGATT-1,9169,27,hg19
ATCGATGCATGGCACC-1,3248,19,hg19
ATCGATGTCAGTCAGT-1,1862,22,hg19
ATCGATGTCTAGGCAT-1,3114,43,hg19
ATCGCCTCATCGTTCC-1,12719,89,hg19
ATCGCCTGTTCCACGG-1,10306,39,hg19
ATCGCCTTCCACCTCA-1,234,11733,mm10
ATCGCCTTCGTGCAGC-1,4739,31,hg19
ATCGCCTTCTCATGGA-1,12672,67,hg19
ATCGGATCACGATAGG-1,2320,24,hg19
ATCGGATCAGCCCAGT-1,6336,21,hg19
ATCGGATGTAGACAAT-1,8690,48,hg19
ATCGGATGTAGATCGG-1,7153,44,hg19
ATCGGATGTGGTCCCA-1,3496,27,hg19
ATCGGATTCAAATGAG-1,26186,164,hg19
ATCGGATTCATTACGG-1,8020,50,hg19
ATCGGATTCTAATTCC-1,830,19,hg19
ATCGGCGAGTAAGACT-1,1050,14,hg19
ATCGGCGAGTAATCCC-1,2849,20,hg19
ATCGGCGCACACCTGG-1,1677,34,hg19
ATCGGCGGTAAGTCAA-1,849,35,hg19
ATCGGCGGTATCACCA-1,22374,70,hg19
ATCGGCGTCGCGGTAC-1,63,8491,mm10
ATCGTAGAGCGCAATG-1,36,4195,mm10
ATCGTAGAGTCATACC-1,7163,45,hg19
ATCGTAGCATGACTAC-1,24,4470,mm10
ATCGTAGTCATAGACC-1,110,2292,mm10
ATCGTAGTCCCGTAAA-1,6189,38,hg19
ATCGTCCAGACGACTG-1,1588,14,hg19
ATCGTCCAGATCCGAG-1,5198,22,hg19
ATCGTCCAGTGGTCAG-1,2567,28,hg19
ATCGTCCCAACCCGCA-1,79,2956,mm10
ATCGTCCCACATATGC-1,5999,33,hg19
ATCGTCCCATTCCTAT-1,4242,48,hg19
ATCGTCCGTTCGAAGG-1,2693,18,hg19
ATCGTCCGTTCGGACC-1,2168,31,hg19
ATCGTCCGTTGACTGT-1,3481,20,hg19
ATCGTCCGTTTAAGGA-1,3372,33,hg19
ATCGTCCTCTACACAG-1,8201,39,hg19
ATCGTCCTCTTTCTAG-1,5361,32,hg19
ATCGTGAAGATGCAGC-1,126,53571,mm10
ATCGTGAAGCTCTGTA-1,2953,22,hg19
ATCGTGAAGGTGATAT-1,689,19,hg19
ATCGTGACAGACACCC-1,152,10933,mm10
ATCGTGACATTGTAGC-1,4829,24,hg19
ATCGTGACATTGTCGA-1,3086,25,hg19
ATCGTGAGTGGTCTAT-1,3684,40,hg19
ATCTCTAAGAGAGAAC-1,5808,37,hg19
ATCTCTAAGCTCTATG-1,4518,55,hg19
ATCTCTAGTCGCCTAG-1,8443,36,hg19
ATCTCTATCACCATGA-1,681,22,hg19
ATCTCTATCCAAGCCG-1,52,10178,mm10
ATCTCTATCCACAAGT-1,3058,38,hg19
ATCTCTATCGTTCTGC-1,29964,114,hg19
ATCTCTATCTCCATAT-1,10268,84,hg19
ATCTTCAAGCATGAAT-1,3421,33,hg19
ATCTTCAAGGGAGATA-1,1504,16,hg19
ATCTTCACAAGTGGCA-1,4784,18,hg19
ATCTTCAGTGTGACCC-1,1971,43,hg19
ATCTTCATCCTCAGGG-1,2613,27,hg19
ATCTTCATCGTTGCCT-1,6878,52,hg19
ATGAAAGAGCCGTCGT-1,6769,31,hg19
ATGAAAGCAAACAGGC-1,103,4674,mm10
ATGAAAGCAGGTAGTG-1,6153,64,hg19
ATGAAAGCAGTCGCTG-1,4100,28,hg19
ATGAAAGGTTTACTTC-1,8095,47,hg19
ATGAAAGTCAGATTGC-1,2290,15,hg19
ATGAAAGTCATGAGTC-1,121,7497,mm10
ATGAAAGTCGAGTTGT-1,7159,40,hg19
ATGAAAGTCTAGCCTC-1,1541,21,hg19
ATGACCAAGAGAGAAC-1,704,113,hg19
ATGACCACAACTGCTA-1,2771,48,hg19
ATGACCACAAGATTGA-1,1851,4161,Multiplet
ATGACCACAGAGATGC-1,101,5764,mm10
ATGACCAGTATCGAAA-1,4989,41,hg19
ATGACCATCCTGTAGA-1,9520,38,hg19
ATGAGGGAGCTTAGTC-1,179,952,mm10
ATGAGGGAGGTAAGGA-1,4844,34,hg19
ATGAGGGGTCAGTTTG-1,1887,19,hg19
ATGAGGGGTGCCGGTT-1,1522,27,hg19
ATGAGGGTCATTGTGG-1,4354,74,hg19
ATGAGTCAGCACTCCG-1,9458,65,hg19
ATGAGTCCATCCCACT-1,5089,41,hg19
ATGAGTCTCAAGCGTT-1,687,18,hg19
ATGATCGAGCGGGTAT-1,18537,46,hg19
ATGATCGAGGCTTTCA-1,4187,26,hg19
ATGATCGCACGACGCT-1,9574,76,hg19
ATGATCGGTACAGAAT-1,4154,45,hg19
ATGATCGGTGCAACGA-1,209,14905,mm10
ATGATCGGTTGTATGC-1,2110,24,hg19
ATGATCGTCCAATGCA-1,662,30,hg19
ATGATCGTCCCATAAG-1,1723,23,hg19
ATGCATGAGTCACTGT-1,1748,22,hg19
ATGCATGAGTCTTGGT-1,2990,28,hg19
ATGCATGTCACTTATC-1,8914,45,hg19
ATGCATGTCTGAGTCA-1,7339,47,hg19
ATGCCTCAGAGAGCGG-1,2271,21,hg19
ATGCCTCAGCCGGAAT-1,16033,47,hg19
ATGCCTCCAAACGAGC-1,1847,24,hg19
ATGCCTCCAACACTAC-1,4544,184,hg19
ATGCCTCCAGCTATTG-1,7947,50,hg19
ATGCCTCGTTAACAGA-1,4618,31,hg19
ATGCCTCTCAACGAGG-1,4728,40,hg19
ATGCGATAGTGATAAC-1,1518,21,hg19
ATGCGATCAGTACTAC-1,11547,48,hg19
ATGCGATGTGTGAGCA-1,8847,71,hg19
ATGGAGGAGCACGATG-1,3222,14,hg19
ATGGAGGGTACGGATG-1,2365,27,hg19
ATGGATCAGCATCCCG-1,3140,28,hg19
ATGGATCCAAGAGCTG-1,1943,35,hg19
ATGGATCCAGCGACAA-1,10559,57,hg19
ATGGATCGTAAGGAGA-1,3083,17,hg19
ATGGATCGTCCTCCAT-1,11577,45,hg19
ATGGATCTCCTTGGAA-1,65,3054,mm10
ATGGGAGAGCCGTTGC-1,873,18,hg19
ATGGGAGGTACGACTT-1,2389,17,hg19
ATGGGAGGTGACTGTT-1,2020,25,hg19
ATGGGAGTCTTTCGAT-1,302,1062,mm10
ATGGGTTGTAGTGTGG-1,96,5721,mm10
ATGGGTTTCAACCGAT-1,2754,30,hg19
ATGGGTTTCGCTACAA-1,56,2141,mm10
ATGGTTGAGAGGGTAA-1,8528,60,hg19
ATGGTTGCAAATCCCA-1,2991,28,hg19
ATGGTTGCAACACGTT-1,5077,31,hg19
ATGGTTGGTGCGAGTA-1,1329,24,hg19
ATGGTTGTCTTCCGTG-1,2955,34,hg19
ATGTCCCCACAGGATG-1,5191,35,hg19
ATGTCCCCATGGGTTT-1,5450,49,hg19
ATGTCCCGTTACGGAG-1,6608,57,hg19
ATGTCCCTCGTGGAAG-1,4423,22,hg19
ATGTCTTAGTGACACG-1,1305,19,hg19
ATGTCTTCAAATGATG-1,5755,40,hg19
ATGTCTTGTAGATGTA-1,4082,62,hg19
ATGTCTTGTGTTTACG-1,625,14,hg19
ATGTCTTGTTCTCCTG-1,24,3776,mm10
ATGTCTTTCTTTCGAT-1,9543,61,hg19
ATTACCTCAAGTCATC-1,316,11592,mm10
ATTACCTCACACACGC-1,3340,36,hg19
ATTACCTCACCGCTGA-1,2292,77,hg19
ATTACCTGTACTCCGG-1,4608,44,hg19
ATTACCTGTAGAAACT-1,18205,90,hg19
ATTACCTGTAGATCGG-1,10141,28,hg19
ATTACCTGTATCAGCT-1,1745,39,hg19
ATTACCTTCCTTCACG-1,8281,64,hg19
ATTACTCGTCCTGTCT-1,14817,55,hg19
ATTACTCGTGGAAATT-1,4131,23,hg19
ATTACTCGTTGGGTTT-1,3767,29,hg19
ATTACTCTCATTACCT-1,6594,31,hg19
ATTACTCTCTGCTCTG-1,3167,37,hg19
ATTATCCCAACTCGTA-1,1264,24,hg19
ATTATCCCAGATTAAG-1,4662,62,hg19
ATTATCCGTTTACTGG-1,18719,87,hg19
ATTATCCTCCTATTGT-1,5810,38,hg19
ATTCACTAGCTCTGTA-1,1168,17,hg19
ATTCACTCAATTCGTG-1,15357,45,hg19
ATTCACTCACTGGACC-1,191,7297,mm10
ATTCACTCAGACATCT-1,5150,71,hg19
ATTCACTCATCCTTCG-1,5411,62,hg19
ATTCACTGTTTCGTAG-1,2804,21,hg19
ATTCACTTCTTCCGTG-1,11249,50,hg19
ATTCAGGAGCGGGTTA-1,2095,24,hg19
ATTCAGGCACAGAGCA-1,15013,67,hg19
ATTCAGGCACCCATAA-1,2558,41,hg19
ATTCAGGCAGGAATCG-1,3879,20,hg19
ATTCAGGGTATATGGA-1,1660,38,hg19
ATTCAGGGTGCGGCTT-1,4140,21,hg19
ATTCAGGGTGGCTACC-1,3788,79,hg19
ATTCATCCAAGGTTGG-1,12865,39,hg19
ATTCATCGTACAGCGA-1,45469,109,hg19
ATTCCATAGATTAGTG-1,28,2972,mm10
ATTCCATAGCCTCTTC-1,2725,55,hg19
ATTCCATAGGGATGTC-1,122,6826,mm10
ATTCCATCAGAGAGGG-1,4980,43,hg19
ATTCCATCAGGTCAAG-1,8115,54,hg19
ATTCCATGTACGTAGG-1,2866,17,hg19
ATTCCATGTGCAATAA-1,2584,32,hg19
ATTCCATGTGTGATGG-1,15294,86,hg19
ATTCCATTCAACCTTT-1,155,7109,mm10
ATTCCCGAGGAGAATG-1,7838,44,hg19
ATTCCCGAGGGCTAAC-1,145,9031,mm10
ATTCCCGAGTGGTTAA-1,6121,60,hg19
ATTCCCGCAACCACGC-1,1419,41,hg19
ATTCCCGCACAAGCAG-1,647,25,hg19
ATTCCCGCAGAAGCGT-1,3348,37,hg19
ATTCCCGCATTGACTG-1,5549,49,hg19
ATTCCCGGTATGGTTC-1,6606,57,hg19
ATTCCCGTCCGAGTGC-1,8496,82,hg19
ATTCCTAAGAGTGGCT-1,519,9,hg19
ATTCCTACATACTGAC-1,1421,48,hg19
ATTCCTAGTAGCTAAA-1,2732,53,hg19
ATTCCTAGTATGTCCA-1,3837,23,hg19
ATTCCTAGTTGGACTT-1,11068,46,hg19
ATTCCTATCAGACAAA-1,1720,41,hg19
ATTCCTATCCTTACCG-1,5219,41,hg19
ATTCCTATCTCAACGA-1,2799,27,hg19
ATTCGTTAGTCCCAGC-1,1885,20,hg19
ATTCGTTCAGGTATGG-1,28009,82,hg19
ATTCGTTGTAGGCTCC-1,2568,20,hg19
ATTCGTTGTGTTGAGG-1,2752,15,hg19
ATTCGTTGTTATGTCG-1,4788,35,hg19
ATTCGTTGTTTCACTT-1,2626,24,hg19
ATTCGTTTCGTCGATA-1,2058,21,hg19
ATTCTACGTTGTGTAC-1,77,18190,mm10
ATTCTACTCAGACATC-1,1805,23,hg19
ATTCTACTCCGCAAAT-1,57,14819,mm10
ATTCTTGAGACCTGGA-1,3035,23,hg19
ATTCTTGCAACCGGAA-1,7719,35,hg19
ATTCTTGCAAGCCATT-1,1771,29,hg19
ATTCTTGCAATAACCC-1,3609,36,hg19
ATTCTTGGTCTAGGTT-1,1848,15,hg19
ATTGGGTAGCACCGTC-1,1960,38,hg19
ATTGGGTAGTCTTCGA-1,748,15,hg19
ATTGGGTGTGTGTCCG-1,70,5999,mm10
ATTGGGTTCCTACGGG-1,9295,54,hg19
ATTGGGTTCGAGATAA-1,1855,33,hg19
ATTGGGTTCGTAACCA-1,2310,21,hg19
ATTGGGTTCTACACAG-1,78,17825,mm10
ATTGTTCCACAGAGAC-1,1817,36,hg19
ATTGTTCCAGCTTTGA-1,923,13,hg19
ATTGTTCGTCAATGGG-1,6649,53,hg19
ATTGTTCGTCACTGAT-1,4001,32,hg19
ATTGTTCGTGAGGAAA-1,11077,43,hg19
ATTGTTCGTTAGCTAC-1,1469,14,hg19
ATTGTTCTCGTTCTGC-1,163,12459,mm10
ATTTACCAGCTACTGT-1,3172,28,hg19
ATTTACCCAGCTACCG-1,496,19254,mm10
ATTTACCCATTGCTTT-1,64,19592,mm10
ATTTCACAGTGAGCCA-1,3981,38,hg19
ATTTCTGCAAGGCTTT-1,10006,76,hg19
ATTTCTGCAATTGGTC-1,10684,45,hg19
ATTTCTGGTATACCCA-1,4627,22,hg19
ATTTCTGTCACACCGG-1,3825,29,hg19
ATTTCTGTCCTACCAC-1,4242,31,hg19
CAAAGAACAATCCTAG-1,122,4532,mm10
CAAAGAACAGACCGCT-1,1220,30,hg19
CAAAGAACAGAGGTAC-1,5035,35,hg19
CAACAACGTGCGTTTA-1,10979,43,hg19
CAACAACGTGGCTGCT-1,2669,18,hg19
CAACAACTCCATATGG-1,6039,42,hg19
CAACAGTCAAATGGAT-1,1145,20,hg19
CAACAGTCAATACAGA-1,4605,49,hg19
CAACAGTTCCCTGGTT-1,1801,47,hg19
CAACAGTTCCTCAGGG-1,7591,12113,Multiplet
CAACAGTTCGCCACTT-1,10171,61,hg19
CAACCAAAGCAGCGAT-1,5930,90,hg19
CAACCAACAGGAATAT-1,139,5042,mm10
CAACCAACATCGCTCT-1,2198,34,hg19
CAACCTCAGGAGGCAG-1,4979,43,hg19
CAACCTCAGTCACAGG-1,6193,57,hg19
CAACCTCCATGTGCCG-1,5056,35,hg19
CAACCTCGTAGCTAAA-1,5822,39,hg19
CAACCTCGTGGCAGAT-1,29,9297,mm10
CAACCTCTCGTGAGAG-1,7956,42,hg19
CAACCTCTCTTCTTCC-1,6110,86,hg19
CAACGATAGTATGTAG-1,4533,38,hg19
CAACGATCAAGCCATT-1,1874,26,hg19
CAACGATCAAGTCATC-1,5153,45,hg19
CAACGATCATCCCGTT-1,8080,74,hg19
CAACGATGTAGAGACC-1,86,5603,mm10
CAACGATGTATCGGTT-1,2445,20,hg19
CAACGATGTTATAGCC-1,9609,65,hg19
CAACGATTCAATCTTC-1,22123,120,hg19
CAACGATTCTAGTGAC-1,2674,29,hg19
CAACGGCAGGAATTAC-1,658,43,hg19
CAACGGCAGGCTCTCG-1,1777,195,hg19
CAACGGCCAGTTTGGT-1,3514,29,hg19
CAACGGCGTGCGGCTT-1,4029,27,hg19
CAAGACTAGGAAGTGA-1,2189,15,hg19
CAAGACTAGTCATTGC-1,770,64,hg19
CAAGACTCAATCGAAA-1,1131,1054,hg19
CAAGACTCAGATCCAT-1,4403,96,hg19
CAAGACTGTCACAATC-1,3689,34,hg19
CAAGACTGTTTGTTCT-1,24478,69,hg19
CAAGACTTCCACAGGC-1,76,14550,mm10
CAAGAGGAGGTTCTAC-1,7117,334,hg19
CAAGGGACATAATGCC-1,4409,30,hg19
CAATACGAGGTGCTTT-1,5142,53,hg19
CAATACGAGTCTTCCC-1,5552,35,hg19
CAATACGCAGAGCGTA-1,3622,29,hg19
CAATACGGTGGTCTCG-1,11863,47,hg19
CAATACGGTTCAAAGA-1,2388,28,hg19
CAATCGAAGTGATTCC-1,5741,40,hg19
CAATCGATCTTCGGAA-1,4104,25,hg19
CAATGACAGAACCGCA-1,10276,74,hg19
CAATGACAGTTCCGTA-1,5157,33,hg19
CAATGACCACGACAGA-1,1756,32,hg19
CAATGACCAGTTACCA-1,142,5759,mm10
CAATGACGTCTTTATC-1,100,1543,mm10
CAATGACTCTCCTGAC-1,6852,85,hg19
CAATTTCAGGACACTG-1,4457,41,hg19
CAATTTCCAACTGCCG-1,978,22,hg19
CAATTTCCAGTCTTCC-1,7808,61,hg19
CAATTTCGTACTCCGG-1,14170,63,hg19
CACAACAAGATGTTAG-1,46,969,mm10
CACAACAAGCCTTTGA-1,10257,59,hg19
CACAACACAAGGTCTT-1,3384,39,hg19
CACAACACAAGTGGAC-1,17081,75,hg19
CACAACACAGATACTC-1,2556,41,hg19
CACAACAGTAAGCGGT-1,5239,38,hg19
CACAACAGTTGCGGAA-1,8727,55,hg19
CACAACAGTTTGGAGG-1,3432,45,hg19
CACAACATCGCTACGG-1,7666,42,hg19
CACACAAAGGACTAAT-1,2066,26,hg19
CACACAACAATAACGA-1,1168,29,hg19
CACACAATCAACCGAT-1,3255,34,hg19
CACACAATCCTCGCAT-1,2690,22,hg19
CACAGATAGACATCCT-1,2743,28,hg19
CACAGATAGGCCCAAA-1,5916,360,hg19
CACAGATCAGTCGGTC-1,8765,38,hg19
CACAGATCATAATCCG-1,1327,23,hg19
CACAGATTCCCAACTC-1,3953,32,hg19
CACAGATTCGACGCGT-1,441,2242,mm10
CACAGATTCTATCGCC-1,4193,37,hg19
CACAGGCAGCCGAATG-1,7732,59,hg19
CACAGGCTCCATGATG-1,3904,43,hg19
CACAGGCTCGGCTGTG-1,4259,49,hg19
CACATGAAGAAGTCTA-1,5798,36,hg19
CACATGAAGACATATG-1,3101,29,hg19
CACATGAAGAGTGTTA-1,7941,58,hg19
CACATGAAGCACACCC-1,1717,23,hg19
CACATGAGTGACTGTT-1,260,15413,mm10
CACATGATCAGGAACG-1,11187,133,hg19
CACATGATCGTGGGAA-1,76,5716,mm10
CACCAAAAGAGTCCGA-1,4308,36,hg19
CACCAAAAGATACCAA-1,5146,6796,Multiplet
CACCAAACACGCGGTT-1,3935,69,hg19
CACCAAAGTCCGTTTC-1,1313,39,hg19
CACCAAAGTGTTCCTC-1,5794,30,hg19
CACCAAATCAATCCAG-1,876,48,hg19
CACCGTTGTGAATGTA-1,9434,47,hg19
CACGAATAGACATAAC-1,1571,29,hg19
CACGAATGTAACCCTA-1,18914,114,hg19
CACGAATTCGAGTCCG-1,3986,30,hg19
CACGGGTTCCACAAGT-1,33513,104,hg19
CACGGGTTCGCCAACG-1,8494,49,hg19
CACGGGTTCGGCTATA-1,4966,30,hg19
CACGTGGAGCTTGTTG-1,6571,37,hg19
CACGTGGCACGACCTG-1,2362,25,hg19
CACGTGGGTACAAGCG-1,9249,35,hg19
CACGTGGGTCAGTCTA-1,3905,46659,Multiplet
CACGTGGGTGAATTGA-1,3245,88,hg19
CACGTGGTCACTGGTA-1,30,3778,mm10
CACGTGGTCGATCCAA-1,6792,44,hg19
CACGTTCAGTAGGAAG-1,1918,35,hg19
CACGTTCCAAGCTACT-1,9078,72,hg19
CACTAAGAGTAGGTTA-1,2668,16,hg19
CACTAAGGTAAGCAAT-1,11114,59,hg19
CACTGAAAGCGAGTAC-1,12430,43,hg19
CACTGAAGTAACAAGT-1,2197,49,hg19
CACTGAAGTATCACCA-1,60,7157,mm10
CACTGGGAGGTCTGGA-1,80,3247,mm10
CACTGGGCACGTACAT-1,7863,36,hg19
CACTGGGGTCAAAGTA-1,5962,32,hg19
CACTGTCCAGCTCATA-1,4115,52,hg19
CACTGTCGTCGCTCGA-1,9489,70,hg19
CACTGTCTCTCTGAGA-1,1511,21,hg19
CACTGTCTCTGTCCGT-1,4170,24,hg19
CACTTCGAGTCTCGTA-1,4883,49,hg19
CACTTCGCACTCCCTA-1,593,26,hg19
CACTTCGGTATCGCTA-1,3381,44,hg19
CACTTCGGTGATGGCA-1,40,8142,mm10
CACTTCGTCCTGTAAG-1,2993,16,hg19
CAGAGCCAGGCCGCTT-1,9006,46,hg19
CAGAGCCCAAATGCTC-1,5721,36,hg19
CAGAGCCGTGAGGAAA-1,1260,53,hg19
CAGAGCCTCTTGGTGA-1,3828,18,hg19
CAGATACAGTCATGCT-1,4988,83,hg19
CAGATACCACCGGAAA-1,61,827,mm10
CAGATACGTAGTAAGT-1,12635,96,hg19
CAGATACGTTATGGTC-1,4356,31,hg19
CAGATCAAGACATCCT-1,42,2417,mm10
CAGATCAAGTCACAGG-1,3212,25,hg19
CAGATCACAGGCGATA-1,230,3919,mm10
CAGATCACATGTAACC-1,7273,86,hg19
CAGATCAGTCTCGGAC-1,9305,47,hg19
CAGATCATCATTGCCC-1,8171,47,hg19
CAGATTGAGATTGGGC-1,5006,17,hg19
CAGATTGCATGAATCC-1,9973,96,hg19
CAGATTGGTTTAAGGA-1,91,5746,mm10
CAGATTGTCGACCACG-1,89,8743,mm10
CAGATTGTCGACTCCT-1,2076,34,hg19
CAGCAATAGTAACCGG-1,6882,28,hg19
CAGCAATCAAATACGA-1,3316,21,hg19
CAGCAATCAGGCTCTG-1,244,11548,mm10
CAGCAATGTAATTAGG-1,10327,101,hg19
CAGCAATGTATTCTCT-1,163,8412,mm10
CAGCAATGTTCTAACG-1,4481,22,hg19
CAGCAATTCTATACGG-1,21188,88,hg19
CAGCAATTCTCTGACC-1,14524,49,hg19
CAGCAATTCTGCTTAT-1,7424,38,hg19
CAGCACGAGAGAAGGT-1,1894,25,hg19
CAGCACGAGATGTTGA-1,6619,37,hg19
CAGCACGCAGTTCCAA-1,8830,56,hg19
CAGCACGGTATGTCCA-1,1731,19,hg19
CAGCACGGTTGCAACT-1,7997,57,hg19
CAGCAGCCAGAAACCG-1,54,4222,mm10
CAGCAGCCAGACGGAT-1,21000,78,hg19
CAGCAGCCAGCCGTTG-1,8608,44,hg19
CAGCAGCGTGCTTATG-1,14052,63,hg19
CAGCAGCGTTTGGGTT-1,3793,36,hg19
CAGCAGCTCTATCCAT-1,9376,48,hg19
CAGCCAGAGAAATTGC-1,12187,66,hg19
CAGCCAGAGCTAGAGC-1,12246,43,hg19
CAGCCAGCAAGTATCC-1,134,7643,mm10
CAGCCAGCACCTGCGA-1,5957,33,hg19
CAGCCAGTCACTGAAC-1,111,20712,mm10
CAGCGTGTCTCGCCTA-1,2339,19,hg19
CAGGCCAAGTATTGCC-1,3045,25,hg19
CAGGCCAAGTTGCCCG-1,3021,21,hg19
CAGGCCAGTACGTGTT-1,2216,31,hg19
CAGGCCAGTTGTTTGG-1,7446,30,hg19
CAGGGCTAGCTAAATG-1,1198,48,hg19
CAGGGCTAGTTGTCGT-1,2654,17,hg19
CAGGGCTCACCCTAGG-1,803,36,hg19
CAGGGCTCAGTCTGGC-1,100,33964,mm10
CAGGGCTGTTACCCTC-1,3383,31,hg19
CAGGGCTTCTCTCTTC-1,4192,86,hg19
CAGGTATAGAGCCTGA-1,7624,44,hg19
CAGGTATAGGTGGCTA-1,1291,21,hg19
CAGGTATGTACTCGAT-1,3985,32,hg19
CAGGTATTCACTGCTC-1,578,28,hg19
CAGTGCGAGCTTGTTG-1,8113,39,hg19
CAGTGCGAGGTTCTTG-1,3672,20,hg19
CAGTGCGCAGGTCAAG-1,1246,23,hg19
CAGTGCGTCCTATGGA-1,11450,48,hg19
CAGTGCGTCCTTCTGG-1,15612,76,hg19
CAGTTAGAGAATCGCG-1,27,10195,mm10
CAGTTAGAGGCTCCCA-1,6201,38,hg19
CAGTTAGCACTTGAAC-1,3372,30,hg19
CAGTTAGGTACTCGTA-1,5404,23,hg19
CAGTTAGTCTTCACGC-1,4409,28,hg19
CAGTTCCCACCGTACG-1,7572,15687,Multiplet
CAGTTCCGTAACTTCG-1,5453,35,hg19
CAGTTCCTCAAACGTC-1,41,1374,mm10
CAGTTCCTCGAGAAAT-1,3508,31,hg19
CATAAGCAGCACTAAA-1,5019,49,hg19
CATAAGCAGGCGAACT-1,5332,41,hg19
CATAAGCAGGTTGACG-1,5510,61,hg19
CATAAGCCACGGTGTC-1,213,71101,mm10
CATAAGCGTGAGTTTC-1,7225,33,hg19
CATAAGCGTTCACGAT-1,18031,89,hg19
CATAAGCGTTGGGTAG-1,3926,20,hg19
CATAAGCTCCACGGGT-1,22279,94,hg19
CATACAGAGGAGAGGC-1,749,18,hg19
CATACAGCAACGTTAC-1,8607,56,hg19
CATACAGGTTATGACC-1,215,6583,mm10
CATACCCCAACACAAA-1,17460,58,hg19
CATACCCGTGTTGAGG-1,51,12696,mm10
CATACCCTCACGGGCT-1,4071,43,hg19
CATACCCTCTCTTAAC-1,6945,58,hg19
CATACCCTCTGAGAGG-1,5712,80,hg19
CATACTTAGACGTCCC-1,6995,48,hg19
CATACTTAGTCATGAA-1,22663,92,hg19
CATACTTCAATCGAAA-1,620,69,hg19
CATACTTCAGCACAGA-1,15859,99,hg19
CATACTTTCGACGCGT-1,5291,39,hg19
CATACTTTCTCATGCC-1,3117,136,hg19
CATAGACGTAACGATA-1,4562,38,hg19
CATAGACGTCAATCTG-1,586,10,hg19
CATAGACGTCATCGGC-1,1395,6,hg19
CATAGACGTTGCTAGT-1,2328,10,hg19
CATAGACTCATGGAGG-1,35,7766,mm10
CATAGACTCGTGCGAC-1,5757,47,hg19
CATCAAGAGCCAGAGT-1,3609,22,hg19
CATCAAGCACTCGATA-1,4913,37,hg19
CATCAAGTCACGACTA-1,14873,78,hg19
CATCAAGTCCGCACTT-1,3855,22,hg19
CATCCACCAGGTCTCG-1,17184,86,hg19
CATCCACGTAGGCTCC-1,6903,57,hg19
CATCCACTCTACTATC-1,1207,20,hg19
CATCCCAAGATAACAC-1,2655,32,hg19
CATCCCAAGCAAGTGC-1,5270,31,hg19
CATCCCAAGCGTCAAG-1,1463,17,hg19
CATCCCAAGCTCGTGC-1,1998,24,hg19
CATCCCAAGTTGAAGT-1,4074,28,hg19
CATCCCAGTTAGGAGC-1,3577,30,hg19
CATCCCAGTTCTTGCC-1,2824,33,hg19
CATCCCATCTGAGAAA-1,2665,17,hg19
CATCCGTAGTAAGACT-1,9865,54,hg19
CATCCGTCATGACTCA-1,3007,62,hg19
CATCCGTCATTCTCCG-1,286,6788,mm10
CATCCGTGTAACTTCG-1,598,9,hg19
CATCCGTGTCCGATCG-1,122,7046,mm10
CATCCGTGTGATAGTA-1,3139,39,hg19
CATCCGTGTGTGGACA-1,1938,22,hg19
CATCCGTTCCTATGGA-1,4618,29,hg19
CATCCGTTCCTTGAAG-1,5640,33,hg19
CATCCGTTCTCTGGTC-1,11024,49,hg19
CATCGCTAGGCGTCCT-1,2953,17,hg19
CATCGCTAGTAGAGTT-1,627,55,hg19
CATCGCTCACATGAAA-1,3370,29,hg19
CATCGCTCACTACAGT-1,2092,24,hg19
CATCGCTCATAACTCG-1,6004,43,hg19
CATCGCTGTAGCCCTG-1,3718,19,hg19
CATCGCTTCACCTACC-1,870,18,hg19
CATCGCTTCAGGTGTT-1,1171,27,hg19
CATCGCTTCGATACGT-1,2393,31,hg19
CATCGGGAGACATAAC-1,3411,22,hg19
CATCGGGAGCGACCCT-1,4610,21,hg19
CATCGGGGTAGTAAGT-1,68,653,mm10
CATCGGGTCCAGTTCC-1,3244,16,hg19
CATCGTCAGAGGATGA-1,2904,25,hg19
CATCGTCCAACCGTGC-1,4680,34,hg19
CATCGTCGTACCTAGT-1,18660,50,hg19
CATCGTCTCAGCCCAG-1,203,4563,mm10
CATCGTCTCCGAAGGA-1,5026,18,hg19
CATCGTCTCCGTCACT-1,18228,112,hg19
CATGAGTAGGCATGCA-1,3932,191,hg19
CATGAGTCAATAGTGA-1,4830,37,hg19
CATGAGTCAGGACTAG-1,4166,28,hg19
CATGAGTCATCATTGG-1,379,7322,mm10
CATGAGTCATGGGAAC-1,157,7206,mm10
CATGAGTGTAGCTCGC-1,3266,5916,Multiplet
CATGAGTTCAGAGTTC-1,89,6150,mm10
CATGAGTTCCATGATG-1,3447,31,hg19
CATGCAAAGACCATAA-1,4546,41,hg19
CATGCAACAAATTAGG-1,10286,50,hg19
CATGCAATCAAGTGGG-1,3510,24,hg19
CATGCAATCCATAGAC-1,15972,86,hg19
CATGCAATCTTAAGGC-1,207,14207,mm10
CATGCCTAGGCGCTTC-1,4839,65,hg19
CATGCCTAGTGCGTCC-1,1091,7595,mm10
CATGCCTCACAGCATT-1,6592,57,hg19
CATGCCTGTTGATGTC-1,2054,15,hg19
CATGCGGAGACATAAC-1,4284,47,hg19
CATGCGGAGGTGATAT-1,2754,21,hg19
CATGCGGAGTACGTCT-1,13852,44,hg19
CATGCGGAGTTGGCTT-1,2334,17,hg19
CATGCGGGTAGAGGAA-1,3419,29,hg19
CATGCGGTCCTATTTG-1,7102,73,hg19
CATGCGGTCGAACCTA-1,11250,55,hg19
CATGCGGTCTACTGAG-1,21369,67,hg19
CATGCTCAGGTTCAGG-1,220,5226,mm10
CATGCTCGTCCCGCAA-1,67,15169,mm10
CATGCTCTCCGGTAAT-1,2643,28,hg19
CATGCTCTCTGCGGCA-1,3142,27,hg19
CATGGATAGAACGTGC-1,3432,21,hg19
CATGGATAGACAGTCG-1,4624,20,hg19
CATGGATCAAGTGTCT-1,2337,12,hg19
CATGGATGTAGCGATG-1,4005,38,hg19
CATGGATGTCCCTGAG-1,6396,53,hg19
CATGGATGTCGCTTGG-1,3269,15,hg19
CATGGATGTTGTGTTG-1,1608,14,hg19
CATGGATTCCTAGCCT-1,3436,27,hg19
CATGGTAGTAGCGTCC-1,2925,72,hg19
CATGGTAGTCTATGAC-1,500,15,hg19
CATGGTATCACTGAAC-1,4251,25,hg19
CATGGTATCGATTTCT-1,8562,58,hg19
CATTCATAGACGATAT-1,1976,66,hg19
CATTCATAGCCGAATG-1,6648,34,hg19
CATTCATAGGTCCGAA-1,7053,51,hg19
CATTCATAGTCATCCA-1,7122,59,hg19
CATTCATCACAAAGCG-1,2374,30,hg19
CATTCATCATGGAGAC-1,2994,32,hg19
CATTCATCATTGTGCA-1,5407,5863,Multiplet
CATTCATGTACGATGG-1,4141,29,hg19
CATTCATGTCAAGCCC-1,7880,99,hg19
CATTCATTCGTGCATA-1,3043,37,hg19
CATTCATTCTCGTCAC-1,11360,37,hg19
CATTCCGAGGACAGCT-1,45,4623,mm10
CATTCCGAGGCACTCC-1,1220,48,hg19
CATTCCGAGTTTGTCG-1,5563,33,hg19
CATTCCGCAGCTGAGA-1,339,18438,mm10
CATTCCGGTAGCTTTG-1,177,14580,mm10
CATTCCGGTGGATACG-1,1872,15,hg19
CATTCCGGTGTTCCAA-1,3473,37,hg19
CATTCTAAGATCGCTT-1,734,17,hg19
CATTCTAAGCCACCGT-1,6244,36,hg19
CATTCTAAGGTTAAAC-1,1651,41,hg19
CATTCTACAACAAGAT-1,5634,28,hg19
CATTCTACACAAGCAG-1,1566,236,hg19
CATTCTAGTAGCGTAG-1,2876,21,hg19
CATTCTATCGAAGCCC-1,2903,44,hg19
CATTGAGAGCCAACCC-1,6741,53,hg19
CATTGAGAGTGATGGC-1,2153,17,hg19
CATTGAGCACTCGATA-1,58,1120,mm10
CATTGAGGTATATGGA-1,7801,53,hg19
CATTGAGGTGCCCACA-1,3349,32,hg19
CATTGAGGTTATGTGC-1,10218,36,hg19
CATTGAGGTTCTCAGA-1,16978,9659,Multiplet
CATTGCCAGCTACGTT-1,307,27326,mm10
CATTGCCAGGATTTCC-1,8728,43,hg19
CATTGCCCATATAGCC-1,5916,61,hg19
CATTGCCTCAAACCCA-1,3156,37,hg19
CATTGTTCAATGACCT-1,4415,27,hg19
CATTGTTCATATTCGG-1,4187,27,hg19
CATTGTTGTAGAAACT-1,4552,52,hg19
CATTGTTGTCCTTGTC-1,3601,25,hg19
CATTTCAAGCGTGCCT-1,761,25,hg19
CATTTCAAGGTTCTAC-1,4988,41,hg19
CATTTCAGTATCAGCT-1,14639,81,hg19
CATTTCATCGAGGCAA-1,1127,28,hg19
CCAAGCGGTCTGTTAG-1,50,21433,mm10
CCAATGAGTCACAGAG-1,10239,48,hg19
CCAATGATCGCTTACC-1,2249,24862,Multiplet
CCAATTTAGATACATG-1,7030,46,hg19
CCAATTTAGCGCATCC-1,101,22256,mm10
CCAATTTAGGAACTCG-1,103,6941,mm10
CCAATTTCAGTATACC-1,40218,149,hg19
CCAATTTGTATCACCA-1,1283,40,hg19
CCAATTTTCATAGACC-1,11359,65,hg19
CCAATTTTCGTAGTGT-1,2040,30,hg19
CCAATTTTCTAGAGCT-1,15291,68,hg19
CCACAAAAGGGTTAAT-1,5681,37,hg19
CCACAAACAACATCGT-1,1535,32,hg19
CCACAAAGTCTACAAC-1,9364,50,hg19
CCACAAATCAACACCA-1,12347,61,hg19
CCACAAATCCGACAGC-1,7421,28,hg19
CCACACTCACGTGTGC-1,10896,60,hg19
CCACACTGTCATCCCT-1,3581,40,hg19
CCACACTGTGGATTTC-1,6768,8387,Multiplet
CCACACTTCAGCAATC-1,3598,37,hg19
CCACACTTCGATCCCT-1,5347,39,hg19
CCACACTTCTCATTTG-1,10733,72,hg19
CCACCATGTACCGGCT-1,31343,129,hg19
CCACCATGTCAAACGG-1,8212,38,hg19
CCACCATGTCAAGTTC-1,3821,32,hg19
CCACCATGTGCTGCAC-1,148,8669,mm10
CCACGAGAGCCATTCA-1,100,612,mm10
CCACGAGAGGCTAGCA-1,6025,28,hg19
CCACGAGGTACAAGTA-1,5501,34,hg19
CCACGAGTCTAAGAAG-1,3541,20,hg19
CCACGTTAGACTACGG-1,4116,28,hg19
CCACGTTAGCTATCCA-1,4381,25,hg19
CCACGTTAGGCCTTGC-1,12514,68,hg19
CCACGTTAGTTAACAG-1,1603,29,hg19
CCACGTTCACCCTGTT-1,7129,66,hg19
CCACGTTCACGGTAGA-1,2191,19,hg19
CCACGTTCACTGAGTT-1,2229,24,hg19
CCACGTTTCTTAATCC-1,4590,45,hg19
CCACTTGAGGTCATTC-1,3683,38,hg19
CCACTTGCAAGAGAGA-1,825,14,hg19
CCACTTGCAATGGCAG-1,9054,47,hg19
CCACTTGCACCGAATT-1,6230,50,hg19
CCACTTGTCCTCCACA-1,23446,114,hg19
CCATAAGAGAAATGGG-1,3323,43,hg19
CCATAAGCAAATCAAG-1,5083,38,hg19
CCATAAGCATGCTGCG-1,6419,8791,Multiplet
CCATAAGGTACCCGAC-1,711,22,hg19
CCATAAGGTACCGCGT-1,9232,37,hg19
CCATAAGGTCCTGGGT-1,8162,46,hg19
CCATCACAGCTATCTG-1,2987,25,hg19
CCATCACAGGGTATAT-1,2423,25,hg19
CCATCACAGTCGAATA-1,4246,58,hg19
CCATCACCAATCCTAG-1,5009,43,hg19
CCATCACGTCAGGCAA-1,45,7466,mm10
CCATCACGTGACGCCT-1,2371,18,hg19
CCATCACTCGGTCACG-1,11446,62,hg19
CCCAACTAGCCTTGAT-1,6722,42,hg19
CCCATTGAGGAAGTAG-1,1615,20,hg19
CCCATTGAGTCTAGAA-1,2395,26,hg19
CCCATTGCACCTGATA-1,341,17495,mm10
CCCATTGGTCACCCTT-1,2157,23,hg19
CCCATTGTCTACACAG-1,5660,83,hg19
CCCGAAGAGCACCGAA-1,11562,47,hg19
CCCGAAGAGGACATCG-1,8799,41,hg19
CCCGAAGCACGTGTGC-1,4007,22,hg19
CCCGAAGCAGTGTGGA-1,5589,30,hg19
CCCGAAGTCTTACGTT-1,4462,196,hg19
CCCGGAAAGCGCTGCT-1,6318,77,hg19
CCCGGAAAGCTCCACG-1,2819,24,hg19
CCCGGAAAGTAGTGCG-1,868,11,hg19
CCCGGAACACCGTACG-1,6429,246,hg19
CCCGGAACACTCCGAG-1,6145,36,hg19
CCCGGAAGTCCCGTGA-1,1363,18,hg19
CCCGGAAGTCGAACAG-1,622,18,hg19
CCCGGAAGTGCCGGTT-1,3330,45,hg19
CCCGGAAGTGGATACG-1,44,14244,mm10
CCCGGAAGTGGGTTGA-1,1907,18,hg19
CCCGGAAGTTAATGAG-1,1256,20,hg19
CCCTAACCACAAGGTG-1,11830,74,hg19
CCCTAACCACGCGCAT-1,7464,80,hg19
CCCTAACCATGGAGAC-1,5037,27,hg19
CCCTAACGTCTAACGT-1,7446,46,hg19
CCCTAACGTCTAGGTT-1,5439,42,hg19
CCCTAACTCACACCGG-1,7224,42,hg19
CCCTAACTCTACTGCC-1,323,13355,mm10
CCCTCAAAGGCAGGGA-1,8811,51,hg19
CCCTCAAAGTCTTCCC-1,5893,32,hg19
CCCTCAACACGCGGTT-1,1115,30,hg19
CCCTCAAGTTAAACAG-1,6950,93,hg19
CCCTCAAGTTACTCAG-1,12091,57,hg19
CCCTCTCAGCTGTGCC-1,7951,51,hg19
CCCTCTCTCGGATACT-1,3587,23,hg19
CCCTCTCTCTTTCCAA-1,3306,29,hg19
CCCTGATAGAAATTCG-1,4318,37,hg19
CCCTGATGTATACCTG-1,29891,103,hg19
CCCTGATGTGTGCTTA-1,2313,23,hg19
CCCTGATTCGTAGTCA-1,12081,65,hg19
CCCTTAGAGACAGCGT-1,5370,34,hg19
CCCTTAGAGCTAGCCC-1,10267,33,hg19
CCCTTAGCAGTTAGAA-1,797,25,hg19
CCCTTAGGTGAAAGTT-1,8467,46,hg19
CCGAACGAGCTCTGTA-1,17516,48,hg19
CCGAACGAGTAGCTCT-1,5539,37,hg19
CCGAACGAGTCACGAG-1,19952,111,hg19
CCGAACGAGTTGAAGT-1,1946,25,hg19
CCGAACGGTAGAGCTG-1,1016,10,hg19
CCGAACGGTCCGTTTC-1,12878,59,hg19
CCGATCTAGAGTCTTC-1,18957,64,hg19
CCGATCTAGGAGGCAG-1,6846,32,hg19
CCGATCTCACGCTGTG-1,6405,34,hg19
CCGATCTTCTTAGCAG-1,1666,29,hg19
CCGATGGCAACCCTCT-1,1757,27,hg19
CCGATGGCAGCTGTTA-1,4543,28,hg19
CCGATGGCATGTCGTA-1,2878,32,hg19
CCGATGGGTTCCATTT-1,43,515,mm10
CCGATGGGTTCGAGCC-1,9333,37,hg19
CCGATGGTCACACCGG-1,30,1659,mm10
CCGATGGTCACTTGTT-1,2339,17,hg19
CCGCAAGCACCGTGAC-1,3931,30,hg19
CCGCAAGGTCGCGGTT-1,501,15,hg19
CCGCAAGGTCGTCTCT-1,2199,18,hg19
CCGCAAGTCACCCTGT-1,17573,73,hg19
CCGCAAGTCGGTCAGC-1,13144,75,hg19
CCGGACAAGCGGTATG-1,207,117927,mm10
CCGGACATCCTTCACG-1,3267,25,hg19
CCGGGTACAACTTGGT-1,8743,39,hg19
CCGGGTACACGCTATA-1,13216,48,hg19
CCGGGTACAGATCATC-1,6781,52,hg19
CCGGGTAGTAGTGTGG-1,2132,12,hg19
CCGGTAGAGTGCGCTC-1,8359,50,hg19
CCGGTAGCACGCGCTA-1,6605,50,hg19
CCGGTAGTCATCGCCT-1,3129,45,hg19
CCGGTAGTCCTGCTAC-1,26767,80,hg19
CCGGTAGTCGTTCCCA-1,1840,26,hg19
CCGGTGAAGACGGATC-1,60,1039,mm10
CCGGTGACAAGAGTAT-1,7421,27,hg19
CCGGTGAGTAGCTTGT-1,87,5863,mm10
CCGTAGGAGGTTGAGC-1,7800,38,hg19
CCGTAGGAGTTTGAGA-1,2921,21,hg19
CCGTAGGGTCACAATC-1,6342,45,hg19
CCGTGAGAGGAAAGTG-1,6674,39,hg19
CCGTGAGAGGACAGTC-1,1869,17,hg19
CCGTGAGGTGCAACAG-1,1869,36,hg19
CCGTGAGTCATTGAGC-1,1985,28,hg19
CCGTGAGTCGGACTGC-1,4409,38,hg19
CCGTTCAAGCCGATAG-1,2978,28,hg19
CCGTTCAAGGGATCAC-1,267,5789,mm10
CCGTTCAAGGTATCTC-1,6278,49,hg19
CCGTTCACACTGAGTT-1,5297,34,hg19
CCGTTCACATGGAGAC-1,6076,38,hg19
CCGTTCATCAGCTCTC-1,11736,37,hg19
CCGTTCATCGCCACTT-1,11253,63,hg19
CCGTTCATCGGACTGC-1,7623,31,hg19
CCTAACCAGAATCCCT-1,5744,40,hg19
CCTAACCCAATCTCTT-1,126,38658,mm10
CCTAACCCAGAAGCTG-1,236,19114,mm10
CCTAAGACAATCGCCG-1,6994,40,hg19
CCTAAGAGTACAAGCG-1,64,4514,mm10
CCTAAGAGTCTTCTAT-1,538,16,hg19
CCTAAGAGTGCAGGAT-1,118,12029,mm10
CCTAAGATCGATCCAA-1,7392,43,hg19
CCTAAGATCGTGCAGC-1,6999,32,hg19
CCTACGTGTGTCTAAC-1,3785,33,hg19
CCTACGTTCACCATAG-1,2183,28,hg19
CCTACGTTCACGATCA-1,4940,141,hg19
CCTACGTTCTCATTGT-1,7832,109,hg19
CCTATCGAGTGCGCTC-1,1925,30,hg19
CCTATCGAGTTCATCG-1,5156,41,hg19
CCTATCGCAATTGAGA-1,13582,93,hg19
CCTATCGGTAGATTAG-1,48,817,mm10
CCTCAACAGCTAAGTA-1,6882,57,hg19
CCTCAACCATGTGGTT-1,163,14028,mm10
CCTCAACGTCAACACT-1,69,500,mm10
CCTCAACTCACCCTCA-1,15624,127,hg19
CCTCAACTCTTACGTT-1,6216,33,hg19
CCTCACAAGGGAGGAC-1,28,2297,mm10
CCTCACACACTTGAAC-1,3384,24,hg19
CCTCACACAGACTGCC-1,13516,63,hg19
CCTCACAGTAAGCTCT-1,7579,66,hg19
CCTCACAGTAGTCTGT-1,73,3083,mm10
CCTCACATCTAAGCGT-1,2556,20,hg19
CCTCAGTAGACCACGA-1,6641,44,hg19
CCTCAGTAGGTGGGTT-1,6752,28,hg19
CCTCAGTGTCTTCGAA-1,3355,30,hg19
CCTCATGGTGACAGGT-1,5268,29,hg19
CCTCATGGTTTCACAG-1,6554,38,hg19
CCTCATGTCCGAGGCT-1,13483,64,hg19
CCTCATGTCGTGGACC-1,6751,27,hg19
CCTCCAACACAGTGTT-1,2015,36,hg19
CCTCCAACACGTCGTG-1,4719,43,hg19
CCTCCAACACTGAGGA-1,1590,24,hg19
CCTCCAAGTGCCCGTA-1,2005,35,hg19
CCTCCAAGTGGATGAC-1,11150,54,hg19
CCTCCTCAGTCAATCC-1,6176,47,hg19
CCTCCTCCATAGAATG-1,296,30225,mm10
CCTCCTCGTAACCCGC-1,5513,52,hg19
CCTCCTCGTCTCGGGT-1,2247,22,hg19
CCTCCTCGTGATTGGG-1,43,14269,mm10
CCTCCTCGTTGGACCC-1,166,656,mm10
CCTCCTCTCGTTCTCG-1,6965,50,hg19
CCTCTAGAGCTCACTA-1,5490,43,hg19
CCTCTCCAGGACAACC-1,731,20,hg19
CCTCTCCAGTCTGGAG-1,9773,51,hg19
CCTCTCCAGTGCAGGT-1,16123,111,hg19
CCTCTCCCAATCTCGA-1,2580,25,hg19
CCTCTCCCATCGCTAA-1,263,14852,mm10
CCTCTCCCATGACGGA-1,239,17515,mm10
CCTCTCCGTGCAGGAT-1,5694,59,hg19
CCTCTCCTCCATTTAC-1,11108,84,hg19
CCTCTCCTCTTTCGAT-1,2148,25,hg19
CCTGCATAGTAACAGT-1,11838,150,hg19
CCTGCATCAATTTCTC-1,7843,34,hg19
CCTGCATCATCTTCGC-1,4362,47,hg19
CCTGCATTCCGTATGA-1,12507,56,hg19
CCTGTTGAGCAACTCT-1,3169,33,hg19
CCTGTTGAGCGCACAA-1,18352,71,hg19
CCTGTTGAGGCTTAAA-1,3831,33,hg19
CCTGTTGAGTCTAGCT-1,8173,39,hg19
CCTGTTGGTGAGTCAG-1,4364,37,hg19
CCTGTTGTCGTTCATT-1,1177,25,hg19
CCTTCAGAGAGATTCA-1,2068,42,hg19
CCTTCAGAGGTAGTAT-1,10151,40,hg19
CCTTCAGCAATCTGCA-1,3589,48,hg19
CCTTCAGCACAGAGCA-1,11416,74,hg19
CCTTCAGCAGAAGTGC-1,5919,30,hg19
CCTTGTGAGGCAATGC-1,902,27,hg19
CCTTGTGAGGGCTAAC-1,9037,44,hg19
CCTTGTGGTCATCACA-1,3434,19,hg19
CCTTGTGTCAGTGTCA-1,8039,45,hg19
CCTTGTGTCCACGTGG-1,81,3034,mm10
CCTTGTGTCCCTCATG-1,1995,15,hg19
CCTTGTGTCCTTATGT-1,7438,42,hg19
CCTTGTGTCGTTGTTT-1,27,3267,mm10
CCTTGTGTCTGAATGC-1,1173,15,hg19
CCTTGTGTCTTTGGAG-1,717,13,hg19
CCTTTGGAGATGCTAA-1,2998,45,hg19
CCTTTGGCAGCAGTTT-1,15062,82,hg19
CCTTTGGCATAACGGG-1,2163,12,hg19
CCTTTGGTCCACGGAC-1,4622,44,hg19
CCTTTGGTCCCTCTAG-1,4197,34,hg19
CCTTTGGTCTGAGAAA-1,2633,15,hg19
CGAAGGAAGGTCGAGT-1,741,552,hg19
CGAAGGAGTCACTCTC-1,3035,27,hg19
CGAAGGAGTTAGAAGT-1,2706,44,hg19
CGAAGGATCATCGGGC-1,2945,25,hg19
CGAAGGATCCGCACTT-1,12455,49,hg19
CGAAGTTCACCAAAGG-1,4068,21,hg19
CGAAGTTCAGGCATGA-1,6736,66,hg19
CGAAGTTTCAACTCTT-1,5780,41,hg19
CGAAGTTTCATCGGGC-1,4736,17,hg19
CGAAGTTTCTAGGCAT-1,7225,38,hg19
CGAATTGAGTCCCAAT-1,1793,24,hg19
CGAATTGGTTGGCCGT-1,78,4682,mm10
CGAATTGTCGGAACTT-1,1073,36,hg19
CGACAGCTCCTTATAC-1,13993,54,hg19
CGAGAAGAGACCTCCG-1,113,7967,mm10
CGAGAAGAGACTACGG-1,47,1663,mm10
CGAGAAGAGTGATTCC-1,2484,20,hg19
CGAGAAGGTTTGCCGG-1,9352,45,hg19
CGAGAAGTCACATACG-1,2732,27,hg19
CGAGAAGTCGTGGCTG-1,5081,29,hg19
CGAGGAAAGGTGATAT-1,6747,40,hg19
CGAGGAAGTTACGTAC-1,4415,24,hg19
CGAGGCTAGTACCGGA-1,1544,27,hg19
CGAGGCTCACACCTGG-1,3154,52,hg19
CGAGGCTGTCATCCGG-1,8840,138,hg19
CGAGGCTGTGGGTTGA-1,4185,21,hg19
CGAGGCTTCGCATTGA-1,2563,19,hg19
CGAGTGCAGAACAGGA-1,4023,29,hg19
CGAGTGCAGACCATAA-1,52,9966,mm10
CGAGTGCAGGTTGGAC-1,5478,44,hg19
CGAGTGCGTACGTGTT-1,1513,37,hg19
CGAGTGCGTGTTACTG-1,126,57534,mm10
CGAGTGCTCCACGGAC-1,1577,3303,Multiplet
CGAGTTAAGCAATTCC-1,811,38,hg19
CGAGTTAAGCCATTTG-1,1509,25,hg19
CGAGTTAAGTCATGAA-1,5088,31,hg19
CGAGTTAAGTCTTGGT-1,6044,22,hg19
CGAGTTACAATGTCAC-1,13005,56,hg19
CGAGTTACACGACAGA-1,105,12193,mm10
CGAGTTACATACCACA-1,56,2711,mm10
CGAGTTACATACTGTG-1,1021,19,hg19
CGAGTTAGTGCTTCAA-1,2998,236,hg19
CGAGTTATCATGCGGC-1,2770,30,hg19
CGATCGGAGACTCTAC-1,1975,27,hg19
CGATCGGAGCGGCTCT-1,228,13393,mm10
CGATCGGCAAAGAACT-1,1987,36,hg19
CGATCGGGTATTTCGG-1,5573,25,hg19
CGATCGGGTCTGGTTA-1,124,8937,mm10
CGATCGGGTTTACTGG-1,9274,69,hg19
CGATGCGAGTACTCGT-1,737,99,hg19
CGATGCGTCACTACTT-1,3805,47,hg19
CGATGCGTCGACCACG-1,19522,57,hg19
CGATGCGTCTCGCGTT-1,2227,46,hg19
CGATGGCCAAGTCCCG-1,6405,44,hg19
CGATGGCGTACAGTTC-1,1167,11,hg19
CGATGGCGTCTATGAC-1,2305,17,hg19
CGATGGCGTCTCGACG-1,5698,60,hg19
CGATGGCTCTGTTCAT-1,7228,39,hg19
CGCAGGTAGAAGCGGG-1,4775,47,hg19
CGCAGGTAGAGTTGAT-1,1497,70,hg19
CGCAGGTAGCGCCTAC-1,2804,20,hg19
CGCAGGTCACCATATG-1,15720,75,hg19
CGCAGGTGTATGCGGA-1,12738,67,hg19
CGCATAAAGGTTGGAC-1,2763,38,hg19
CGCATAACATCACCAA-1,14025,58,hg19
CGCATAATCCCAGTGG-1,5102,31,hg19
CGCATAATCGCCATAA-1,3526,32,hg19
CGCATGGGTACTGGGA-1,691,21,hg19
CGCATGGGTCAGCGTC-1,12950,39,hg19
CGCATGGTCCCGAGTG-1,10034,55,hg19
CGCATGGTCGCCAGTG-1,4516,26,hg19
CGCCAGAAGAAGAGCA-1,4944,27,hg19
CGCCAGAGTGTTAAAG-1,2411,27,hg19
CGCCAGATCCGCGGAT-1,16132,55,hg19
CGCCATTAGGCATCTT-1,9078,167,hg19
CGCCATTTCCACCCTA-1,246,8074,mm10
CGCCATTTCCATCTAT-1,5795,8594,Multiplet
CGCGTGAGTTAATCGC-1,3657,32,hg19
CGGAACCAGACGTCCC-1,3675,25,hg19
CGGAACCAGAGAAGGT-1,3281,50,hg19
CGGAACCAGTAATACG-1,4955,37,hg19
CGGAACCCAAAGTGTA-1,6021,62,hg19
CGGAACCCAACTCGTA-1,3527,26,hg19
CGGAACCCACAGCTTA-1,3468,33,hg19
CGGAACCCACATTCTT-1,59,10438,mm10
CGGAACCCACTATCCC-1,4259,44,hg19
CGGAACCCAGTTAGAA-1,261,15127,mm10
CGGAACCCATGTGTCA-1,88,22079,mm10
CGGAACCTCCACCTGT-1,3993,45,hg19
CGGAACCTCGTTCTGC-1,3958,44,hg19
CGGAATTAGCTGCCTG-1,1579,18,hg19
CGGAATTAGGGAGGTG-1,1535,17,hg19
CGGAATTGTAGCTAAA-1,3754,35,hg19
CGGAATTGTGTCGATT-1,1744,18,hg19
CGGAATTTCGAGAACG-1,2987,30,hg19
CGGACACAGTAAAGCT-1,1244,52,hg19
CGGACACCAACACAAA-1,7028,34,hg19
CGGACACGTCACGACC-1,826,29,hg19
CGGACACTCAGATGCT-1,10140,49,hg19
CGGACACTCTTACCGC-1,5375,37,hg19
CGGAGAAAGAATTGCA-1,10868,62,hg19
CGGAGAAAGCGTCTGC-1,8581,22,hg19
CGGAGAAAGGAAACGA-1,66,12368,mm10
CGGAGAAGTCCAGTTA-1,11299,60,hg19
CGGAGAAGTTTGGGTT-1,4026,24,hg19
CGGCAGTCACAGCGCT-1,2668,37,hg19
CGGCAGTCACCCAAGC-1,143,785,mm10
CGGCAGTCAGCACACC-1,840,17,hg19
CGGCAGTCAGCCGTTG-1,156,13517,mm10
CGGCAGTCATCCGGTG-1,1235,14,hg19
CGGCAGTGTCCGCAGT-1,2323,18,hg19
CGGCAGTGTGAGGCAT-1,1680,17,hg19
CGGGACTCACTGGCGT-1,154,4607,mm10
CGGGCATAGCACTCGC-1,2121,8562,Multiplet
CGGGCATGTGCATCTA-1,3514,36,hg19
CGGGCATTCCGGTTCT-1,179,15055,mm10
CGGGCATTCCGTGTCT-1,1847,13,hg19
CGGGCATTCGCAATGT-1,14161,40,hg19
CGGGTCACAATTCTCT-1,2964,20,hg19
CGGGTCAGTACCACGC-1,7933,45,hg19
CGGGTCAGTCAAAGCG-1,5018,20,hg19
CGGGTCAGTCGTACAT-1,66,22201,mm10
CGGGTCAGTGTCATTG-1,1972,8,hg19
CGGGTCATCGTGGGTC-1,10592,40,hg19
CGGGTGTAGAAGTCTA-1,9491,40,hg19
CGGGTGTAGCCGATTT-1,16113,37,hg19
CGGGTGTCAGACATCT-1,1601,20,hg19
CGGGTGTCAGTTACCA-1,6187,29,hg19
CGGGTGTTCGGAATGG-1,1122,11,hg19
CGGTCAGAGGTCACAG-1,5583,40,hg19
CGGTCAGAGTGTGTTC-1,2799,23,hg19
CGGTCAGCAATACGCT-1,5958,32,hg19
CGGTCAGCAGAATGTA-1,2862,19,hg19
CGGTCAGGTGCAGGAT-1,8036,40,hg19
CGTAAGTAGGGCTGAT-1,6346,34,hg19
CGTAAGTCAAATACAG-1,4117,28,hg19
CGTAAGTCAAGACCGA-1,1595,23,hg19
CGTAAGTGTCCCTGAG-1,4933,26,hg19
CGTAAGTTCTCTCTTC-1,37,1361,mm10
CGTAATGAGCCTAACT-1,48,11022,mm10
CGTAATGCAACGGTAG-1,1125,15,hg19
CGTAATGCATTGCCGG-1,44,2319,mm10
CGTAATGGTTACGATC-1,1362,17,hg19
CGTAGTAAGACGGAAA-1,3871,29,hg19
CGTAGTAAGGGCCAAT-1,4743,47,hg19
CGTAGTAAGTCATCCA-1,3823,50,hg19
CGTAGTAGTAACGATA-1,92,7790,mm10
CGTAGTATCTAATTCC-1,224,17521,mm10
CGTAGTATCTGCCTCA-1,6261,18,hg19
CGTCAAAAGTGGGAAA-1,3696,20,hg19
CGTCAAACAAGTGCAG-1,18200,57,hg19
CGTCAAAGTTGGGCCT-1,728,18,hg19
CGTCAAATCCTGTTAT-1,3026,17,hg19
CGTCAAATCGCTTGCT-1,1560,9,hg19
CGTCCATAGCGGCTCT-1,5090,29,hg19
CGTCCATCATAAGATG-1,1946,22,hg19
CGTCCATCATAGCTGT-1,5868,40,hg19
CGTCCATTCAACCGAT-1,2934,16,hg19
CGTGAATAGGTGGGTT-1,10174,40,hg19
CGTGAATAGTTGCTCA-1,10054,35,hg19
CGTGATACAACGATTC-1,3081,20,hg19
CGTGATACACATTCGA-1,13463,65,hg19
CGTGATACAGTCGTTA-1,20455,52,hg19
CGTGATACATTCCTAT-1,7303,33,hg19
CGTGATAGTTGTCATG-1,7563,33,hg19
CGTGATATCAAGCTTG-1,1310,16,hg19
CGTGCTTAGCACGGAT-1,245,15619,mm10
CGTGCTTCAATGACCT-1,2043,25,hg19
CGTGCTTCAGCTGTTA-1,4061,27,hg19
CGTGCTTGTCTCGGGT-1,5586,31,hg19
CGTGCTTTCAGTGTCA-1,4851,19,hg19
CGTGCTTTCTGTCCGT-1,12197,44,hg19
CGTGTCTCAAGATCCT-1,109,3157,mm10
CGTGTCTCAATCAAGA-1,1164,9,hg19
CGTGTCTCAGCGCTTG-1,66,1492,mm10
CGTGTCTGTAGTGTGG-1,3245,20,hg19
CGTGTCTGTCCACGCA-1,1553,15,hg19
CGTGTCTGTCGATTTG-1,1238,18,hg19
CGTGTCTGTCGTTGCG-1,6925,35,hg19
CGTGTCTGTTCACCGG-1,624,12,hg19
CGTGTCTTCGGACTTA-1,1223,11,hg19
CGTGTCTTCGGAGTAG-1,10235,37,hg19
CGTTAGAAGAAATTGC-1,3667,31,hg19
CGTTAGACAAGCAATA-1,31,3997,mm10
CGTTAGACAGCTTCGG-1,4465,26,hg19
CGTTAGACAGGTTTAC-1,11619,44,hg19
CGTTAGACATCCTCAC-1,6080,41,hg19
CGTTAGAGTAGCTTGT-1,4052,31,hg19
CGTTAGAGTCATCACA-1,2794,33,hg19
CGTTAGATCACCTGTC-1,1263,29,hg19
CGTTAGATCATGTCTT-1,533,9,hg19
CGTTCTGCAGCTAACT-1,969,46,hg19
CGTTCTGTCAAGAGGC-1,2880,117,hg19
CGTTCTGTCGGTCACG-1,2487,22,hg19
CTAACCCAGCTGCCAC-1,2279,24,hg19
CTAACCCAGGGCAAGG-1,3563,28,hg19
CTAACCCAGGTAAACT-1,7207,69,hg19
CTAACCCAGTAAGACT-1,87,17469,mm10
CTAACCCAGTACCCTA-1,4364,41,hg19
CTAACCCCAAGCGCTC-1,15595,71,hg19
CTAACCCGTACCAGAG-1,1526,18,hg19
CTAACCCGTCTGCGCA-1,1664,34,hg19
CTAACCCTCAAGCTGT-1,14549,65,hg19
CTAACTTAGCATCTTG-1,57,7660,mm10
CTAACTTCATAAGATG-1,1489,23,hg19
CTAACTTGTACGATGG-1,3346,22,hg19
CTAACTTGTTCTAAGC-1,8983,51,hg19
CTAACTTTCCCGTAAA-1,3625,57,hg19
CTAAGTGTCATGCCGG-1,6381,82,hg19
CTACAGAAGTGCCGAA-1,3156,27,hg19
CTACAGATCAAATGCC-1,1779,21,hg19
CTACATTCAGTCACGC-1,5208,44,hg19
CTACATTCATTGACTG-1,3478,39,hg19
CTACATTGTACAAACA-1,61,10162,mm10
CTACATTGTCGCATGC-1,2064,23,hg19
CTACATTTCGCCAATA-1,4423,56,hg19
CTACATTTCTAGTACG-1,2861,29,hg19
CTACCCAGTGCACATT-1,5439,83,hg19
CTACCCAGTTCCCACT-1,5477,47,hg19
CTACCCATCCGATCTC-1,3990,28,hg19
CTACCCATCCTCGCAT-1,4939,29,hg19
CTACCCATCTCAACGA-1,4790,40,hg19
CTACCTGCAAGTGCAG-1,39402,109,hg19
CTACCTGCATAATCCG-1,3135,20,hg19
CTACCTGCATCTCAAG-1,3345,22,hg19
CTACCTGGTTGTGCCG-1,2263,17,hg19
CTACCTGTCCCTCTAG-1,16849,59,hg19
CTACGGGCAGAGTGTG-1,3681,29,hg19
CTACGGGCAGCCGGTT-1,7632,30,hg19
CTACGGGCATCCCACT-1,6607,114,hg19
CTACTATAGAAACTCA-1,3061,29,hg19
CTACTATAGTTCCGGC-1,73,13654,mm10
CTACTATCAAATGGCG-1,4023,29,hg19
CTACTATCACCCAACG-1,2700,26,hg19
CTACTATTCAGTCAGT-1,76,2374,mm10
CTACTATTCCGTATGA-1,6687,49,hg19
CTACTATTCTTCTAAC-1,201,14564,mm10
CTAGACAAGACATCCT-1,3836,51,hg19
CTAGACAAGACGGTTG-1,255,10548,mm10
CTAGACAGTCCTCAGG-1,6694,39,hg19
CTAGACAGTTGACTGT-1,215,5458,mm10
CTAGACATCCACGGGT-1,5685,48,hg19
CTAGACATCGCACGGT-1,2816,20,hg19
CTAGACATCTAGAGCT-1,5035,281,hg19
CTAGGTAAGTATGAAC-1,5394,30,hg19
CTAGGTAGTCCAGCCA-1,7133,32,hg19
CTAGGTATCGTAGAGG-1,1913,18,hg19
CTAGGTATCTCGTCGT-1,4871,16,hg19
CTAGGTATCTGCTGAA-1,3953,27,hg19
CTATAGGCAATTGCTG-1,3139,33,hg19
CTATAGGCAATTTCGG-1,6173,18,hg19
CTATAGGCACAATGCT-1,2749,38,hg19
CTATCCGAGGGTCTTT-1,5044,40,hg19
CTATCCGCACGCCACA-1,7523,45,hg19
CTATCCGCAGACGCTC-1,2597,30,hg19
CTATCCGGTGTACATC-1,3337,34,hg19
CTATCTAAGGATTACA-1,3616,37,hg19
CTATCTACACAACATC-1,107,29749,mm10
CTATCTACACCAAAGG-1,65,5754,mm10
CTCAACCCAAACGTGG-1,3726,31,hg19
CTCAACCCAGTTGTCA-1,7438,79,hg19
CTCAACCGTGGTCAAG-1,1186,23,hg19
CTCAACCTCACCCATC-1,150,5752,mm10
CTCAACCTCACTGGTA-1,7701,72,hg19
CTCAACCTCCACACCT-1,1214,48,hg19
CTCAAGAAGATTTGCC-1,4768,48,hg19
CTCAAGAAGCAGCACA-1,2204,31,hg19
CTCAAGACACTCAGAT-1,5110,16,hg19
CTCAAGAGTGATGTAA-1,2331,38,hg19
CTCAAGATCATGCAGT-1,42,731,mm10
CTCAAGATCATTCCTA-1,1102,38,hg19
CTCAAGATCGTTCCTG-1,5800,40,hg19
CTCAAGATCTAGCCAA-1,103,6828,mm10
CTCAATTCACACACTA-1,456,19721,mm10
CTCAATTGTACGAGTG-1,3231,28,hg19
CTCAATTGTACGTTCA-1,557,18,hg19
CTCAATTTCAGAGTGG-1,2153,15,hg19
CTCAATTTCCAAATGC-1,8478,48,hg19
CTCACTGAGCGTGCTC-1,1348,21,hg19
CTCACTGGTCGGCTAC-1,3663,39,hg19
CTCACTGGTTCGGTAT-1,3063,42,hg19
CTCACTGTCATCACTT-1,1494,366,hg19
CTCAGAAAGAGTCACG-1,1275,23,hg19
CTCAGAAAGCAGCCTC-1,282,18971,mm10
CTCAGAACATATACCG-1,10484,78,hg19
CTCAGAATCGGAGTGA-1,5433,24,hg19
CTCAGGGAGTCTTCCC-1,11610,73,hg19
CTCAGGGCAGACTCTA-1,1753,24,hg19
CTCAGGGCAGCCGTTG-1,120,5111,mm10
CTCAGGGGTGTGTACT-1,2066,13,hg19
CTCAGTCAGCTACTGT-1,8741,42,hg19
CTCAGTCGTCATAACC-1,11503,95,hg19
CTCAGTCGTGTGTTTG-1,6917,26,hg19
CTCATCGCACGCGTGT-1,3400,23,hg19
CTCATCGCACTGCGTG-1,4030,61,hg19
CTCATCGGTATCATGC-1,13062,48,hg19
CTCATCGGTCCAGCGT-1,3400,20,hg19
CTCATCGGTTAGGAGC-1,4017,32,hg19
CTCATGCAGCATCAAA-1,4816,54,hg19
CTCATGCAGCCTAACT-1,4604,39,hg19
CTCATGCCAGAGACTG-1,1788,28,hg19
CTCATGCTCATTTGTC-1,4278,76,hg19
CTCATGCTCCCGTAAA-1,3442,38,hg19
CTCATTAAGAGAGCGG-1,5461,24,hg19
CTCATTAAGCTCCACG-1,8744,53,hg19
CTCATTACAACACGTT-1,71,2278,mm10
CTCATTACAAGTGGCA-1,6186,71,hg19
CTCATTACAGCACAGA-1,6599,55,hg19
CTCATTAGTACAGAAT-1,5024,46,hg19
CTCATTAGTATCATGC-1,11036,61,hg19
CTCATTATCCGGTTCT-1,3538,21,hg19
CTCCAACCAACTTCTT-1,3430,39,hg19
CTCCAACGTGAGAACC-1,891,36,hg19
CTCCAACTCACATACG-1,3731,39,hg19
CTCCAACTCCAAGAGG-1,4357,40,hg19
CTCCACACAGCGGATA-1,2735,25,hg19
CTCCACAGTAACGGTG-1,9929,60,hg19
CTCCACATCACCACAA-1,16279,97,hg19
CTCCACATCCGACATA-1,11121,75,hg19
CTCCATGAGCCATCCG-1,5826,29,hg19
CTCCATGGTAGACAAT-1,5523,32,hg19
CTCCATGTCAGCCTTC-1,6406,28,hg19
CTCCCAAAGTATGATG-1,4779,27,hg19
CTCCCAACATATGGCT-1,7230,32,hg19
CTCCCAAGTGGTCTGC-1,62,4204,mm10
CTCCCAAGTTCTTGCC-1,7510,44,hg19
CTCCCAATCACACGAT-1,6363,29,hg19
CTCCCTCAGAATAACC-1,4493,45,hg19
CTCCCTCAGTGCACAG-1,2992,30,hg19
CTCCCTCGTAGGTAGC-1,3835,30,hg19
CTCCCTCTCGTAGAGG-1,687,74,hg19
CTCCCTCTCTTACTGT-1,604,26,hg19
CTCCCTCTCTTCTAAC-1,148,2205,mm10
CTCCGATAGAATTCAG-1,7495,54,hg19
CTCCGATAGTGAGTGC-1,1923,21,hg19
CTCCGATCAAATAGCA-1,96,5410,mm10
CTCCGATCAGACAAGC-1,9023,60,hg19
CTCCGATCAGAGGTTG-1,4283,30,hg19
CTCCGATGTCCGCAGT-1,1055,68,hg19
CTCCTCCAGCCAAGCA-1,12589,80,hg19
CTCCTCCAGCGTGTTT-1,6769,38,hg19
CTCCTCCAGTGTTGAA-1,35,4237,mm10
CTCCTCCCAGCCGTTG-1,4521,46,hg19
CTCCTCCGTCAAACGG-1,4356,29,hg19
CTCCTCCGTGGCTCTG-1,540,16,hg19
CTCCTCCGTTTGGCTA-1,2508,38,hg19
CTCCTCCTCGCGATCG-1,11834,56,hg19
CTCCTTTAGAAGGGAT-1,3561,41,hg19
CTCCTTTAGTGATCGG-1,2333,7422,Multiplet
CTCCTTTGTCTTGTCC-1,9467,68,hg19
CTCCTTTTCCCAGCGA-1,3616,31,hg19
CTCCTTTTCCGTGTCT-1,18815,82,hg19
CTCGAGGAGCCTATCA-1,162,44128,mm10
CTCGAGGAGTACGTCT-1,1782,31,hg19
CTCGAGGAGTAGGAAG-1,2299,27,hg19
CTCGAGGCACGCTTAA-1,4220,36,hg19
CTCGAGGCAGCACAGA-1,1407,17,hg19
CTCGAGGCAGTAACCT-1,3538,26,hg19
CTCGAGGGTATCCTCC-1,10987,81,hg19
CTCGAGGTCTAGGAAA-1,7074,46,hg19
CTCTCAGAGGCTCTCG-1,3099,14,hg19
CTCTCAGCAGCGATTT-1,6133,34,hg19
CTCTCAGTCCTGGGTG-1,5754,29,hg19
CTCTCGACACTAGGCC-1,19997,82,hg19
CTCTCGAGTTCGTGCG-1,1172,13,hg19
CTCTGGTAGTAACCGG-1,5077,40,hg19
CTCTGGTAGTCTTCGA-1,5465,36,hg19
CTCTGGTGTGATACTC-1,8395,53,hg19
CTCTGGTGTTCGAACT-1,3232,26,hg19
CTCTGGTTCCTCACGT-1,2735,21,hg19
CTCTGGTTCGAGCCAC-1,2675,23,hg19
CTGAATGAGGAGAGTA-1,4990,47,hg19
CTGAATGCACAAGGTG-1,9267,52,hg19
CTGAATGCAGTCTCTC-1,2740,38,hg19
CTGAATGGTACAAGTA-1,3062,26,hg19
CTGAATGGTTGGTACT-1,27225,113,hg19
CTGAATGTCAAGCCAT-1,2865,43,hg19
CTGAATGTCAATCTTC-1,10130,57,hg19
CTGAATGTCATACAGC-1,3218,56,hg19
CTGAATGTCCCTCGTA-1,4132,50,hg19
CTGAGCGCACAGCCAC-1,7562,48,hg19
CTGAGCGGTCGTATTG-1,4359,18,hg19
CTGAGCGTCCGTTGGG-1,585,20,hg19
CTGAGCGTCTGGTCAA-1,154,936,mm10
CTGAGGCGTTGGATCT-1,76,22681,mm10
CTGATCCCACACGGAA-1,5470,20,hg19
CTGATCCTCTTACCGC-1,11259,63,hg19
CTGCAGGCATCTTTCA-1,4356,30,hg19
CTGCAGGGTACGAAAT-1,2136,19,hg19
CTGCAGGGTTAAGTCC-1,13335,70,hg19
CTGCAGGTCAAGGACG-1,3804,24,hg19
CTGCATCCATCGCTAA-1,4752,30,hg19
CTGCATCGTCCCAAAT-1,2457,20,hg19
CTGCATCTCAACCCGG-1,10524,41,hg19
CTGCATCTCATCCTAT-1,5820,48,hg19
CTGCCATAGATAGTCA-1,2742,26,hg19
CTGCCATAGTTTGTCG-1,1148,124,hg19
CTGCCATCAAGCGCAA-1,8263,26,hg19
CTGCCATCACTGTGTA-1,1705,25,hg19
CTGCCTACATCATTGG-1,16981,52,hg19
CTGCCTATCTGAGAAA-1,169,4919,mm10
CTGCGAGAGAGTTGTA-1,54,11086,mm10
CTGCGAGAGCGACCCT-1,7608,34,hg19
CTGCGAGAGTTTCAGC-1,33,16970,mm10
CTGCGAGCAACCCTAA-1,2003,28,hg19
CTGCGAGGTCGAAGCA-1,4341,39,hg19
CTGCGAGGTTACCCAA-1,39,6658,mm10
CTGCTCATCTAATTCC-1,2448,26,hg19
CTGGACGAGGAAAGTG-1,9418,44,hg19
CTGGACGAGTCGTCTA-1,38,4866,mm10
CTGGACGCAGTGCCTG-1,2926,33,hg19
CTGGACGCATTCAGCA-1,3678,38,hg19
CTGGACGGTATCCTTT-1,401,17705,mm10
CTGGCAGAGAGTGTGC-1,5555,27,hg19
CTGGCAGAGCTGGAGT-1,24542,66,hg19
CTGGCAGGTGGATACG-1,5325,32,hg19
CTGGTCTAGAAGGCTC-1,148,4817,mm10
CTGGTCTAGCCTGAAG-1,2357,18,hg19
CTGGTCTCACTCGATA-1,6797,38,hg19
CTGGTCTCACTCTGCT-1,3654,47,hg19
CTGGTCTCATCAACCA-1,2744,28,hg19
CTGGTCTGTGACTCTA-1,6500,24,hg19
CTGGTCTTCCTTTGAT-1,4312,58,hg19
CTGGTCTTCGGCTTCT-1,14406,85,hg19
CTGTACCAGCCGATCC-1,2829,35,hg19
CTGTACCCAAGTTCCA-1,5450,28,hg19
CTGTACCGTCTAGATC-1,4317,33,hg19
CTGTACCTCAGACAAA-1,7072,53,hg19
CTGTACCTCTCATGCC-1,7931,50,hg19
CTGTACCTCTCATTTG-1,5098,58,hg19
CTGTACCTCTCGTCGT-1,74,6917,mm10
CTGTAGACAACAGAGC-1,4122,33,hg19
CTGTAGACATACAGAA-1,7216,51,hg19
CTGTAGAGTATCGAAA-1,3802,39,hg19
CTGTATTCACGACGAA-1,1193,23,hg19
CTGTATTGTAAGGTCG-1,1761,15,hg19
CTGTCGTGTTGACGGA-1,1963,16,hg19
CTGTGAAAGATGGTCG-1,558,34,hg19
CTGTGAATCAACGCTA-1,802,23,hg19
CTGTGAATCATTTCGT-1,2345,41,hg19
CTGTGAATCCGCAAAT-1,17262,74,hg19
CTGTGGGAGAGGACTC-1,1042,87,hg19
CTGTGGGAGTGCGTCC-1,5694,31,hg19
CTGTGGGAGTGGTTAA-1,5797,111,hg19
CTTACCGCAGCAGACA-1,8035,73,hg19
CTTACCGCAGCGGTTC-1,1258,12,hg19
CTTACCGCAGGCGATA-1,4012,43,hg19
CTTACCGTCACCGCTT-1,15885,73,hg19
CTTAGGAAGAGTCGAC-1,5156,23,hg19
CTTAGGAAGTCGCCCA-1,8793,80,hg19
CTTAGGACAGTGAGCA-1,2145,20,hg19
CTTAGGAGTCGTGTTA-1,15417,57,hg19
CTTAGGATCCCGAATA-1,2740,34,hg19
CTTAGGATCTGAATCG-1,2765,35,hg19
CTTAGGATCTTGGTCC-1,146,63128,mm10
CTTCAATAGTAAGCAT-1,5333,75,hg19
CTTCAATCACGCTGTG-1,20897,60,hg19
CTTCAATGTCAATGGG-1,8498,35,hg19
CTTCAATGTTAGAGAT-1,3634,26,hg19
CTTCAATTCATCGGGC-1,319,9446,mm10
CTTCAATTCCCGAACG-1,6386,37,hg19
CTTCCGACACTACCGG-1,49,6089,mm10
CTTCCGACAGCGTGAA-1,1687,18,hg19
CTTCCGAGTAGACAGC-1,1338,52,hg19
CTTCCGAGTCATTCCC-1,2191,26,hg19
CTTCCGAGTTAACAGA-1,860,41,hg19
CTTCCGAGTTCGAACT-1,5453,42,hg19
CTTCCGATCTAACGGT-1,7441,47,hg19
CTTCCTTCATAGCACT-1,14550,99,hg19
CTTCGGTAGCGTTAGG-1,3228,18,hg19
CTTCGGTAGCTGTTCA-1,3835,29,hg19
CTTCGGTCACGACGAA-1,4203,19,hg19
CTTCGGTGTACCAATC-1,3244,34,hg19
CTTCGGTGTTCCACAA-1,6190,30,hg19
CTTCGGTTCGCTTAAG-1,1651,27,hg19
CTTCGGTTCTTGCGCT-1,15328,52,hg19
CTTCTAAAGATGGTCG-1,2436,48,hg19
CTTCTAACAATGCAAA-1,9160,40,hg19
CTTCTAAGTTGCAAGG-1,7515,49,hg19
CTTCTAATCAGCGCGT-1,177,8957,mm10
CTTCTAATCTATGTGG-1,410,13309,mm10
CTTCTCTAGAAACCAT-1,6579,48,hg19
CTTCTCTAGACAGTCG-1,2558,27,hg19
CTTCTCTAGGGTAATT-1,5090,22,hg19
CTTCTCTCAAGCCTGC-1,3412,10818,Multiplet
CTTCTCTCAATTCACG-1,562,13375,mm10
CTTCTCTCACCAGTTA-1,837,88,hg19
CTTGAGAAGATCCGAG-1,2896,40,hg19
CTTGAGACACCCAACG-1,11644,78,hg19
CTTGAGACACTAAACC-1,116,3784,mm10
CTTGAGAGTATTGACC-1,84,29245,mm10
CTTGAGAGTTTGCCGG-1,1804,39,hg19
CTTGAGATCCATTTAC-1,7655,29,hg19
CTTGAGATCGGTCGGT-1,4372,22,hg19
CTTGATTAGCTCGGCT-1,11032,50,hg19
CTTGATTCATTGAGCT-1,2637,31,hg19
CTTGATTGTCTATGAC-1,4306,36,hg19
CTTGATTTCAAGCTGT-1,36112,101,hg19
CTTTCAAAGGTCACAG-1,2147,28,hg19
CTTTCAACACACCAGC-1,11160,67,hg19
CTTTCAAGTATCAAGA-1,588,13,hg19
CTTTCAAGTGTCCAAT-1,3098,48,hg19
CTTTCAATCGTGGCGT-1,6806,47,hg19
CTTTCAATCTTACCAT-1,3382,29,hg19
CTTTCGGCATCGATGT-1,1787,25,hg19
CTTTCGGGTTGCGTAT-1,3676,18,hg19
CTTTCGGTCGAACGGA-1,330,168166,mm10
CTTTCGGTCTAGACAC-1,12780,52,hg19
GAAACCTAGAGTGTTA-1,132,40206,mm10
GAAACCTAGATGCTAA-1,8602,35,hg19
GAAACCTAGTTCTACG-1,6358,49,hg19
GAAACCTGTGCAAGAC-1,3925,32,hg19
GAAACCTGTTCCACAA-1,8720,50,hg19
GAAACCTTCTCGCCTA-1,645,34,hg19
GAAATGAAGCGTCAGA-1,6752,50,hg19
GAAATGACAAACCGGA-1,1034,24,hg19
GAAATGAGTAGGAAAG-1,1966,20,hg19
GAAATGATCCATTTGT-1,2218,18,hg19
GAACACTAGCGGACAT-1,82,6625,mm10
GAACACTAGCTGACTT-1,10808,60,hg19
GAACACTGTCATGACT-1,3097,45,hg19
GAACACTGTTGCTCAA-1,1907,35,hg19
GAACACTTCATTCTTG-1,5597,104,hg19
GAACGTTAGTCCTGCG-1,1434,20,hg19
GAACGTTCACAACGCC-1,3843,41,hg19
GAACGTTCATCCTAAG-1,4410,29,hg19
GAACGTTTCCTGCTAC-1,127,17347,mm10
GAACTGTAGCACCAGA-1,1982,19,hg19
GAACTGTCAGACCTAT-1,8022,51,hg19
GAACTGTCATCCTTCG-1,15099,76,hg19
GAACTGTTCACCATAG-1,3145,34,hg19
GAACTGTTCTACAGGT-1,7371,47,hg19
GAAGAATAGCACCCAC-1,3742,35,hg19
GAAGAATCAATAGGAT-1,12619,86,hg19
GAAGAATGTCGCAACC-1,1932,27,hg19
GAAGAATGTTCGTACA-1,3114,15,hg19
GAAGAATGTTGGACCC-1,5963,52,hg19
GAAGAATTCGCTAATG-1,2631,48,hg19
GAAGAATTCTACACTT-1,12019,76,hg19
GAAGCCCAGATAACAC-1,105,6772,mm10
GAAGCCCAGTAATTGG-1,125,66426,mm10
GAAGCCCTCGCAACAT-1,108,5419,mm10
GAAGCCCTCGTTAGAC-1,21,3556,mm10
GAAGCGAGTACGAGTG-1,4473,33,hg19
GAAGCGAGTAGATCCT-1,8080,23,hg19
GAAGCGATCCACAAGT-1,1920,31,hg19
GAAGCGATCGAAACAA-1,4256,24,hg19
GAAGCGATCTCTCTAA-1,10593,44,hg19
GAAGGACCAGCTTTCC-1,3978,38,hg19
GAAGGACTCTCGCTCA-1,740,29,hg19
GAAGGGTAGCCGAATG-1,4054,72,hg19
GAAGGGTAGGCGAACT-1,11213,70,hg19
GAAGGGTCAAACTGCT-1,73,2856,mm10
GAAGGGTGTACTAAGA-1,2445,27,hg19
GAAGTAAGTCCTTAAG-1,7866,47,hg19
GAAGTAAGTTCTCCCA-1,381,19161,mm10
GAAGTAATCTAGTGAC-1,6210,288,hg19
GAAGTAATCTCCTACG-1,1585,64,hg19
GAATAGAAGAAGCCTG-1,2066,31,hg19
GAATAGAAGCTGACAG-1,5453,54,hg19
GAATAGAAGGTACAGC-1,6036,49,hg19
GAATAGAAGTAGTCAA-1,7378,37,hg19
GAATCACAGAGTGAAG-1,1369,19,hg19
GAATCACAGCTGTTCA-1,1852,23,hg19
GAATCACAGTCGAATA-1,3668,24,hg19
GAATCACCATCGTGGC-1,3751,32,hg19
GAATCACGTGATGGCA-1,2684,26,hg19
GAATCGTAGTCATCCA-1,976,20,hg19
GAATCGTCAACGGTAG-1,5013,31,hg19
GAATCGTCACAGAGAC-1,6594,34,hg19
GAATCGTCAGCTGCCA-1,418,20331,mm10
GAATCGTCAGTTGTCA-1,2066,18,hg19
GAATCGTTCATATGGC-1,2402,22,hg19
GAATCGTTCCGCGGAT-1,58,3358,mm10
GACACGCCAAGTGACG-1,358,10461,mm10
GACACGCCAATACGCT-1,162,3485,mm10
GACACGCGTTGGGATG-1,2339,32,hg19
GACACGCTCAAGCGTT-1,8621,38,hg19
GACACGCTCGAGTACT-1,196,5396,mm10
GACAGCCAGAGTTGCG-1,1233,42,hg19
GACAGCCAGGACATCG-1,3434,29,hg19
GACAGCCAGGGATCGT-1,58,7824,mm10
GACAGCCGTACACGTT-1,9815,33,hg19
GACAGCCGTGATATAG-1,4032,26,hg19
GACAGCCGTGGTTTGT-1,95,17202,mm10
GACAGCCTCCGAAGGA-1,1900,27,hg19
GACATCAAGAACGTGC-1,5017,38,hg19
GACATCAGTATTTCTC-1,8830,60,hg19
GACATCAGTGAATATG-1,4623,30,hg19
GACATCAGTTCTCAGA-1,5483,51,hg19
GACATCATCCAAATGC-1,4361,32,hg19
GACATCATCGCCAACG-1,1495,157,hg19
GACCAATAGAATCGCG-1,10219,61,hg19
GACCAATAGATAGCTA-1,139,5824,mm10
GACCAATAGCACCGTC-1,3994,26,hg19
GACCAATAGCTAGCCC-1,3955,24,hg19
GACCAATAGGAAGAAC-1,1811,20,hg19
GACCAATAGGTGCCAA-1,573,22707,mm10
GACCAATAGTTTGGCT-1,7443,53,hg19
GACCAATGTTCATCGA-1,11572,46,hg19
GACCCAGCAAATTAGG-1,797,19,hg19
GACCCAGGTGTTACTG-1,9038,46,hg19
GACCCAGTCGCACGAC-1,22539,83,hg19
GACCCTTAGTGAGTGC-1,2780,26,hg19
GACCCTTTCCGTGGCA-1,15212,48,hg19
GACCGTGAGACGCCCT-1,3446,13,hg19
GACCGTGCACTGGCGT-1,11224,134,hg19
GACCGTGGTGTTCGTA-1,4875,27,hg19
GACCGTGTCCTAGCCT-1,2998,45,hg19
GACCTTCAGCACCTGC-1,1942,56,hg19
GACCTTCCACTGTCGG-1,7888,59,hg19
GACCTTCCAGGGAATC-1,12636,53,hg19
GACCTTCTCACAAGGG-1,3064,36,hg19
GACCTTCTCGTAACAC-1,8314,5064,Multiplet
GACGCTGAGCGATGAC-1,1620,18,hg19
GACGCTGGTGCGAGTA-1,3418,32,hg19
GACGCTGTCAACTTTC-1,16090,65,hg19
GACGCTGTCGGATACT-1,7953,118,hg19
GACTATGAGCAGCCCT-1,1421,22,hg19
GACTATGCATGTGGCC-1,106,5955,mm10
GACTATGGTACCTGTA-1,1810,33,hg19
GACTATGGTCATCACA-1,5242,55,hg19
GACTATGGTGTGTGTT-1,9491,55,hg19
GACTATGTCCGTGTGG-1,250,15534,mm10
GACTCAAAGCTAAATG-1,6184,25,hg19
GACTCAAAGTCAGCCC-1,2250,32,hg19
GACTCAACAGAGGCAT-1,65,10960,mm10
GACTCAATCACAATGC-1,709,31,hg19
GACTCTCAGGCGATAC-1,47,8050,mm10
GACTCTCCACGTTGGC-1,771,21,hg19
GACTCTCGTGACAACG-1,3789,4673,Multiplet
GACTCTCGTGGTGATG-1,2355,35,hg19
GACTCTCGTTTCGACA-1,7968,79,hg19
GACTCTCTCCAGGACC-1,1841,22,hg19
GACTCTCTCCATGCAA-1,7347,44,hg19
GACTCTCTCCGTAGTA-1,2197,104,hg19
GACTCTCTCTGGGCCA-1,232,4399,mm10
GACTGATAGCGACTTT-1,3420,25,hg19
GACTGATAGGTCATAA-1,5814,66,hg19
GACTGATAGTAAGCAT-1,171,7081,mm10
GACTGATAGTGATAGT-1,20254,67,hg19
GACTGATGTAGGGAGG-1,82,38874,mm10
GACTGATTCTGCTTAT-1,4046,44,hg19
GACTTCCAGCTCGGCT-1,7044,79,hg19
GACTTCCCATACGCAT-1,2627,38,hg19
GACTTCCGTCCAATCA-1,10638,79,hg19
GACTTCCGTCTTTCTA-1,3554,25,hg19
GACTTCCGTGAGATCG-1,1955,14,hg19
GACTTCCGTTGGCCTG-1,2563,41,hg19
GACTTCCTCCATAGAC-1,5820,48,hg19
GACTTCCTCCATGAGT-1,1729,44,hg19
GAGAAATAGGTGCTGA-1,2486,3423,Multiplet
GAGAAATAGGTTAGTA-1,5308,32,hg19
GAGAAATAGTCACACT-1,1182,33,hg19
GAGAAATAGTGGATTA-1,4180,38,hg19
GAGAAATGTCCCAAAT-1,4804,7662,Multiplet
GAGAAATTCGAACTCA-1,4362,56,hg19
GAGAAATTCGCTGACG-1,3696,68,hg19
GAGACCCAGAATAGTC-1,14076,55,hg19
GAGACCCAGCACTCAT-1,2391,29,hg19
GAGACCCAGTGGTCAG-1,1335,23,hg19
GAGACCCCATGGCCAC-1,10396,61,hg19
GAGACTTAGCCATTTG-1,4618,21,hg19
GAGACTTAGGACAAGA-1,11710,70,hg19
GAGACTTAGTCTTCGA-1,2226,46,hg19
GAGACTTCACCCTCTA-1,2111,32,hg19
GAGACTTCACTAGAGG-1,3533,31,hg19
GAGAGGTAGAGGGTCT-1,6900,29,hg19
GAGAGGTAGATGCAGC-1,4908,37,hg19
GAGAGGTAGCTAAATG-1,5479,33,hg19
GAGAGGTAGGGCAGAG-1,1035,14,hg19
GAGAGGTCATCATCCC-1,3440,14,hg19
GAGAGGTGTACATTGC-1,938,20,hg19
GAGAGGTGTGAACGGT-1,8416,52,hg19
GAGAGGTGTGCGAGTA-1,1992,48,hg19
GAGAGGTGTGTCACAT-1,1091,29,hg19
GAGAGGTTCCGATAAC-1,1038,50,hg19
GAGATGGCAGAACGCA-1,90,3225,mm10
GAGATGGGTGAGACCA-1,620,18,hg19
GAGATGGGTGCGCTCA-1,283,28426,mm10
GAGATGGTCCTCACTG-1,12715,67,hg19
GAGATGGTCTATGTGG-1,88,4971,mm10
GAGCCTGCAAGAATAC-1,11727,147,hg19
GAGCCTGCATCCTGTC-1,4622,28,hg19
GAGCCTGTCGGCATCG-1,6622,39,hg19
GAGCCTGTCTGGGATT-1,93,2857,mm10
GAGCTGCAGCTCCCTT-1,5551,35,hg19
GAGCTGCAGTCACACT-1,1193,29,hg19
GAGCTGCCACTACACA-1,3048,35,hg19
GAGCTGCGTAGCTGCC-1,3803,34,hg19
GAGCTGCGTCGGCCTA-1,10766,40,hg19
GAGCTGCTCCCATAAG-1,260,8193,mm10
GAGGCAAAGCGGCTCT-1,683,8,hg19
GAGGCAACACAGAAGC-1,6303,53,hg19
GAGGCAACAGGAATCG-1,5483,38,hg19
GAGGCAAGTATTTCTC-1,1788,20,hg19
GAGGCCTAGGCTTAGG-1,10194,39,hg19
GAGGCCTGTAGTCTGT-1,178,4190,mm10
GAGGCCTGTTCTTAGG-1,69,11136,mm10
GAGGGATCAAACTAGA-1,11276,51,hg19
GAGTCATAGAGTCAGC-1,1183,22,hg19
GAGTCATAGGATCACG-1,12259,58,hg19
GAGTCATCACACCTTC-1,6929,71,hg19
GAGTCATCACGGTGCT-1,3419,26,hg19
GAGTCATGTTAAACCC-1,3612,31,hg19
GAGTCATTCAAAGGTA-1,5251,53,hg19
GAGTCATTCGTCTCAC-1,12730,50,hg19
GAGTCTAAGGTAACTA-1,2030,19,hg19
GAGTCTAGTCGATTAC-1,5517,23,hg19
GAGTCTATCATCGGGC-1,74,758,mm10
GAGTCTATCTATGTGG-1,21815,57,hg19
GAGTGAGAGTGATAGT-1,1226,16,hg19
GAGTGAGCAAGTGACG-1,2222,32,hg19
GAGTGAGCACGGTGAA-1,10788,33,hg19
GAGTGAGCATCCGAGC-1,10107,42,hg19
GAGTGAGGTCAGCGTC-1,3018,17,hg19
GAGTGAGGTTCTGAGT-1,49,1669,mm10
GAGTGAGGTTGGGAAC-1,1151,21,hg19
GAGTGAGTCCCTCTCC-1,1274,39,hg19
GAGTGTTAGGGAGGTG-1,4726,40,hg19
GAGTGTTCACTCCACT-1,4421,47,hg19
GAGTGTTCAGCACAAG-1,9369,53,hg19
GAGTTACAGCTCGGCT-1,905,51,hg19
GAGTTACAGTCGCTAT-1,2119,59,hg19
GAGTTACAGTGTACCT-1,133,4055,mm10
GAGTTACCACGGCACT-1,6886,60,hg19
GAGTTACGTTCTCTAT-1,3372,23,hg19
GAGTTGTAGAGTGGCT-1,516,11831,mm10
GAGTTGTGTACCAATC-1,13742,39,hg19
GAGTTGTGTACGATCT-1,3529,27,hg19
GAGTTGTTCAAGAATG-1,5037,29,hg19
GAGTTTGAGCCACAAG-1,169,5183,mm10
GATAGAAAGGGTATAT-1,6280,41,hg19
GATAGAAAGGTAGATT-1,3714,25,hg19
GATAGAACAGACCCGT-1,2791,25,hg19
GATAGAACAGCTGCCA-1,2944,19,hg19
GATAGAACATATTCGG-1,12927,41,hg19
GATAGCTAGCCTTTCC-1,2850,166,hg19
GATAGCTGTACACTCA-1,3542,56,hg19
GATAGCTTCGATTGGT-1,102,4352,mm10
GATCACAAGCCTCTCT-1,5561,57,hg19
GATCACATCTCCTGCA-1,3780,31,hg19
GATCAGTCATCCGGCA-1,2350,26,hg19
GATCATGAGAGTACCG-1,725,10,hg19
GATCATGAGTTGCGCC-1,97,1806,mm10
GATCATGGTTGGTAGG-1,91,8208,mm10
GATCATGTCTTAAGGC-1,6356,36,hg19
GATCCCTGTCTCAAGT-1,2786,38,hg19
GATCCCTGTGCTTCAA-1,6775,45,hg19
GATCGTACAAACGGCA-1,9998,36,hg19
GATCGTACAACTTGGT-1,4764,23,hg19
GATCGTACAAGTATAG-1,1898,24,hg19
GATGACTAGCTCATAC-1,8779,74,hg19
GATGACTAGGATTCCT-1,6442,38,hg19
GATGACTCACCCTTAC-1,664,16251,mm10
GATGACTTCGGCGATC-1,1218,30,hg19
GATGAGGCAACGTATC-1,2630,37,hg19
GATGAGGCATAGGCGA-1,2125,17,hg19
GATGAGGGTTTGACAC-1,5724,41,hg19
GATGAGGTCCATTGCC-1,18375,82,hg19
GATGAGGTCGAGTCCG-1,2010,60,hg19
GATGATCAGTTGCCCG-1,2995,35,hg19
GATGATCCATGTTACG-1,952,43,hg19
GATGATCGTGACTAAA-1,5472,52,hg19
GATGATCTCTGGCCGA-1,7364,37,hg19
GATGCTAAGCTAAATG-1,25190,75,hg19
GATGCTACAAGACGGT-1,40,6625,mm10
GATGCTACACCATTCC-1,9194,60,hg19
GATGCTACACGAAGAC-1,157,9218,mm10
GATGCTACAGCTCCTT-1,2512,15,hg19
GATGCTACAGGCTATT-1,2992,43,hg19
GATGCTAGTCACAATC-1,1481,48,hg19
GATGCTATCTACCACC-1,8437,46,hg19
GATGGAGAGCCTGAAG-1,20443,71,hg19
GATGGAGCATATGCGT-1,4435,23,hg19
GATGTTGAGGATACGC-1,3481,34,hg19
GATGTTGAGGATGCGT-1,1894,17,hg19
GATGTTGCAGACACAG-1,311,15989,mm10
GATGTTGGTGCCTACG-1,488,8708,mm10
GATGTTGGTGTTAGCT-1,1550,20,hg19
GATGTTGTCATGCGGC-1,2401,28,hg19
GATTCGAAGGTAGCAC-1,3331,33,hg19
GATTCGAAGGTCTGGA-1,9392,47,hg19
GATTCGACAGCAATTC-1,3706,63,hg19
GATTCGATCCACGGGT-1,8112,50,hg19
GATTCGATCCGGGACT-1,544,20,hg19
GATTCTTAGCAGCGAT-1,2502,18,hg19
GATTCTTAGTCCGCGT-1,11686,51,hg19
GATTCTTGTCGCCTAG-1,2421,20,hg19
GATTCTTTCTGAACGT-1,1982,23,hg19
GATTCTTTCTGTGCGG-1,34,7318,mm10
GATTGGTAGCACTCTA-1,7888,52,hg19
GATTGGTCAATGCAAA-1,12184,85,hg19
GATTGGTCACCTGATA-1,1823,42,hg19
GATTGGTCACTCCTTG-1,2497,59,hg19
GATTGGTCATCCAACA-1,10988,53,hg19
GATTGGTTCGGACCAC-1,3868,33,hg19
GATTTCTAGCGTGTCC-1,2273,19,hg19
GATTTCTAGGTAAAGG-1,5513,47,hg19
GATTTCTAGTCATGAA-1,3991,34,hg19
GATTTCTCAACCTATG-1,755,19,hg19
GATTTCTGTATGTCTG-1,108,7440,mm10
GATTTCTGTCAATCTG-1,2203,18,hg19
GATTTCTTCGCCCAGA-1,3880,30,hg19
GATTTCTTCGGCTGAC-1,516,23,hg19
GCAACATAGATTGATG-1,287,16748,mm10
GCAACATAGGGATCTG-1,5953,78,hg19
GCAACATAGTTTGGCT-1,3623,31,hg19
GCAACATCAGCGGATA-1,7703,46,hg19
GCAACATGTACCCAGC-1,10158,52,hg19
GCAACATGTCCACATA-1,2701,42,hg19
GCAACATGTGCACATT-1,3877,29,hg19
GCAACATTCTCCTGCA-1,609,30,hg19
GCAACATTCTTTGCTA-1,624,25,hg19
GCAACCGAGATTACCC-1,2615,40,hg19
GCAACCGCAAGAAACT-1,6244,27,hg19
GCAACCGGTAGTGTGG-1,4035,16,hg19
GCAACCGGTCAGTTTG-1,95,1548,mm10
GCAACCGTCGTTGTTT-1,8290,36,hg19
GCACATAAGATGGTAT-1,2132,20,hg19
GCACATAAGCCATTTG-1,3142,48,hg19
GCACATAGTAGTGTGG-1,2557,18,hg19
GCACATAGTGACCGAA-1,7566,31,hg19
GCACGGTAGACCTCCG-1,4858,21,hg19
GCACGGTAGAGTTCGG-1,115,36359,mm10
GCACGGTAGTCGTCTA-1,139,18550,mm10
GCACGGTAGTTCCTGA-1,10795,43,hg19
GCACGGTGTATCGCAT-1,97,6275,mm10
GCACGGTGTTGCAACT-1,3097,55,hg19
GCACGGTTCCGCAAAT-1,4870,29,hg19
GCACGGTTCTGCTTTA-1,2252,41,hg19
GCACGGTTCTGTGCGG-1,6689,54,hg19
GCACGTGAGCCTCCAG-1,2582,27,hg19
GCACGTGAGGGAGGCA-1,4473,34,hg19
GCACGTGCAATAGAGT-1,2034,43,hg19
GCACGTGCAATTCTTC-1,828,39,hg19
GCACGTGGTATTGCCA-1,7012,61,hg19
GCACTAACAATGAACA-1,166,5167,mm10
GCACTAACAGCTGAAG-1,1017,30,hg19
GCACTAACATCTCATT-1,135,34937,mm10
GCACTAAGTAATTAGG-1,3376,108,hg19
GCACTAAGTATGAGGC-1,5827,35,hg19
GCAGCCAAGACCACGA-1,550,26,hg19
GCAGCCAAGCCTTTCC-1,5946,1732,hg19
GCAGCCAAGCGGTAAC-1,3103,34,hg19
GCAGCCAAGTGTAGTA-1,3499,22,hg19
GCAGCCACACCAGGTC-1,86,22479,mm10
GCAGCCACAGCCATTA-1,121,6033,mm10
GCAGCCACAGCCTTCT-1,7016,61,hg19
GCAGCCACATGGGATG-1,2107,34,hg19
GCAGCCAGTCGTTGGC-1,11362,61,hg19
GCAGCTGCACTAACCA-1,5884,30,hg19
GCAGGCTAGCCGATCC-1,6663,43,hg19
GCAGGCTAGGTGGCTA-1,4207,25,hg19
GCAGGCTGTCCCTCAT-1,2272,20,hg19
GCAGTTACATTCATCT-1,3939,25,hg19
GCAGTTATCAAGGAGC-1,46,1095,mm10
GCAGTTATCGAAGTGG-1,1111,7,hg19
GCAGTTATCTATCGCC-1,804,14,hg19
GCATCGGAGCTCCGAC-1,1488,38,hg19
GCATCGGCAAGCTGTT-1,6869,41,hg19
GCATCGGCATTGTGCA-1,5153,37,hg19
GCATCGGGTCCCTGTT-1,129,3809,mm10
GCATCGGTCGAGTTGT-1,10859,41,hg19
GCATCGGTCGTTCTGC-1,2381,22,hg19
GCATCGGTCTCTTAAC-1,15120,34,hg19
GCATCTCAGTCGTCTA-1,3322,59,hg19
GCATCTCCAAGTTGGG-1,64,2945,mm10
GCATCTCCATCCGTTC-1,2370,27,hg19
GCATCTCGTCACTTCC-1,4799,50,hg19
GCATCTCGTCAGCGTC-1,2882,37,hg19
GCATCTCTCTAAGCCA-1,2246,38,hg19
GCATGATGTCAAGCCC-1,3694,25,hg19
GCATGATGTGGCAACA-1,80,5678,mm10
GCATTAGAGGTGCATG-1,5020,17,hg19
GCATTAGAGTATAGAC-1,3670,29,hg19
GCATTAGTCCGCCTAT-1,4930,49,hg19
GCATTAGTCTTGAACG-1,2786,31,hg19
GCCAACGAGATACCAA-1,8178,43,hg19
GCCAACGCAAGAATAC-1,72,3899,mm10
GCCAACGGTCCCTGAG-1,5314,20,hg19
GCCAACGGTGAGTGAC-1,4233,19,hg19
GCCAACGTCGCCAGTG-1,1498,45,hg19
GCCAACGTCGCGTTTC-1,1134,19,hg19
GCCAGCAAGCGCCTTG-1,3191,29,hg19
GCCAGCAAGTTGGACG-1,1003,14,hg19
GCCAGCACAATCGAAA-1,6469,44,hg19
GCCAGCACACAACCGC-1,5514,51,hg19
GCCAGCAGTCCTCAGG-1,4066,42,hg19
GCCAGCAGTCTACAGT-1,9259,33,hg19
GCCAGGTAGGAAAGTG-1,4640,58,hg19
GCCAGGTGTCCAGAAG-1,22723,89,hg19
GCCAGGTGTCGTGGTC-1,2097,102,hg19
GCCAGGTGTTCAAGTC-1,2859,27,hg19
GCCAGGTTCCTAAGTG-1,1920,9624,Multiplet
GCCAGTGAGATAGTCA-1,193,15309,mm10
GCCAGTGAGATGAACT-1,6001,27,hg19
GCCAGTGCATCGCTGG-1,15251,60,hg19
GCCAGTGGTCTAATCG-1,131,27354,mm10
GCCAGTGGTGCCCAGT-1,4454,33,hg19
GCCATGGAGCGTGTCC-1,4176,14688,Multiplet
GCCATGGAGGCCTAGA-1,11847,68,hg19
GCCATGGCAAGGTACG-1,158,5109,mm10
GCCATGGGTAGCTCGC-1,4553,25,hg19
GCCATTCAGCGAATGC-1,5404,22,hg19
GCCATTCAGCGTTGTT-1,3976,24,hg19
GCCATTCCATAACCCA-1,8802,13484,Multiplet
GCCATTCCATGAGTAA-1,80,12767,mm10
GCCATTCGTCTTCTAT-1,281,12728,mm10
GCCATTCTCTTCACGC-1,1399,24,hg19
GCCCAGAGTCACTGAT-1,8468,44,hg19
GCCCAGAGTCCTACAA-1,5235,33,hg19
GCCCAGAGTGAGATTA-1,1960,31,hg19
GCCCAGATCAAGTGTC-1,6230,36,hg19
GCCCAGATCAGTCAGT-1,3052,28,hg19
GCCCAGATCTACGGTA-1,2544,15,hg19
GCCCGAATCACTACGA-1,2672,11264,Multiplet
GCCCGAATCCTGCTAC-1,23864,76,hg19
GCCCGAATCTACACAG-1,7744,44,hg19
GCCCGAATCTCGAACA-1,3797,30,hg19
GCCGATGAGAATAGTC-1,4931,19,hg19
GCCGATGAGCTGACAG-1,2946,28,hg19
GCCGATGCAAATGAAC-1,3709,16,hg19
GCCGATGCACCGTCGA-1,88,36099,mm10
GCCGATGGTAACTTCG-1,1514,29,hg19
GCCGTGAGTATGACAA-1,601,11,hg19
GCCTGTTAGAAACTCA-1,170,10180,mm10
GCCTGTTAGACCTTTG-1,95,2531,mm10
GCCTGTTAGACGCCCT-1,3096,16796,Multiplet
GCCTGTTAGAGTTGAT-1,2572,15,hg19
GCCTGTTAGCATATGA-1,3328,30,hg19
GCCTGTTAGGCATTTC-1,9758,60,hg19
GCCTGTTCAACAACAA-1,2143,26,hg19
GCCTGTTCACATGAAA-1,2805,31,hg19
GCCTGTTCACGGCCAT-1,7068,51,hg19
GCCTGTTCATGACGAG-1,33,2498,mm10
GCGAGAAAGAGGTCAC-1,651,24,hg19
GCGAGAAAGCGTGCCT-1,6261,206,hg19
GCGAGAAAGCTGAAGC-1,5668,35,hg19
GCGAGAACAACCGCCA-1,10442,42,hg19
GCGAGAAGTCGAGCAA-1,4481,34,hg19
GCGAGAAGTCTTGAAC-1,4568,36,hg19
GCGAGAATCAGAGTTC-1,21170,56,hg19
GCGATCGAGCTAGAGC-1,4654,23,hg19
GCGATCGAGGAATCGC-1,5676,55,hg19
GCGATCGAGGCACTAG-1,10861,114,hg19
GCGATCGAGTAAAGCT-1,3955,26,hg19
GCGATCGCAACACGAG-1,2863,17,hg19
GCGATCGCACAGCCAC-1,66,20085,mm10
GCGATCGTCCACACCT-1,44,14830,mm10
GCGATCGTCTCAACGA-1,2110,39,hg19
GCGGAAAGTTCTTGCC-1,1833,32,hg19
GCGGAAATCCGTTGGG-1,4124,24,hg19
GCGGATCCACTTGAAC-1,5700,28,hg19
GCGGATCCAGAGCTAG-1,95,5588,mm10
GCGGATCCAGTGCCTG-1,10040,345,hg19
GCGGATCCATACTGTG-1,2021,16,hg19
GCGGATCTCAGCGCGT-1,166,61058,mm10
GCGTGCAAGCTTAGTC-1,4454,44,hg19
GCGTGCACAAAGCTAA-1,4697,28,hg19
GCGTGCACAAATCCCA-1,8917,659,hg19
GCGTGCAGTAACGCGA-1,3451,25,hg19
GCGTTTCCAATAGGAT-1,2525,20,hg19
GCGTTTCGTTTAGAGA-1,10096,41,hg19
GCTACAATCTCGTTTA-1,3346,33,hg19
GCTACCTAGATGCTAA-1,10365,69,hg19
GCTACCTAGCATGCGA-1,5936,25,hg19
GCTACCTCACGGCCAT-1,2967,24,hg19
GCTACCTGTACGTACT-1,6342,38,hg19
GCTACCTGTGTTAACC-1,5621,57,hg19
GCTCAAACACGTGAGA-1,715,10,hg19
GCTCAAACAGAGTCTT-1,978,15,hg19
GCTCAAACAGTTGAAA-1,556,49,hg19
GCTCAAAGTCACCGAC-1,665,20,hg19
GCTCAAATCTTCCAGC-1,25250,115,hg19
GCTGAATTCGAGTCCG-1,5604,41,hg19
GCTGCAGAGAAACTGT-1,10194,50,hg19
GCTGCAGAGTCCCTAA-1,2374,16,hg19
GCTGCAGGTTAAAGTG-1,7169,33,hg19
GCTGCAGGTTCTCCTG-1,10098,48,hg19
GCTGGGTCACTTCTCG-1,4502,56,hg19
GCTGGGTCAGCTTCGG-1,11762,44,hg19
GCTGGGTGTTCTCGTC-1,6838,47,hg19
GCTTCACGTAAGAACT-1,3937,34,hg19
GCTTCACGTACGAAAT-1,4930,51,hg19
GCTTCACGTCACTTAG-1,65,2323,mm10
GCTTCACGTTCAGTAC-1,5289,43,hg19
GCTTCACTCGACGATT-1,217,8422,mm10
GCTTCACTCTTGGTGA-1,2250,16,hg19
GCTTGGGAGGGTCTTT-1,6042,47,hg19
GCTTGGGGTAACATGA-1,2463,22,hg19
GCTTGGGGTATCCTTT-1,16615,41,hg19
GCTTGGGTCCTACCGT-1,4629,26,hg19
GCTTGGGTCTAGACAC-1,739,17,hg19
GCTTGGGTCTTCACGC-1,2576,31,hg19
GCTTTCGCACAAGTGG-1,15443,80,hg19
GCTTTCGCACAATGAA-1,8196,58,hg19
GCTTTCGTCCATACTT-1,3928,20,hg19
GCTTTCGTCCATTGGA-1,543,35,hg19
GCTTTCGTCTCTATGT-1,3654,25,hg19
GGAACCCAGCATCAAA-1,6167,38,hg19
GGAACCCAGGCTAGCA-1,4427,42,hg19
GGAACCCAGTCTTCCC-1,291,12318,mm10
GGAACCCTCCATCGTC-1,1554,37,hg19
GGAACCCTCCGTATAG-1,3289,29,hg19
GGAAGTGAGAAACTCA-1,12314,85,hg19
GGAAGTGAGGATTACA-1,61,18056,mm10
GGAAGTGTCATCTCTA-1,4466,24,hg19
GGAAGTGTCTTAGGAC-1,5270,26,hg19
GGAATCTAGGGCAGAG-1,14775,50,hg19
GGAATCTGTATGTCCA-1,2072,19,hg19
GGAATCTGTCATGGCC-1,1520,27,hg19
GGAATCTGTCTCAAGT-1,3704,37,hg19
GGAATCTGTCTTGAGT-1,2974,19,hg19
GGAATCTTCCTGTACC-1,264,21932,mm10
GGAATGGAGATAACGT-1,4983,57,hg19
GGAATGGCACCAGTAT-1,2559,39,hg19
GGAATGGGTAGTTCCA-1,34,4992,mm10
GGAATGGTCCATTGTT-1,1475,22,hg19
GGAATGGTCCGAGCTG-1,10923,49,hg19
GGAATGGTCCTCACCA-1,5266,38,hg19
GGAATGGTCGTTACCC-1,5643,43,hg19
GGAATGGTCTTCTAAC-1,5918,44,hg19
GGACGTCAGATCGCTT-1,1018,4003,mm10
GGACGTCAGCCTCTGG-1,2535,28,hg19
GGACGTCAGGGCAATC-1,4250,24,hg19
GGACGTCGTGTTACTG-1,1368,7,hg19
GGACGTCGTTAAAGTG-1,2311,15,hg19
GGACGTCTCCTTCTTC-1,7898,12754,Multiplet
GGACGTCTCGTAGCCG-1,25,6168,mm10
GGAGAACAGGGCTAAC-1,3447,27,hg19
GGAGAACAGTAACAGT-1,2642,41,hg19
GGAGAACAGTTTCTTC-1,2260,26,hg19
GGAGAACGTAGTCACT-1,275,14009,mm10
GGAGAACGTCGGTGTC-1,988,13,hg19
GGAGAACGTGGTAATA-1,2521,16,hg19
GGAGAACTCTGCGGCA-1,98,4953,mm10
GGAGATGAGAACTCCT-1,1565,40,hg19
GGAGATGCACCTATCC-1,3233,28,hg19
GGAGATGGTGGGCTTC-1,632,15,hg19
GGAGATGTCGGAAACG-1,2627,20,hg19
GGAGATGTCTGGTTGA-1,3429,41,hg19
GGAGCAACAACTCATG-1,6146,61,hg19
GGAGCAAGTAACCCTA-1,1827,33,hg19
GGAGCAATCACTACGA-1,57,7689,mm10
GGAGCAATCCTACAAG-1,3537,25,hg19
GGAGCAATCTAAACGC-1,5758,54,hg19
GGAGGATAGGCATTTC-1,4691,32,hg19
GGAGGATTCTCTCGCA-1,3932,46,hg19
GGAGGTAAGAGCACTG-1,152,15136,mm10
GGAGGTAAGGTTAGTA-1,1192,10,hg19
GGAGGTAGTGACAGCA-1,4805,27,hg19
GGAGGTATCAAGCCGC-1,284,6036,mm10
GGAGGTATCGACCTAA-1,5411,39,hg19
GGATCTAAGAGGGTGG-1,3235,30,hg19
GGATCTACATTGACAC-1,4917,47,hg19
GGATCTAGTGTCTTCC-1,3009,450,hg19
GGATCTATCAAGTCGT-1,82,6190,mm10
GGATCTATCTCTATGT-1,7128,33,hg19
GGATGTTAGTAGAATC-1,2261,28,hg19
GGATGTTGTCCGGACT-1,1717,15,hg19
GGATGTTGTCGTGATT-1,93,35205,mm10
GGATGTTGTGACAACG-1,4109,22,hg19
GGATGTTGTTCTCTAT-1,4151,35,hg19
GGATGTTTCCCTTGGT-1,1467,19,hg19
GGATGTTTCCGCGGAT-1,5958,36,hg19
GGATGTTTCCTAGCCT-1,5312,35,hg19
GGATGTTTCTCGACCT-1,16078,66,hg19
GGCACGTAGATGAAGG-1,31444,67,hg19
GGCACGTAGCATTTCG-1,1732,11,hg19
GGCACGTCATAGCTGT-1,7510,45,hg19
GGCACGTGTCCCAAAT-1,11556,39,hg19
GGCACGTGTCGTGTTA-1,78,4659,mm10
GGCACGTGTGAGTCAG-1,2225,37,hg19
GGCACGTTCGTTCTGC-1,2009,33,hg19
GGCAGTCAGACCAGAC-1,75,1676,mm10
GGCAGTCCACTGCACG-1,7935,44,hg19
GGCAGTCGTCTTGAAC-1,131,6946,mm10
GGCGTCACAACAGAGC-1,2218,18,hg19
GGCGTCAGTCTGTAAC-1,4070,18,hg19
GGCGTCATCAAACGTC-1,1554,5079,Multiplet
GGCTGTGAGTCTGGAG-1,4780,13,hg19
GGCTGTGGTACACGTT-1,2939,50,hg19
GGCTGTGGTAGGAAAG-1,6728,42,hg19
GGCTGTGTCTGGGCGT-1,3395,35,hg19
GGCTGTGTCTTGGTGA-1,2174,42,hg19
GGCTTGGAGCCATTTG-1,24987,79,hg19
GGCTTGGCAACGCCCA-1,8963,68,hg19
GGCTTGGCACTTCCTG-1,520,33,hg19
GGCTTGGCAGAGACTG-1,14916,83,hg19
GGCTTGGGTAGCGCCT-1,592,17,hg19
GGCTTGGGTTGTACGT-1,107,9364,mm10
GGCTTTCAGAGAATCT-1,2628,25,hg19
GGCTTTCAGAGAGCCT-1,9201,63,hg19
GGCTTTCAGTGTACCT-1,3941,28,hg19
GGCTTTCCAGTGGTGA-1,383,36434,mm10
GGCTTTCGTTCAGCGC-1,2366,23,hg19
GGCTTTCTCCGCCTAT-1,1285,9186,mm10
GGGAAGTAGCAGAAAG-1,57,24710,mm10
GGGAAGTAGGTTCATC-1,9699,92,hg19
GGGAAGTAGTACTGTC-1,3499,31,hg19
GGGAAGTCACGGCTAC-1,6769,31,hg19
GGGACAAAGTGCAGCA-1,1980,16,hg19
GGGACAACACATAGCT-1,113,35581,mm10
GGGACAACACTAACGT-1,213,14811,mm10
GGGACAAGTCAACGCC-1,1463,21,hg19
GGGACAAGTTTAAGGA-1,303,14636,mm10
GGGACAATCAGCATTG-1,17602,46,hg19
GGGACAATCCTTCTAA-1,9979,129,hg19
GGGACCTAGCGCCTCA-1,3432,38,hg19
GGGACCTAGGGTACGT-1,3568,20,hg19
GGGACCTCAGCCCACA-1,7966,42,hg19
GGGACCTCAGCGCTTG-1,5422,36,hg19
GGGACCTGTAGATTGA-1,4380,25,hg19
GGGACCTGTATGAGAT-1,3731,18,hg19
GGGACTCCACCCTATC-1,4888,36,hg19
GGGACTCCAGCAGGAT-1,9389,43,hg19
GGGACTCGTCTCCTGT-1,2902,40,hg19
GGGACTCGTTGCATCA-1,7288,60,hg19
GGGAGATAGCTTGTTG-1,3645,11,hg19
GGGAGATCAGAGACTG-1,695,92,hg19
GGGAGATGTACCGGAA-1,4488,24,hg19
GGGAGATGTATCAGCT-1,3942,23,hg19
GGGAGATGTGACAGCA-1,5258,40,hg19
GGGAGATGTGATGGCA-1,1643,12,hg19
GGGAGTAAGAAAGCGA-1,6259,51,hg19
GGGAGTAAGCAATAAC-1,3197,41,hg19
GGGAGTACACTGAATC-1,90,45331,mm10
GGGAGTACAGGTTTAC-1,11210,67,hg19
GGGATCCCAGAGAGGG-1,649,2721,mm10
GGGATCCCATCGCCTT-1,4112,23,hg19
GGGATGACACATTACG-1,1869,27,hg19
GGGATGATCGACTCCT-1,7864,44,hg19
GGGATGATCTACTCAT-1,18702,61,hg19
GGGCCATAGAGGTATT-1,1971,16,hg19
GGGCCATAGCCGCTTG-1,13039,47,hg19
GGGCCATAGCGTCGAA-1,6636,17,hg19
GGGCCATAGCTGGCCT-1,2624,27,hg19
GGGCCATCACATACTG-1,5535,11,hg19
GGGCCATCAGATTAAG-1,2379,23,hg19
GGGCCATCATGGAACG-1,2222,21,hg19
GGGCCATGTCACGACC-1,3829,2669,Multiplet
GGGCCATGTGTCCGGT-1,19344,84,hg19
GGGCCATTCGCATTAG-1,3644,26,hg19
GGGCGTTAGATTGATG-1,4275,22,hg19
GGGCGTTAGCGATGCA-1,5938,63,hg19
GGGCGTTCATTACTCT-1,4478,47,hg19
GGGCGTTTCACTTCTA-1,1566,19,hg19
GGGCGTTTCAGGTAAA-1,3448,16,hg19
GGGCGTTTCGATGGAG-1,1852,22,hg19
GGGCTACAGCCTCAAT-1,9319,36,hg19
GGGCTACTCCAATCCC-1,2683,12,hg19
GGGCTCAAGAATCGCG-1,6023,36,hg19
GGGCTCAAGATGGCAC-1,8028,41,hg19
GGGCTCAAGTCAGCCC-1,73,3684,mm10
GGGCTCACATCCGAAT-1,54,10007,mm10
GGGCTCATCAACTACG-1,3115,31,hg19
GGGTAGAAGAGCTGAC-1,2620,31,hg19
GGGTAGAGTGCCCGTA-1,10849,33,hg19
GGGTAGATCAACACGT-1,1020,26,hg19
GGGTAGATCTCGACCT-1,8509,113,hg19
GGGTATTAGAAGGCTC-1,4977,32,hg19
GGGTATTAGACTTCGT-1,91,6253,mm10
GGGTATTAGAGTTGTA-1,16791,67,hg19
GGGTATTAGGGCTGAT-1,5356,49,hg19
GGGTATTAGTCGTTAC-1,74,3137,mm10
GGGTATTCAGAACCGA-1,1262,24,hg19
GGGTATTTCCGTTGAA-1,1016,9,hg19
GGGTATTTCGCAACAT-1,3986,21,hg19
GGGTATTTCTCAAAGC-1,3364,25,hg19
GGGTCACAGATTGATG-1,5305,35,hg19
GGGTCACAGGTCCCTG-1,127,3059,mm10
GGGTCACAGGTCGACA-1,4034,55,hg19
GGGTCACCATTGAAAG-1,4240,30,hg19
GGGTCACGTATCGCGC-1,2209,46,hg19
GGGTCACGTATGAAGT-1,2253,2571,Multiplet
GGGTCACGTCGACTGC-1,5052,26,hg19
GGGTCACGTGGGCTCT-1,6963,34,hg19
GGGTCACGTGTCTTCC-1,4100,21,hg19
GGGTCTGCATCCTTGC-1,2845,31,hg19
GGGTCTGGTGACGTCC-1,2066,43,hg19
GGGTCTGTCAAGAATG-1,8089,36,hg19
GGGTCTGTCCGCACGA-1,7615,51,hg19
GGGTCTGTCTGTCGCT-1,2472,16,hg19
GGGTGAATCAAGGAGC-1,345,6844,mm10
GGGTGAATCGAAGTGG-1,6628,33,hg19
GGGTGAATCGGAACTT-1,1523,11,hg19
GGGTGAATCTATGCCC-1,1102,11,hg19
GGGTGTCAGACGCATG-1,236,8558,mm10
GGGTGTCAGCGACCCT-1,5736,45,hg19
GGGTGTCCAACTTGGT-1,3034,13,hg19
GGGTGTCTCACCGACG-1,1353,17,hg19
GGGTGTCTCGCTGTTC-1,5238,34,hg19
GGGTTATAGACATATG-1,2753,27,hg19
GGGTTATAGCACAAAT-1,1282,24,hg19
GGGTTATCAAAGGATT-1,7731,41,hg19
GGGTTATCAGGTCAAG-1,3252,18,hg19
GGGTTATCAGTCGGTC-1,14404,48,hg19
GGGTTATGTGAATATG-1,2585,13,hg19
GGGTTATGTGCCGTTG-1,87,975,mm10
GGGTTTAAGGAAACGA-1,5292,37,hg19
GGGTTTACATTAAAGG-1,1210,20,hg19
GGGTTTAGTACCGTCG-1,1376,10,hg19
GGTAACTCAATAGTCC-1,76,3658,mm10
GGTAACTCAGTGTACT-1,3975,35,hg19
GGTAACTGTATGCGTT-1,13944,61,hg19
GGTAACTTCAGCTTCC-1,5650,25,hg19
GGTAACTTCGGTATGT-1,12466,57,hg19
GGTAACTTCTGACAGT-1,2438,28,hg19
GGTAATCGTGATAGAT-1,6496,102,hg19
GGTAATCGTTGTGCAT-1,3103,25,hg19
GGTAATCTCCTTCTGG-1,5984,18,hg19
GGTAATCTCTTTGCGC-1,5308,38,hg19
GGTAGAGAGACAGTCG-1,3579,19,hg19
GGTAGAGAGTCCGTCG-1,4152,27,hg19
GGTAGAGCAAGTGCTT-1,1843,2885,Multiplet
GGTAGAGCACTAACCA-1,2212,18,hg19
GGTAGAGCAGTTAGGG-1,4394,31,hg19
GGTAGAGGTGCGTGCT-1,6260,30,hg19
GGTAGAGGTGCTTATG-1,2029,2665,Multiplet
GGTAGAGTCGACGCTG-1,6449,32,hg19
GGTAGAGTCGCGTGAC-1,5031,28,hg19
GGTAGAGTCTACCCAC-1,8926,38,hg19
GGTCACGCAAAGTATG-1,2649,38,hg19
GGTCACGGTACCAGAG-1,7126,29,hg19
GGTCACGGTGGAGAAA-1,13876,107,hg19
GGTCTGGAGATGCTAA-1,1007,18,hg19
GGTCTGGAGCCTCTTC-1,1184,937,hg19
GGTCTGGAGCGATGAC-1,5175,19,hg19
GGTCTGGAGTAACGAT-1,2924,30,hg19
GGTGAAGCAGAGTGTG-1,10266,45,hg19
GGTGAAGGTGAGCCAA-1,3202,25,hg19
GGTGATTAGTATTGCC-1,13424,92,hg19
GGTGATTGTAGCTGTT-1,5838,56,hg19
GGTGATTGTATGTCTG-1,2248,36,hg19
GGTGATTTCTGACAGT-1,520,14,hg19
GGTGGCTAGCGACTAG-1,18559,74,hg19
GGTGGCTCAATTTCCT-1,251,16614,mm10
GGTGGCTCACTATCGA-1,4292,39,hg19
GGTGGCTGTATCCTCC-1,6928,218,hg19
GGTGGCTGTCCAAATC-1,2641,22,hg19
GGTGGCTGTTTACCAG-1,14110,57,hg19
GGTGGCTTCAACTGAC-1,21537,51,hg19
GGTGGCTTCACATACG-1,2977,30,hg19
GGTGGCTTCGTCGATA-1,2697,23,hg19
GGTGGCTTCTGCGGGT-1,20,648,mm10
GGTGTTAAGACTAAGT-1,3995,31,hg19
GGTGTTACAATACAGA-1,250,994,mm10
GGTGTTACAGTCGCAC-1,4748,42,hg19
GGTGTTAGTCCCAAAT-1,11517,64,hg19
GGTTAACGTACTGCGC-1,14391,47,hg19
GGTTAACGTACTGGGA-1,17898,87,hg19
GGTTAACGTGTCCATA-1,2433,16,hg19
GGTTAACGTTCCCAAA-1,3041,32,hg19
GGTTCTCCATATCTGG-1,6758,32,hg19
GGTTCTCGTAGATGTA-1,69,2838,mm10
GGTTCTCGTCAGTCTA-1,6495,27,hg19
GGTTGTAAGAGTCAGC-1,1383,38,hg19
GGTTGTAAGCTGCCAC-1,608,47,hg19
GGTTGTAAGTGAATAC-1,3403,26,hg19
GGTTGTACATGACAAA-1,1771,19380,Multiplet
GGTTGTATCAAATAGG-1,4339,29,hg19
GGTTGTATCGAGAACG-1,4042,32,hg19
GTAACACAGCCGATAG-1,12601,49,hg19
GTAACACCACACCTAA-1,12236,46,hg19
GTAACACCACGGGCTT-1,7595,53,hg19
GTAACACTCTTGTTAC-1,1193,25,hg19
GTAAGTCAGAGTCAGC-1,1562,8,hg19
GTAAGTCAGCTAATCC-1,3232,22,hg19
GTAAGTCAGTGTCATC-1,10970,107,hg19
GTAAGTCAGTTCGCAT-1,172,7106,mm10
GTAAGTCCACAATGTC-1,5068,23,hg19
GTAAGTCCACTGCGTG-1,4266,33,hg19
GTAAGTCCACTGTGAT-1,788,14,hg19
GTAAGTCTCGTGGACC-1,4563,23,hg19
GTAATCGAGATTCGAA-1,1705,17,hg19
GTAATCGAGCGGTAGT-1,638,12,hg19
GTAATCGAGGAATGTT-1,3159,19,hg19
GTAATCGGTTCGTACA-1,1488,31,hg19
GTAATCGTCCTCAGGG-1,1055,26,hg19
GTAATGCAGAAGCTGC-1,25003,59,hg19
GTAATGCCAATTGCGT-1,2692,24,hg19
GTAATGCGTGAATAAC-1,67,9804,mm10
GTAATGCTCCTACAAG-1,2224,85,hg19
GTAATGCTCTTAGCCC-1,2763,22,hg19
GTACAACAGCTTAGTC-1,15023,67,hg19
GTACAGTCACTGGATT-1,11371,62,hg19
GTACAGTGTGATTGGG-1,1411,15,hg19
GTAGAAAAGGGATCAC-1,3299,32,hg19
GTAGAAACAATAGGAT-1,75,1365,mm10
GTAGAAACACATGAAA-1,1418,65,hg19
GTAGAAAGTCTGTTAG-1,3268,38,hg19
GTAGAAAGTTTGGAAA-1,4854,30,hg19
GTAGAGGAGCGCACAA-1,4597,30,hg19
GTAGAGGCACCTGAAT-1,7267,86,hg19
GTAGAGGCATTCTCTA-1,1581,17,hg19
GTAGAGGGTACGAGTG-1,1983,27,hg19
GTAGAGGTCATAGACC-1,3832,25,hg19
GTAGAGGTCCAGCCTT-1,1568,13,hg19
GTAGAGGTCTCTGCTG-1,4237,50,hg19
GTAGATCGTCACTCTC-1,235,9376,mm10
GTAGATCTCTGCACCT-1,5421,29,hg19
GTAGATCTCTGCTGAA-1,1089,20,hg19
GTAGCTAAGGCGAACT-1,2318,23,hg19
GTAGCTAAGGCTAAAT-1,1478,26,hg19
GTAGCTAGTACGCTAT-1,2122,26,hg19
GTAGCTATCTCGCTTG-1,109,4544,mm10
GTAGCTATCTGTTGGA-1,17718,93,hg19
GTAGGAGCACTGTCGG-1,719,12,hg19
GTAGGAGCAGGATGAC-1,2825,16,hg19
GTAGGAGTCACCGCTT-1,1681,37,hg19
GTAGGTTAGGACGGAG-1,3109,20,hg19
GTAGGTTCAGCACGAA-1,1164,17,hg19
GTAGGTTGTAGCCAGA-1,3091,26,hg19
GTAGGTTTCAGGCGAA-1,11251,43,hg19
GTAGTACAGTTAGTGA-1,1072,28,hg19
GTAGTACCAGCACGAA-1,21345,74,hg19
GTAGTACGTCCAGTTA-1,3489,26,hg19
GTAGTACTCCTTGACC-1,1262,14,hg19
GTAGTACTCGTTCTGC-1,14288,56,hg19
GTAGTACTCTCGGTAA-1,926,24,hg19
GTATTGGAGCATGTTC-1,2271,22,hg19
GTATTGGCAAACCACT-1,139,3430,mm10
GTATTGGGTGTGTGTT-1,2758,29,hg19
GTATTGGGTTTCGGCG-1,4223,11,hg19
GTATTGGTCACAAGGG-1,5012,35,hg19
GTATTGGTCTCCCTAG-1,5361,31,hg19
GTATTTCAGAGTCCGA-1,2205,32,hg19
GTATTTCAGCATCCTA-1,16134,64,hg19
GTATTTCAGTCAACAA-1,4763,49,hg19
GTATTTCCACTACCGG-1,7092,42,hg19
GTATTTCCATCTCGTC-1,12379,51,hg19
GTATTTCGTTGGTGTT-1,1115,15,hg19
GTATTTCTCACCATCC-1,1726,24,hg19
GTATTTCTCAGCCCAG-1,2362,28,hg19
GTCAAACTCAGACCCG-1,24032,86,hg19
GTCAAACTCCAAGCAT-1,3927,31,hg19
GTCAAACTCCCGAGGT-1,3222,27,hg19
GTCAAGTGTACGAGCA-1,279,10539,mm10
GTCAAGTGTCACTACA-1,5558,36,hg19
GTCACGGAGACGCTCC-1,1979,21,hg19
GTCACGGAGTTTGAGA-1,1289,3757,mm10
GTCACGGCAAAGACTA-1,6072,31,hg19
GTCACGGCAGCTCTGG-1,3298,17,hg19
GTCACGGGTAATACCC-1,5061,40,hg19
GTCACGGGTCTAGGTT-1,7578,52,hg19
GTCACGGTCATTGGTG-1,6474,35,hg19
GTCACGGTCCTACCGT-1,8307,50,hg19
GTCACGGTCGCTCATC-1,5654,20,hg19
GTCACTCAGAGAGTGA-1,2737,27,hg19
GTCACTCCAAGTATAG-1,4233,44,hg19
GTCACTCGTGAATTAG-1,4135,82,hg19
GTCACTCTCAGGAAGC-1,2923,17,hg19
GTCAGCGAGACCAAAT-1,8958,52,hg19
GTCAGCGAGCAATAGT-1,9553,46,hg19
GTCAGCGAGCTTCGTA-1,315,3560,mm10
GTCAGCGCACATTGTG-1,4724,1875,hg19
GTCAGCGGTACAGAGC-1,2880,46,hg19
GTCAGCGGTCCCGGTA-1,11104,61,hg19
GTCAGCGGTCGCGTCA-1,13664,64,hg19
GTCAGCGGTCGGCTAC-1,2560,15,hg19
GTCAGCGGTTCAGCGC-1,1776,3105,Multiplet
GTCAGCGTCACAGAGG-1,2124,13,hg19
GTCATCCAGGTCGTCC-1,10675,52,hg19
GTCATCCCAATACCTG-1,2618,31,hg19
GTCATCCCACTTCCTG-1,1793,35,hg19
GTCATCCCATGTGCTA-1,2945,18,hg19
GTCATCCTCGTTCATT-1,211,32939,mm10
GTCATCCTCTGGAAGG-1,4174,30,hg19
GTCATGAGTACGGCAA-1,1848,18,hg19
GTCATGAGTCGAGCAA-1,11490,35,hg19
GTCATGAGTGCAGGAT-1,46,13758,mm10
GTCATGAGTGCGAACA-1,69,2860,mm10
GTCATTTAGTAAACGT-1,64,14529,mm10
GTCATTTAGTAGACAT-1,4376,31,hg19
GTCATTTCAAGACCGA-1,3837,31,hg19
GTCATTTCATCTTTCA-1,9129,55,hg19
GTCATTTGTCAGTCCG-1,2749,22,hg19
GTCATTTGTGGCGCTT-1,3466,22,hg19
GTCATTTTCGTTGTTT-1,5600,58,hg19
GTCATTTTCTGCTTAT-1,5784,36,hg19
GTCCACTAGTGCACAG-1,4590,35,hg19
GTCCACTCAAGCCATT-1,114,4761,mm10
GTCCACTTCCACATAG-1,12039,64,hg19
GTCCCATAGTTCTACG-1,6258,53,hg19
GTCCCATAGTTGCTGT-1,4528,23,hg19
GTCCCATCAAGGCAAC-1,3832,41,hg19
GTCCCATGTGCTTCAA-1,7228,82,hg19
GTCCCATTCCTTATAC-1,214,2713,mm10
GTCCTCATCACAAGGG-1,5863,43,hg19
GTCCTCATCGCCAATA-1,2606,21,hg19
GTCGAATCAGAGAATT-1,15676,74,hg19
GTCGAATTCTTAGTTC-1,2118,22,hg19
GTCGCGAAGAATCGAT-1,9319,36,hg19
GTCGCGACAAATCCCA-1,94,6424,mm10
GTCGCGACAGCAGTAG-1,2069,21,hg19
GTCGCGAGTCCTCCAT-1,4838,15,hg19
GTCGCGAGTCGGAAAC-1,72,5626,mm10
GTCGCGATCGCAGAGA-1,1706,17,hg19
GTCGCGATCGTAGCTA-1,6235,36,hg19
GTCGTAAAGGCCCACT-1,7145,131,hg19
GTCGTAACATACATCG-1,72,16483,mm10
GTCGTAATCCTCTAGC-1,2682,39,hg19
GTCGTAATCTACCCAC-1,2262,8,hg19
GTCGTAATCTATCGTT-1,1530,20,hg19
GTCGTTCAGAGAAGGT-1,5576,48,hg19
GTCGTTCCACCTCTGT-1,5098,28,hg19
GTCTACCAGTTACGGG-1,3086,17,hg19
GTCTACCCACTGTTCC-1,14767,62,hg19
GTCTACCTCCTGGGAC-1,5066,42,hg19
GTCTACCTCGGCAGTC-1,5902,38,hg19
GTCTAGAAGACACACG-1,4765,30,hg19
GTCTAGAAGAGGTATT-1,6093,83,hg19
GTCTAGACAACTCCCT-1,833,64,hg19
GTCTAGAGTCGTTGGC-1,16667,52,hg19
GTCTAGAGTGCATACT-1,30069,84,hg19
GTCTAGATCATGCCGG-1,2338,24,hg19
GTCTAGATCCACCTCA-1,2075,28,hg19
GTCTAGATCCATAAGC-1,4830,32,hg19
GTCTAGATCCATTTCA-1,7914,60,hg19
GTCTCACAGCACCGTC-1,18141,69,hg19
GTCTCACGTGCGCTCA-1,6250,45,hg19
GTCTGTCCAAATACAG-1,2316,83,hg19
GTCTGTCCAAGTTCGT-1,742,11,hg19
GTCTGTCCACAGCATT-1,1944,26,hg19
GTCTGTCGTAGCGATG-1,5078,25,hg19
GTCTGTCGTCATCAGT-1,5386,37,hg19
GTCTTTAAGGGACAGG-1,2391,66,hg19
GTCTTTAAGTCAACAA-1,3452,34,hg19
GTCTTTACAGAGTCAG-1,3014,41,hg19
GTCTTTAGTGATTCTG-1,3029,20,hg19
GTCTTTATCGTCTAAG-1,56,12994,mm10
GTGACGCAGAAGGTAG-1,10574,60,hg19
GTGACGCCAGCTATAC-1,130,7157,mm10
GTGACGCCATTGTGCA-1,764,11,hg19
GTGAGCCCAGTAGTTC-1,5834,34,hg19
GTGAGCCCATTCATCT-1,1237,31,hg19
GTGAGCCGTATCGCTA-1,3786,28,hg19
GTGAGCCGTGGGATTG-1,2027,13,hg19
GTGAGCCTCGAGCTGC-1,6154,56,hg19
GTGAGGACAGTTCTAG-1,3737,27,hg19
GTGAGGAGTGGAAATT-1,3735,18,hg19
GTGAGGATCCTATTGT-1,2860,33,hg19
GTGAGTTAGAGCTGCA-1,3539,24,hg19
GTGAGTTGTTGCAACT-1,2935,21,hg19
GTGCACGAGCCTATCA-1,9024,43,hg19
GTGCAGCAGACCATAA-1,4308,44,hg19
GTGCAGCAGGGATCGT-1,73,20418,mm10
GTGCAGCAGGTGAGCT-1,2829,14,hg19
GTGCAGCCAAGCTCTA-1,38,19159,mm10
GTGCAGCCACTGGCCA-1,3987,10044,Multiplet
GTGCAGCCAGAGGACT-1,96,4644,mm10
GTGCAGCGTCGCGTTG-1,2383,9,hg19
GTGCGTGCAGACCATT-1,3815,41,hg19
GTGCGTGCAGTCGTTA-1,1873,12,hg19
GTGCGTGGTCCAGCAC-1,2313,26,hg19
GTGCGTGGTGTTTCTT-1,2448,22,hg19
GTGCGTGTCATCTACT-1,4907,27,hg19
GTGCGTGTCCATCAGA-1,8386,1419,hg19
GTGCGTGTCCTATTTG-1,6561,32,hg19
GTGCTGGAGCCAGACA-1,76,2489,mm10
GTGCTGGCAATACCCA-1,1338,23,hg19
GTGCTGGCACAATGAA-1,103,5100,mm10
GTGCTGGGTATCCTCC-1,2682,8660,Multiplet
GTGCTGGTCGAAGCCC-1,5168,40,hg19
GTGCTGGTCTGGACCG-1,258,11091,mm10
GTGCTTCCAGGTTCGC-1,70,21294,mm10
GTGCTTCGTATCGCTA-1,5618,45,hg19
GTGCTTCGTTGCACGC-1,8509,68,hg19
GTGCTTCTCGGCTTCT-1,107,7321,mm10
GTGGAAGCAAGACGAC-1,2940,22,hg19
GTGGAAGCATCTGCGG-1,575,15,hg19
GTGGAAGGTGTATTCG-1,3974,31,hg19
GTGGAAGGTTACGTAC-1,4827,40,hg19
GTGGAAGTCTGCGGCA-1,10495,42,hg19
GTGGAGAGTATCGCTA-1,2630,30,hg19
GTGGAGATCCCGAGTG-1,6801,67,hg19
GTGGCGTTCGCCGATG-1,1784,17,hg19
GTGGGAAAGACCTGGA-1,8488,57,hg19
GTGGGAAAGTCGGCAA-1,3299,22,hg19
GTGGGAACATTGCCTC-1,5998,28,hg19
GTGGGAAGTAGTACGG-1,2595,43,hg19
GTGGGAAGTTATCTGG-1,1589,14,hg19
GTGGTTAAGAGGCGGA-1,1754,23,hg19
GTGGTTAAGTGACACG-1,104,6324,mm10
GTGGTTACAACAGAGC-1,9139,41,hg19
GTGGTTACAACAGTGG-1,2124,35,hg19
GTGGTTACAAGTGGTG-1,199,2093,mm10
GTGGTTAGTATACCCA-1,49,1897,mm10
GTGGTTAGTGGCTTAT-1,3394,19,hg19
GTGGTTATCATTCATC-1,6838,49,hg19
GTGTAACAGGTGCTAG-1,4306,23,hg19
GTGTAACAGTAGTGCG-1,3785,2910,Multiplet
GTGTAACCAATTAGGA-1,812,22,hg19
GTGTAACCACGGCTAC-1,8928,33,hg19
GTGTAACGTGATAGTA-1,719,13,hg19
GTGTAACTCTCCACTG-1,4761,38,hg19
GTGTCCTAGTTTCGAC-1,6914,90,hg19
GTGTCCTCAATAGAGT-1,215,6197,mm10
GTGTCCTTCAAATAGG-1,12207,56,hg19
GTGTGATAGTCCCAAT-1,3712,30,hg19
GTGTGATCACGACAGA-1,5537,41,hg19
GTGTGATCATCTTTCA-1,9267,49,hg19
GTGTGATTCACAATGC-1,2438,21,hg19
GTGTGGCCAGCGAGTA-1,2369,22,hg19
GTGTGGCGTGACCTGC-1,1993,8,hg19
GTGTGGCGTGTATTGC-1,39,6940,mm10
GTGTGGCTCGAGAATA-1,3136,16,hg19
GTGTGGCTCTCCGAAA-1,2830,30,hg19
GTGTTAGCAAACGAGC-1,8651,54,hg19
GTGTTAGCATGGCTGC-1,4894,34,hg19
GTGTTAGTCACCTTAT-1,4184,13,hg19
GTGTTCCAGAAGCGCT-1,2317,15,hg19
GTGTTCCAGAGTCGAC-1,5902,39,hg19
GTGTTCCCATACACCA-1,3043,38,hg19
GTGTTCCGTAACTGCT-1,1468,12,hg19
GTTACAGAGGACACTG-1,1184,35,hg19
GTTACAGCAGTCCGTG-1,5125,35,hg19
GTTACAGTCCACGAAT-1,14030,71,hg19
GTTACCCCACTTGGGC-1,74,2831,mm10
GTTACCCTCGGCTATA-1,3388,14,hg19
GTTACCCTCTATACGG-1,2936,32,hg19
GTTACCCTCTGGGCAC-1,3314,50,hg19
GTTACGAAGGTGCAGT-1,105,1164,mm10
GTTACGACACACCGCA-1,2327,27,hg19
GTTACGACACCTCTAC-1,8129,44,hg19
GTTACGACAGATGCGA-1,117,5080,mm10
GTTACGACATTCGATG-1,1896,17,hg19
GTTACGACATTGCCTC-1,2904,52,hg19
GTTACGAGTGCTCTCT-1,3139,19,hg19
GTTACGAGTTAGGAGC-1,4837,16,hg19
GTTACGATCCCTAGGG-1,3062,17501,Multiplet
GTTACGATCGAGAAAT-1,8201,36,hg19
GTTAGACAGTTGAAGT-1,4172,21,hg19
GTTAGACCAGCTGAAG-1,6525,32,hg19
GTTAGTGCAACCGCCA-1,1955,19,hg19
GTTAGTGCACAGCATT-1,19647,64,hg19
GTTAGTGCATCTGCGG-1,3341,31,hg19
GTTAGTGGTATCACGT-1,34,2863,mm10
GTTAGTGGTCTTGCTC-1,2377,27,hg19
GTTAGTGGTGGCGTAA-1,7962,22,hg19
GTTAGTGGTTGTTTGG-1,8600,33,hg19
GTTATGGAGCCTCACG-1,3021,50,hg19
GTTATGGCAACTCCCT-1,70,9620,mm10
GTTATGGGTCCGGATC-1,5131,25,hg19
GTTATGGGTGATACAA-1,7374,39,hg19
GTTATGGGTTCTCACC-1,616,13,hg19
GTTATGGTCCCTCGTA-1,3860,26,hg19
GTTCATTGTAAGTCAA-1,5167,31,hg19
GTTCATTTCCGAGATT-1,45,6936,mm10
GTTCCGTAGCCTTGAT-1,4968,58,hg19
GTTCCGTAGGCCCAAA-1,4321,31,hg19
GTTCCGTCATCAGCTA-1,77,803,mm10
GTTCCGTTCCATTGCC-1,5385,40,hg19
GTTCGCTAGAATCTAG-1,5565,27,hg19
GTTCGCTAGTACAACA-1,2582,22,hg19
GTTCGCTAGTATGATG-1,835,52,hg19
GTTCGCTAGTCACGAG-1,887,52,hg19
GTTCGCTGTACCGTCG-1,3464,24,hg19
GTTCGCTTCAGGAAGC-1,4933,30,hg19
GTTCGCTTCATTACTC-1,709,22,hg19
GTTCTATAGAAGCTCG-1,3891,23,hg19
GTTCTATAGAGGGTAA-1,5224,150,hg19
GTTCTATAGGTTGTTC-1,20834,73,hg19
GTTCTATCAGGCCCTA-1,1043,18,hg19
GTTCTATGTATGCTAC-1,2552,28,hg19
GTTCTATGTCACTTAG-1,116,5028,mm10
GTTCTATGTGCCGTAC-1,4011,22,hg19
GTTCTATGTGTACGCC-1,4109,28,hg19
GTTCTATGTTTACCAG-1,6953,41,hg19
GTTCTATTCAATCAGC-1,572,16,hg19
GTTGCGGAGAAGGTAG-1,77,2355,mm10
GTTGCGGAGAGGTGCT-1,9903,58,hg19
GTTGCGGCATGACCCG-1,4972,30,hg19
GTTGCGGGTTAAGCAA-1,11039,51,hg19
GTTGCGGTCAGGAACG-1,7183,32,hg19
GTTGCGGTCCGCATAA-1,2902,55,hg19
GTTGCTCCAATTGCTG-1,1870,19,hg19
GTTGCTCCAGGAATCG-1,669,20,hg19
GTTGCTCCATGGGATG-1,68,5438,mm10
GTTGCTCGTAATGATG-1,74,2072,mm10
GTTGCTCTCGCCGTGA-1,22427,47,hg19
GTTGCTCTCTCACTCG-1,3373,31,hg19
GTTGTAGAGATGCCGA-1,775,27,hg19
GTTGTAGAGCAGCGAT-1,2757,27,hg19
GTTGTAGAGCGGGTAT-1,9556,24,hg19
GTTGTAGCATCAGTGT-1,12777,42,hg19
GTTGTAGGTTAAGGGC-1,2966,27,hg19
GTTGTAGGTTATTCTC-1,1808,22,hg19
GTTGTCCAGAAACCCG-1,1027,12,hg19
GTTGTCCGTCACGACC-1,2894,36,hg19
GTTGTCCGTGCCTATA-1,741,27,hg19
GTTGTCCGTTATCTGG-1,6601,2232,Multiplet
GTTGTGACAATTTCCT-1,12028,69,hg19
GTTGTGACAGGGTTGA-1,1440,19,hg19
GTTGTGACATGGGATG-1,10096,58,hg19
GTTTACTAGGAGACCT-1,199,20647,mm10
GTTTACTAGTCACAGG-1,1565,17,hg19
GTTTACTCATTCTGTT-1,58,7070,mm10
GTTTACTGTGTAACGG-1,2708,14,hg19
GTTTACTTCAGTGCGC-1,61,11966,mm10
GTTTACTTCATTTACC-1,4428,32,hg19
GTTTACTTCCTGCCAT-1,11833,51,hg19
GTTTACTTCGACCTAA-1,1054,41,hg19
GTTTGGACAGCGAGTA-1,101,28768,mm10
GTTTGGATCAGAGTGG-1,2873,23,hg19
TAACACGAGCTGTTAC-1,1748,36,hg19
TAACACGGTAATGATG-1,6635,39,hg19
TAACACGGTCTTACAG-1,5019,35,hg19
TAACACGTCGGCACTG-1,2247,33,hg19
TAACCAGAGCCTTTCC-1,695,43,hg19
TAACCAGCAATTCTTC-1,18066,104,hg19
TAACCAGCAGATAAAC-1,6633,47,hg19
TAACCAGGTGGCCACT-1,2158,29,hg19
TAACGACAGATCACCT-1,140,49336,mm10
TAACGACAGATTACCC-1,2414,21,hg19
TAACGACAGCAATTCC-1,5864,40,hg19
TAACGACAGCAGTAAT-1,12343,59,hg19
TAACGACAGGCGTTAG-1,601,30,hg19
TAACGACAGTCAAGCG-1,1121,35,hg19
TAACGACCACAGTCCG-1,2716,79,hg19
TAACGACCACGACAGA-1,3987,41,hg19
TAACGACTCTTCCCGA-1,227,8298,mm10
TAACTTCAGAAACACT-1,4315,79,hg19
TAACTTCGTCCCAAAT-1,7176,59,hg19
TAACTTCTCCACTAGA-1,12251,87,hg19
TAACTTCTCGGACTGC-1,3778,30,hg19
TAACTTCTCGTACCTC-1,6292,57,hg19
TAAGCACCAAACTAGA-1,2106,33,hg19
TAAGCACCATCCTGTC-1,1652,30,hg19
TAAGCACTCTGAGATC-1,2479,24,hg19
TAAGCCAAGCGAGGAG-1,3872,27,hg19
TAAGCCAAGGGTGAGG-1,2271,16,hg19
TAAGCCAAGTTGCATC-1,6850,27,hg19
TAAGCCAGTAGACACG-1,4964,27,hg19
TAAGCGTAGCGCTGAA-1,6101,39,hg19
TAAGCGTAGGAGAGGC-1,71,1068,mm10
TAAGCGTAGTTTAGGA-1,2935,41,hg19
TAAGCGTCACTTACAG-1,2138,16,hg19
TAAGTCGCACATTCGA-1,8387,34,hg19
TAATCTCAGACCAAAT-1,5511,58,hg19
TAATCTCAGCGAAACC-1,9860,55,hg19
TAATCTCAGCTAATCC-1,4221,39,hg19
TAATCTCCAACAAGTA-1,1176,19,hg19
TAATCTCGTCCACTCT-1,66,14942,mm10
TAATCTCGTGGCCCAT-1,1901,22,hg19
TAATCTCTCACACCCT-1,609,31,hg19
TAATCTCTCTGTCCCA-1,8945,42,hg19
TAATTCCAGGGACACT-1,5319,80,hg19
TACAACGGTGGAACCA-1,1884,13,hg19
TACAACGTCAATCAGC-1,401,12631,mm10
TACAACGTCCAACTAG-1,210,8680,mm10
TACACCCAGACTTCGT-1,4233,38,hg19
TACACCCCATCATCTT-1,8768,53,hg19
TACACCCGTAGCTAAA-1,3317,25,hg19
TACACCCGTCTGTTAG-1,2995,25,hg19
TACACCCTCCTCTGCA-1,17205,113,hg19
TACAGGTAGCGTTCAT-1,14586,55,hg19
TACAGGTAGGCACCAA-1,9951,56,hg19
TACAGGTAGTCACTGT-1,3853,23,hg19
TACAGGTGTAAGCAAT-1,9726,76,hg19
TACAGGTTCCTGCTAC-1,7845,53,hg19
TACAGGTTCTTCACGC-1,14750,60,hg19
TACATTCCACCAGTTA-1,2567,42,hg19
TACCCACAGAAACTGT-1,4841,41,hg19
TACCCACCAACTGTGT-1,3750,35,hg19
TACCCACGTGTTGACT-1,8182,62,hg19
TACCCACTCGTGGGAA-1,11701,44,hg19
TACCCGTAGCTAGTTC-1,748,10,hg19
TACCCGTCAAGCTGCC-1,16803,77,hg19
TACCCGTCAGGCTTGC-1,7493,41,hg19
TACCCGTCATTCTCCG-1,4577,68,hg19
TACCCGTGTAGGTTTC-1,1805,20,hg19
TACCCGTGTGCCTTCT-1,4982,33,hg19
TACCCGTTCACGATCA-1,4957,37,hg19
TACCCGTTCAGTCCGG-1,596,19,hg19
TACCGAAAGAGCTGAC-1,3049,25,hg19
TACCGAAAGGGCTTCC-1,130,13428,mm10
TACCGAAAGGTAGCAC-1,3086,39,hg19
TACCGAACAAAGCTAA-1,6598,54,hg19
TACCGAAGTCGGAAAC-1,2189,30,hg19
TACCGAAGTGTTGATC-1,2154,16,hg19
TACCGAATCAGACCGC-1,72,963,mm10
TACCTCGCAGCCGGTT-1,510,35,hg19
TACCTCGGTACAAAGT-1,2833,21,hg19
TACCTCGGTACTGAGG-1,3830,26,hg19
TACCTCGTCAGGTAAA-1,4076,22,hg19
TACCTGCAGACTACGG-1,6154,24,hg19
TACCTGCAGCACTAAA-1,50,3086,mm10
TACCTGCAGCGAGGAG-1,4622,26,hg19
TACCTGCGTGCGTGCT-1,8484,50,hg19
TACGCTCAGAACGTGC-1,9339,73,hg19
TACGCTCCAACCAGAG-1,7225,73,hg19
TACGCTCGTGTCGATT-1,85,26694,mm10
TACGCTCTCATGACAC-1,880,122,hg19
TACGGGCAGAAGCCTG-1,5062,24,hg19
TACGGGCAGGAGTACC-1,4841,21,hg19
TACGGGCAGTGTTCCA-1,5219,37,hg19
TACGGGCCACGCTATA-1,4808,34,hg19
TACGGGCCAGCAGGAT-1,30,1824,mm10
TACGGGCGTAACACCT-1,1028,20,hg19
TACGGGCGTGAGACGT-1,60,14723,mm10
TACGGGCGTGTGATGG-1,42,7960,mm10
TACGGGCTCAAGAATG-1,2467,25,hg19
TACGGGCTCTTTACAC-1,6482,42,hg19
TACGGTACAAGGCAAC-1,7976,210,hg19
TACGGTACATGACAAA-1,10073,78,hg19
TACGGTATCACAGTGT-1,3394,30,hg19
TACGGTATCATCGACA-1,7457,50,hg19
TACGGTATCCGGCAAC-1,2138,14,hg19
TACGTCCCAAGTGATA-1,2254,26,hg19
TACGTCCCAATACAGA-1,2214,21,hg19
TACGTCCCAGAACTTC-1,7072,53,hg19
TACGTCCGTACGCTAT-1,5601,53,hg19
TACGTCCGTAGACAAT-1,183,16624,mm10
TACGTCCGTTAAGACA-1,5699,29,hg19
TACGTCCGTTCTCCTG-1,247,15357,mm10
TACGTCCGTTCTTGCC-1,1857,30,hg19
TACGTCCTCCCTGGTT-1,4565,34,hg19
TACGTCCTCGTAACCA-1,181,4833,mm10
TACTGCCCACACTGGC-1,25754,83,hg19
TACTGCCCACCCTATC-1,3729,95,hg19
TACTGCCCATCCGGCA-1,12148,87,hg19
TACTGCCCATCTATCT-1,13338,70,hg19
TACTGCCGTACTCGAT-1,1912,31,hg19
TACTGCCGTTGAGAGC-1,1119,12,hg19
TACTTACTCCAGCCTT-1,9303,92,hg19
TACTTCAAGCTCGACC-1,522,62,hg19
TACTTCACACATCATG-1,4076,36,hg19
TACTTCACATTGAGGG-1,11555,59,hg19
TACTTCATCTACTGCC-1,3365,40,hg19
TACTTGTCAGCTTTCC-1,8495,53,hg19
TACTTGTCATGATGCT-1,5475,22,hg19
TACTTGTCATTCCTCG-1,199,6379,mm10
TACTTGTGTCTCTCCA-1,5976,85,hg19
TACTTGTTCAACGTGT-1,5766,25,hg19
TACTTGTTCGGAATGG-1,3987,117,hg19
TAGACCAAGCACGTCC-1,2831,33,hg19
TAGACCAGTAATGCTC-1,2157,16,hg19
TAGACCAGTCTCACGG-1,7717,52,hg19
TAGACCATCGCTCTCA-1,256,10165,mm10
TAGACTGAGCTGAGCA-1,105,5632,mm10
TAGACTGAGGTCACTT-1,3572,26,hg19
TAGACTGCAAAGACGC-1,123,8490,mm10
TAGACTGCACAACATC-1,5554,50,hg19
TAGACTGCACGTCGGT-1,719,53,hg19
TAGAGTCAGAGCATCG-1,3864,38,hg19
TAGAGTCCAAGAGATT-1,3674,47,hg19
TAGAGTCGTAACACCT-1,4869,43,hg19
TAGAGTCGTCGTACAT-1,11046,52,hg19
TAGATCGAGAACAGGA-1,2037,30,hg19
TAGATCGAGATGCTGG-1,2596,42,hg19
TAGATCGCAAGCTACT-1,98,1309,mm10
TAGATCGGTAGTGTGG-1,2451,13,hg19
TAGATCGGTGTTAGCT-1,3385,30,hg19
TAGATCGTCAAAGACA-1,86,3147,mm10
TAGATCGTCTAGATCG-1,85,7036,mm10
TAGATCGTCTTTGGAG-1,4388,26,hg19
TAGCACACAACCCGCA-1,936,21,hg19
TAGCACACACGGCTAC-1,2942,74,hg19
TAGCACAGTGTCATTG-1,13013,56,hg19
TAGCACATCTGGACCG-1,2985,26,hg19
TAGCACATCTTAGCAG-1,76,4060,mm10
TAGGAGGGTGCACATT-1,1209,16,hg19
TAGGAGGTCCAAGAGG-1,4107,22,hg19
TAGGAGGTCGCTGTCT-1,753,16,hg19
TAGGGTTAGACGCTCC-1,8451,44,hg19
TAGGGTTAGATTGGGC-1,821,28,hg19
TAGGGTTAGGCGAAGG-1,8441,31,hg19
TAGGGTTAGTGCAGGT-1,123,14584,mm10
TAGGGTTGTGCATCTA-1,8639,48,hg19
TAGGGTTGTGGCTTAT-1,6351,48,hg19
TAGGGTTGTGTGAGCA-1,2921,29,hg19
TAGGGTTTCACGAGGA-1,87,613,mm10
TAGGGTTTCAGTGCGC-1,9295,31,hg19
TAGGTACAGCTAGCCC-1,6051,28,hg19
TAGGTACAGTCCTGCG-1,912,14,hg19
TAGGTACGTACCACGC-1,3955,32,hg19
TAGGTTGAGGAATGTT-1,39,7183,mm10
TAGGTTGGTTTAAGGA-1,551,15,hg19
TAGGTTGTCACAGTGT-1,2150,28,hg19
TAGGTTGTCCTAAACG-1,5338,49,hg19
TAGTGCAAGAGTGGCT-1,26,1036,mm10
TAGTGCAAGCAGGCTA-1,7720,31,hg19
TAGTGCAGTGTGTGTT-1,7846,42,hg19
TAGTGCAGTTACGCCG-1,6252,39,hg19
TAGTGCATCAAGAGGC-1,145,4651,mm10
TAGTGCATCCGAGAAG-1,3907,5146,Multiplet
TAGTGCATCGCCTTTG-1,1972,19,hg19
TAGTGCATCTCATTGT-1,5719,52,hg19
TAGTGCATCTGAATGC-1,23213,66,hg19
TATACCTCACAGAGCA-1,2994,31,hg19
TATACCTGTGAGACGT-1,11371,34,hg19
TATACCTTCACGAGGA-1,5527,23,hg19
TATACCTTCACTACTT-1,3974,39,hg19
TATACCTTCAGGACGA-1,6979,114,hg19
TATACCTTCGCCTTTG-1,1506,22,hg19
TATATCCAGGCAATGC-1,1820,21,hg19
TATCAGGAGAGGGTCT-1,7616,40,hg19
TATCAGGCAGAACATA-1,13138,75,hg19
TATCAGGGTCATGGCC-1,3801,22,hg19
TATCAGGGTGCCTTTC-1,8681,34,hg19
TATCAGGGTTTGTTGG-1,8253,40,hg19
TATCAGGTCCAAGCCG-1,39,2214,mm10
TATCCTAAGGCCTAAG-1,3949,32,hg19
TATCCTACAACCACGC-1,4361,58,hg19
TATCCTACAATGCTCA-1,6186,65,hg19
TATCCTACATCTAACG-1,7469,52,hg19
TATCCTATCCCGAGGT-1,25688,92,hg19
TATCCTATCGGTCTAA-1,2911,32,hg19
TATCGCCAGAAGTCCG-1,1221,9,hg19
TATCGCCAGGCGAACT-1,549,24,hg19
TATCGCCTCCTCTGCA-1,4027,36,hg19
TATCTGTAGATTGTGA-1,4244,31,hg19
TATCTGTCATCTGCGG-1,5782,37,hg19
TATCTGTGTCTAACTG-1,7904,79,hg19
TATCTTGAGCACTAAA-1,5201,37,hg19
TATCTTGAGGGCTAAC-1,7503,31,hg19
TATCTTGAGTGATAAC-1,12791,86,hg19
TATCTTGAGTTGTAAG-1,2240,14,hg19
TATCTTGCAAGAGGTC-1,4369,44,hg19
TATCTTGCACGCGCAT-1,132,5930,mm10
TATCTTGGTACAGCGA-1,8028,35,hg19
TATCTTGTCGACACCG-1,5268,32,hg19
TATGTTCAGTGAGGTC-1,154,1424,mm10
TATGTTCCAGCGACAA-1,3036,23,hg19
TATGTTCCAGCGTGCT-1,2252,40,hg19
TATGTTCCATAACAGA-1,3044,28,hg19
TATGTTCGTGTTTCTT-1,2559,12,hg19
TATTCCAAGAAGGCTC-1,3588,43,hg19
TATTCCAAGGCATTTC-1,22033,74,hg19
TATTCCACATGCAGGA-1,7447,108,hg19
TATTCCATCCCTGGTT-1,4285,25,hg19
TATTGCTAGGCCTGAA-1,2258,55,hg19
TATTGCTCAACCAATC-1,13073,521,hg19
TATTGCTGTGGTCAAG-1,6326,49,hg19
TATTGCTTCCGCATAA-1,218,16940,mm10
TATTGCTTCTAGGCCG-1,1002,15,hg19
TATTGGGAGGAACTCG-1,1652,18,hg19
TATTGGGCACAAATAG-1,7115,372,hg19
TATTGGGGTCCGGTGT-1,2871,6864,Multiplet
TATTGGGGTGTGAGCA-1,7164,32,hg19
TATTGGGTCGCCGAAC-1,132,7523,mm10
TATTGGGTCTGGAGAG-1,3505,28,hg19
TATTTCGAGCCATTGT-1,838,28,hg19
TATTTCGAGTCCGCGT-1,2077,20,hg19
TATTTCGCATATCGGT-1,4088,34,hg19
TATTTCGGTACACGCC-1,4644,47,hg19
TATTTCGGTATGGTAA-1,6958,58,hg19
TATTTCGGTGGGTTGA-1,1851,29,hg19
TATTTCGGTTGCAAGG-1,131,23678,mm10
TATTTCGGTTGCTCAA-1,3245,42,hg19
TATTTCGTCACCGGGT-1,201,14775,mm10
TATTTCGTCACTCACC-1,4461,37,hg19
TATTTCGTCACTTGGA-1,638,17,hg19
TCAAGACAGAGTAACT-1,16709,62,hg19
TCAAGACAGGAATGTT-1,2294,13,hg19
TCAAGACAGTCTTGGT-1,5914,26,hg19
TCAAGACCAGCGACAA-1,10876,41,hg19
TCAAGACCAGCGACCT-1,13025,51,hg19
TCAAGACGTGTGTCCG-1,1635,14,hg19
TCAAGACGTTGCCAAT-1,14062,52,hg19
TCAAGACTCAGCAGAG-1,6131,40,hg19
TCAAGACTCTCGGTCT-1,3308,31,hg19
TCAAGCACAACGGTAG-1,8680,46,hg19
TCAAGCACAAGCTACT-1,2242,28,hg19
TCAAGCAGTCACTGAT-1,80,2028,mm10
TCAAGCAGTGCACGCT-1,99,2947,mm10
TCAAGCATCCTACCAC-1,6230,49,hg19
TCAAGTGAGAGTCAGC-1,2681,25,hg19
TCAAGTGAGCGCCTAC-1,9980,37,hg19
TCAAGTGCACCCTGAG-1,203,10177,mm10
TCAAGTGGTGCCTACG-1,3037,39,hg19
TCAAGTGTCATTTCGT-1,7341,28,hg19
TCAAGTGTCGAGTCCG-1,7530,39,hg19
TCAATCTCAGCACAGA-1,923,18,hg19
TCAATCTTCATGCATG-1,8439,41,hg19
TCAATCTTCGATCCCT-1,14166,72,hg19
TCAATTCAGAGAGCGG-1,4975,23,hg19
TCAATTCAGTAGCCAG-1,6001,48,hg19
TCAATTCTCAAAGCCT-1,6519,47,hg19
TCAATTCTCACGTCCT-1,10030,52,hg19
TCAATTCTCCAAATGC-1,2277,32,hg19
TCACAAGAGCAGGGAG-1,4521,36,hg19
TCACAAGAGGTGTGAC-1,6113,53,hg19
TCACAAGCAGGTCAGA-1,17927,76,hg19
TCACACCAGGCCTTCG-1,1745,25,hg19
TCACACCAGGTTACAA-1,4136,32,hg19
TCACACCCACTGTCGG-1,3730,34,hg19
TCACACCCAGAGACTG-1,11208,43,hg19
TCACACCCATGGAATA-1,88,15086,mm10
TCACACCTCGGCATAT-1,4555,33,hg19
TCACATTGTACCGTGC-1,852,17,hg19
TCACATTGTCAATGGG-1,14818,2370,Multiplet
TCACATTGTGCCGTAC-1,5441,41,hg19
TCACATTTCGAGTCTA-1,14830,62,hg19
TCACGCTCACTATGTG-1,2425,34,hg19
TCACGCTGTCCACAGC-1,8251,42,hg19
TCACGCTGTGTAGCAG-1,9795,28,hg19
TCACGCTTCCGTTTCG-1,832,17,hg19
TCACGCTTCCTAACAG-1,610,28,hg19
TCACGGGAGCCATCCG-1,595,16,hg19
TCACGGGGTCGGCACT-1,221,18612,mm10
TCACGGGGTGAACGGT-1,10565,85,hg19
TCACGGGTCGTTGTGA-1,3736,16,hg19
TCACTATAGCTCTTCC-1,7842,69,hg19
TCACTATGTCATTGCA-1,482,30629,mm10
TCACTATGTGAGTCAG-1,9485,59,hg19
TCACTATGTTGTCTAG-1,81,14968,mm10
TCACTATTCTTCCCGA-1,4418,28,hg19
TCACTCGAGCTGGCCT-1,4523,33,hg19
TCACTCGCACCAACAT-1,5000,95,hg19
TCACTCGTCAAGGACG-1,4080,26,hg19
TCACTCGTCACTAGCA-1,6578,163,hg19
TCACTCGTCCATTGTT-1,1148,51,hg19
TCACTCGTCGCCTCTA-1,6252,45,hg19
TCACTCGTCTCGGTCT-1,108,42177,mm10
TCAGCAAAGAGTGGCT-1,65,24743,mm10
TCAGCAAAGTTGAAAC-1,4832,27,hg19
TCAGCAACAATTGCGT-1,3940,34,hg19
TCAGCAACACAGCTTA-1,5561,30,hg19
TCAGCAAGTTAATCGC-1,1975,20,hg19
TCAGCAATCTTTCTAG-1,21855,97,hg19
TCAGCCTAGAATACAC-1,582,25559,mm10
TCAGCCTCAAACCATC-1,4325,25,hg19
TCAGCCTCAAGCAGGT-1,2528,38,hg19
TCAGCCTCACGGATCC-1,4751,70,hg19
TCAGCCTCAGTAGTGG-1,3606,25,hg19
TCAGCCTTCTCTCGAC-1,7855,87,hg19
TCAGGGCAGCATCCCG-1,4979,46,hg19
TCAGGGCAGCCAAGGT-1,3750,28,hg19
TCAGGGCAGGGCAGGA-1,8196,47,hg19
TCAGGTAAGGGATCGT-1,6705,32,hg19
TCAGGTACAAGTGGCA-1,21428,59,hg19
TCAGGTACACATAGCT-1,5799,36,hg19
TCAGGTACAGAGATGC-1,3250,25,hg19
TCAGGTACATATCGGT-1,3401,47,hg19
TCAGGTAGTCAACGCC-1,5653,43,hg19
TCAGGTAGTGCTTCAA-1,71,3853,mm10
TCAGGTAGTGGACCTC-1,656,24,hg19
TCAGGTATCACTCCGT-1,2567,35,hg19
TCAGGTATCCAGGACC-1,1172,18,hg19
TCAGGTATCCGCACGA-1,2954,9612,Multiplet
TCAGGTATCTCGTTTA-1,8132,303,hg19
TCAGTCCCAGCCTACG-1,14628,59,hg19
TCAGTCCGTGGCTAGA-1,103,6611,mm10
TCAGTCCTCAAGCCTA-1,10454,60,hg19
TCAGTCCTCCTTATCA-1,5192,32,hg19
TCAGTCCTCGAAGCCC-1,2373,31,hg19
TCAGTCCTCGCATTAG-1,5820,34,hg19
TCAGTGAAGACCTTTG-1,2844,32,hg19
TCAGTGACACTGTCCT-1,6713,37,hg19
TCAGTGACAGCAGGAT-1,118,2730,mm10
TCAGTGACATCCTATT-1,52,6777,mm10
TCAGTGATCCACAGCG-1,1645,42,hg19
TCAGTTTAGCCTCGTG-1,8431,40,hg19
TCAGTTTAGGCAGGTT-1,12744,70,hg19
TCAGTTTTCATTACCT-1,2697,37,hg19
TCATACTAGCTAAACA-1,1383,37,hg19
TCATACTGTACTAAGA-1,2211,21,hg19
TCATATCAGTCCCGAC-1,1373,41,hg19
TCATATCCACCAAAGG-1,2982,29,hg19
TCATATCGTACAGTCT-1,7886,42,hg19
TCATATCTCCGTTGAA-1,4345,31,hg19
TCATATCTCTAGAACC-1,319,6394,mm10
TCATATCTCTAGCCTC-1,8503,46,hg19
TCATCATAGCGAGAAA-1,6297,58,hg19
TCATCATAGGTACAGC-1,3799,26,hg19
TCATCATAGTTAGTAG-1,16379,53,hg19
TCATCATCAGATACTC-1,9135,76,hg19
TCATCATGTTGGGAAC-1,5557,31,hg19
TCATCATTCATACGAC-1,6275,26,hg19
TCATCATTCCGTTGGG-1,4357,47,hg19
TCATCCGGTCTACGTA-1,4410,29,hg19
TCATCCGTCCATCACC-1,7799,46,hg19
TCATGAGAGTGCGACA-1,4252,35,hg19
TCATGAGCACAATCTG-1,3522,48,hg19
TCATGAGGTGGACCTC-1,172,11422,mm10
TCATGAGGTGTTCCAA-1,7021,30,hg19
TCATGAGGTTGATCGT-1,3140,22,hg19
TCATGAGGTTTACACG-1,1266,21,hg19
TCATGAGTCGAACCAT-1,112,23996,mm10
TCATGCCAGATGCCGA-1,4617,35,hg19
TCATGCCAGTGATCGG-1,11516,52,hg19
TCATGCCCATCGCTAA-1,4116,43,hg19
TCATGCCTCGTGTTCC-1,91,7913,mm10
TCATGGAAGCAGTACG-1,2757,20,hg19
TCATGGAAGCGCCTTG-1,9330,52,hg19
TCATGGAAGGGTATAT-1,507,13,hg19
TCATGGAAGTTAGTAG-1,1900,26,hg19
TCATGGACACAGTACT-1,7046,66,hg19
TCATGGAGTCCGAAGA-1,8001,58,hg19
TCATGGAGTTGCAAGG-1,653,15,hg19
TCATGGATCCGATCTC-1,9193,50,hg19
TCATGGATCGCGATCG-1,3102,18,hg19
TCATGGATCTCGAACA-1,2083,34,hg19
TCATGTTCAGGAATCG-1,148,11239,mm10
TCATGTTCATCGCTGG-1,66,4927,mm10
TCATGTTGTAGCTTAC-1,14584,49,hg19
TCATGTTTCGCACTCT-1,15246,70,hg19
TCATTACAGAGCAGAA-1,1372,18,hg19
TCATTACAGATAGCAT-1,6961,57,hg19
TCATTACAGCTGTGCC-1,16923,66,hg19
TCATTACAGGTAAACT-1,6559,88,hg19
TCATTACCAAACCATC-1,3539,30,hg19
TCATTACCATGCGTGC-1,10682,44,hg19
TCATTACCATTGCCTC-1,2160,33,hg19
TCATTCACACGCGCAT-1,5312,30,hg19
TCATTCAGTGAAGCGT-1,5372,46,hg19
TCATTCAGTTTCTTAC-1,3792,32,hg19
TCATTGTAGCTCAGAG-1,2114,105,hg19
TCATTGTAGGTGCATG-1,3033,29,hg19
TCATTGTCACAGCTTA-1,6250,34,hg19
TCATTGTCAGGTCCCA-1,131,30197,mm10
TCATTGTTCGCAAGAG-1,1341,17,hg19
TCATTGTTCGCGTAGC-1,3671,39,hg19
TCATTGTTCTGCCTCA-1,6161,45,hg19
TCATTTGCAATGCAAA-1,6754,51,hg19
TCATTTGGTCAGGTGA-1,4010,26,hg19
TCATTTGGTGCCAAGA-1,14284,69,hg19
TCATTTGTCCAACCGG-1,181,14705,mm10
TCATTTGTCGTAACCA-1,1783,12996,Multiplet
TCCACCAAGATGACCG-1,119,3552,mm10
TCCACCACAGAACTCT-1,4927,42,hg19
TCCACCATCTCATTGT-1,3029,34,hg19
TCCACGTAGTGACCTT-1,3334,50,hg19
TCCACGTCAACGGCTC-1,10691,17139,Multiplet
TCCAGAAAGTTGTACC-1,7574,60,hg19
TCCAGAACAGGGTTGA-1,4502,89,hg19
TCCAGAACATTATGCG-1,6641,83,hg19
TCCAGAAGTCAGCTTA-1,3989,34,hg19
TCCATCGAGGTCTTTG-1,1340,13,hg19
TCCATCGAGTGAGGCT-1,120,7786,mm10
TCCATCGCATCCTGTC-1,10167,52,hg19
TCCATCGGTCGTTGGC-1,4091,22,hg19
TCCATCGGTGACTGAG-1,2012,17,hg19
TCCATCGGTTGTCCCT-1,135,9507,mm10
TCCATCGTCTTAGTTC-1,5034,43,hg19
TCCATGCAGACTTCAC-1,5631,50,hg19
TCCATGCAGATGCAGC-1,73,3133,mm10
TCCATGCAGTCAACAA-1,196,3734,mm10
TCCATGCGTACAAGCG-1,4212,25,hg19
TCCATGCGTCCCGTGA-1,1755,20,hg19
TCCATGCGTGTCTTGA-1,4958,41,hg19
TCCATGCGTTCCTAGA-1,4706,33,hg19
TCCCACAAGTGGGAAA-1,2217,53,hg19
TCCCACAGTATAGCTC-1,604,5257,mm10
TCCCACAGTATGCTTG-1,1258,19,hg19
TCCCACAGTCCACACG-1,4690,24,hg19
TCCCACAGTTGTGTAC-1,1541,16,hg19
TCCCACATCAATCCAG-1,6173,4282,Multiplet
TCCCACATCAGCGCAC-1,7175,58,hg19
TCCCACATCTACCTTA-1,3246,35,hg19
TCCCAGTAGCAGCACA-1,4583,26,hg19
TCCCAGTAGCTGGCCT-1,41,783,mm10
TCCCAGTCAAACACCT-1,8329,122,hg19
TCCCAGTCAATCCTTT-1,2438,24,hg19
TCCCAGTGTACGGTTT-1,2390,31,hg19
TCCCAGTGTCCATAGT-1,8500,48,hg19
TCCCAGTGTCGAAGCA-1,7929,39,hg19
TCCCAGTTCCCTCGTA-1,8511,38,hg19
TCCCAGTTCCTATTTG-1,8424,51,hg19
TCCCATGAGACATCAA-1,864,27,hg19
TCCCATGAGGAGGGTG-1,3140,28,hg19
TCCCATGAGTATAGGT-1,1763,27,hg19
TCCCATGGTCTGCGCA-1,113,6366,mm10
TCCCATGGTGTTTCTT-1,343,8321,mm10
TCCCATGTCGTTCCCA-1,5672,39,hg19
TCCCATGTCTGTCGTC-1,5259,25,hg19
TCCGAAAAGAAGTATC-1,832,15,hg19
TCCGAAAAGCCAAGGT-1,1499,3846,Multiplet
TCCGAAACAAATGGAT-1,6851,51,hg19
TCCGAAACAATGGCAG-1,21495,113,hg19
TCCGAAAGTCGATGCC-1,5547,25,hg19
TCCGAAAGTGAGGAAA-1,6554,42,hg19
TCCGAAATCGGCTGTG-1,283,109822,mm10
TCCGAAATCTACGGGC-1,2749,28,hg19
TCCGATCAGGGTCACA-1,1863,49,hg19
TCCGATCCACTTGTCC-1,5228,29,hg19
TCCGATCGTACCGTGC-1,4245,28,hg19
TCCGATCGTTCTCTCG-1,2567,27,hg19
TCCGATCGTTGGTGTT-1,5565,41,hg19
TCCGGGAAGCCAAGCA-1,2319,17,hg19
TCCGGGAAGTGACACG-1,2953,25,hg19
TCCGGGACAATGAACA-1,238,8309,mm10
TCCGGGACATCCCGTT-1,35992,9718,Multiplet
TCCGGGAGTGGATGAC-1,1064,26,hg19
TCCGGGAGTTCTCACC-1,4013,73,hg19
TCCGGGATCACCCTGT-1,42,3706,mm10
TCCGGGATCTCCCAAC-1,1676,38,hg19
TCCGTGTCAATCGAAA-1,5604,20,hg19
TCCGTGTGTCTCACAA-1,1775,21,hg19
TCCGTGTGTCTGCCTT-1,1932,33,hg19
TCCGTGTTCACCCTTG-1,2948,47,hg19
TCCTAATAGGGTTGCA-1,4136,61,hg19
TCCTAATCAGCCATTA-1,2752,27,hg19
TCCTAATCATCCTAAG-1,1635,23,hg19
TCCTAATCATCTATCT-1,78,9768,mm10
TCCTAATCATGATAGA-1,2962,38,hg19
TCCTAATCATGTGGTT-1,9835,40,hg19
TCCTAATGTACCACGC-1,2106,25,hg19
TCCTAATGTGTCTTGA-1,7849,41,hg19
TCCTAATTCAACTCTT-1,398,22787,mm10
TCCTCCCCACAGCGCT-1,736,21,hg19
TCCTCCCCAGGCATGA-1,4532,61,hg19
TCCTCCCCAGTGTATC-1,3615,21,hg19
TCCTCCCTCAGCTCTC-1,12654,87,hg19
TCCTCGAAGAGAGGGC-1,4597,35,hg19
TCCTCGAAGGTCCGAA-1,7996,548,hg19
TCCTCGAAGTCTGGTT-1,7085,45,hg19
TCCTCGACAATTGGTC-1,265,10914,mm10
TCCTCGACACTCTGCT-1,1684,44,hg19
TCCTCGACAGGTCAGA-1,210,14344,mm10
TCCTCGAGTACGTACT-1,3613,29,hg19
TCCTGCACAATTAGGA-1,5446,24,hg19
TCCTGCAGTAATTGGA-1,794,142,hg19
TCCTGCAGTCTACACA-1,3239,37,hg19
TCCTGCATCGGCCAAC-1,3540,23,hg19
TCCTTCTAGAAGCGGG-1,20907,100,hg19
TCCTTCTAGCCGCTTG-1,4099,21,hg19
TCCTTCTCAACTCCAA-1,215,10529,mm10
TCCTTCTCAGCTCCTT-1,12984,51,hg19
TCCTTCTCAGGCTATT-1,4510,37,hg19
TCCTTCTCATGACTGT-1,6541,57,hg19
TCCTTCTGTCGAATGG-1,3468,19,hg19
TCCTTCTGTGTATACC-1,7527,64,hg19
TCCTTCTGTGTTACAC-1,13802,73,hg19
TCCTTCTGTTGGCCTG-1,4963,47,hg19
TCCTTCTTCATGCCAA-1,10119,89,hg19
TCCTTTCAGAAGCCAC-1,523,28,hg19
TCCTTTCAGGACACTG-1,564,57,hg19
TCCTTTCAGGGTACAC-1,7340,45,hg19
TCCTTTCCACCATATG-1,4134,58,hg19
TCCTTTCCAGGCGAAT-1,2878,17,hg19
TCCTTTCTCCTCACCA-1,6581,79,hg19
TCCTTTCTCTAAACGC-1,7115,44,hg19
TCCTTTCTCTATCGCC-1,44,5439,mm10
TCGAACAAGTTGCGCC-1,12639,103,hg19
TCGAACACACCTGTCT-1,109,3178,mm10
TCGAACACAGGTCCGT-1,2602,20,hg19
TCGAACAGTAACGATA-1,3532,29,hg19
TCGAACATCATCTGTT-1,10637,82,hg19
TCGAACATCTCAACCC-1,7664,75,hg19
TCGAAGTCAAGCCCAC-1,620,12,hg19
TCGAAGTCAAGGCCTC-1,7794,37,hg19
TCGAAGTCAAGTGGAC-1,19365,82,hg19
TCGAAGTCAATCCTAG-1,7481,31,hg19
TCGAAGTCAATTGTGC-1,973,12,hg19
TCGAAGTCAGAAGCTG-1,1127,82,hg19
TCGAAGTCAGGTGACA-1,4593,83,hg19
TCGAAGTTCGTGGGAA-1,1224,18,hg19
TCGACCTAGAGCATAT-1,5924,30,hg19
TCGACCTAGTCACTAC-1,10249,53,hg19
TCGACCTCATCCGATA-1,431,57539,mm10
TCGACCTGTATCGAGG-1,6768,44,hg19
TCGACCTGTCTGCGCA-1,6507,47,hg19
TCGACCTGTGAGTAGC-1,10059,64,hg19
TCGACCTTCGCTACGG-1,6452,21,hg19
TCGACGGCACTCTGCT-1,9522,38,hg19
TCGACGGGTCAGTCTA-1,2044,46,hg19
TCGACGGGTGATTGGG-1,13700,57,hg19
TCGACGGGTGGATGAC-1,5182,24,hg19
TCGATTTTCTCAGTCC-1,4537,35,hg19
TCGCACTCAGACAAAT-1,89,3095,mm10
TCGCACTGTGCCCGTA-1,2953,25,hg19
TCGCAGGAGGGTACGT-1,6624,35,hg19
TCGCAGGCATCCGATA-1,2306,16,hg19
TCGCAGGGTGCATTTG-1,157,7665,mm10
TCGCAGGGTTCTCGCT-1,1390,24,hg19
TCGCAGGTCCGTTGGG-1,10051,44,hg19
TCGCAGGTCCTGTAAG-1,798,87,hg19
TCGCAGGTCGCAGTTA-1,21612,66,hg19
TCGCAGGTCGCTCTCA-1,9262,91,hg19
TCGCAGGTCTTCCCAG-1,786,57,hg19
TCGCTCAAGGCTAACG-1,2941,37,hg19
TCGCTCAAGTGCAAAT-1,1695,17,hg19
TCGCTCACACAATTCG-1,115,5143,mm10
TCGCTCACACACGGAA-1,338,24771,mm10
TCGCTCACACGGCCAT-1,6382,43,hg19
TCGCTCAGTCTCGGGT-1,955,24,hg19
TCGCTCATCGAAACAA-1,2360,26,hg19
TCGCTTGAGAAGGGAT-1,3085,40,hg19
TCGCTTGAGCATTTCG-1,3708,23,hg19
TCGCTTGAGTGGTTGG-1,45,1636,mm10
TCGCTTGCAATCACGT-1,2849,26,hg19
TCGCTTGCAGTCCCGA-1,7975,46,hg19
TCGCTTGGTACAAGTA-1,2379,22,hg19
TCGCTTGGTTCGGCCA-1,3915,36,hg19
TCGCTTGTCCGCACTT-1,6567,44,hg19
TCGCTTGTCTGTTCAT-1,4378,51,hg19
TCGGATACAAATTAGG-1,5255,165,hg19
TCGGATACACATTCGA-1,2579,17,hg19
TCGGGACTCTGAGCAT-1,8460,68,hg19
TCGGGCAAGATGTTGA-1,3619,18,hg19
TCGGGCAGTGTGCTTA-1,622,3,hg19
TCGGGCAGTTAGGCTT-1,2593,31,hg19
TCGGGTGAGTGTGTTC-1,7258,51,hg19
TCGGGTGGTGTCTAAC-1,2076,19,hg19
TCGGTCTAGCCTAACT-1,6217,54,hg19
TCGGTCTAGGGCAAGG-1,278,2303,mm10
TCGGTCTAGTATGGAT-1,5643,36,hg19
TCGGTCTGTATTCTCT-1,17018,118,hg19
TCGGTCTTCGATACAC-1,45,7202,mm10
TCGGTCTTCGTGAGAG-1,39,9393,mm10
TCGTAGAAGACGCAGT-1,3654,1691,hg19
TCGTAGAAGGTGCCTC-1,13257,56,hg19
TCGTCCAAGTTTCTTC-1,3924,5705,Multiplet
TCGTCCACATACAGCT-1,81,3758,mm10
TCGTCCAGTCGTCAGC-1,33,5487,mm10
TCGTCCAGTGTCATCA-1,7004,48,hg19
TCGTGCTGTCTGATAC-1,21103,29,hg19
TCGTGCTGTGTGTGTT-1,1888,30,hg19
TCGTGGGAGCGTGCTC-1,2706,113,hg19
TCGTGGGCACAAATCC-1,3977,30,hg19
TCGTGGGCAGAGTCTT-1,3681,46,hg19
TCGTGGGCAGGACGAT-1,45,2353,mm10
TCGTGGGGTCTTACTT-1,101,1704,mm10
TCGTGGGGTGATATAG-1,1902,16,hg19
TCGTGGGTCATGCCCT-1,5245,21,hg19
TCGTGGGTCTTCGATT-1,3355,54,hg19
TCTAACTAGAGTCCGA-1,2197,24,hg19
TCTAACTAGGAGGCAG-1,1924,28,hg19
TCTAACTAGTGTAGAT-1,11872,41,hg19
TCTAACTCAAGAAATC-1,6609,56,hg19
TCTAACTCAAGCTGTT-1,5226,34,hg19
TCTAACTGTCAGGCAA-1,7211,106,hg19
TCTAACTGTTCTCCCA-1,677,15,hg19
TCTAACTGTTGCGGCT-1,3913,34,hg19
TCTAACTTCTCTCGAC-1,8613,46,hg19
TCTACATAGATACGAT-1,7814,249,hg19
TCTACATCAGAACGCA-1,4499,33,hg19
TCTACATCAGCATTGT-1,2985,33,hg19
TCTACATGTGGCCTCA-1,649,44,hg19
TCTACATTCTACCAGA-1,1890,7799,Multiplet
TCTACCGAGCGGGTTA-1,2568,27,hg19
TCTACCGAGGGTTGCA-1,4731,30,hg19
TCTACCGAGGTTCATC-1,5379,45,hg19
TCTACCGCAGAGCGTA-1,77,3193,mm10
TCTACCGGTGATACTC-1,4449,36,hg19
TCTACCGTCCCTCTTT-1,3543,45,hg19
TCTACCGTCGCTTACC-1,1476,7,hg19
TCTACCGTCTACGGGC-1,5513,37,hg19
TCTATACCACAGCTTA-1,7412,112,hg19
TCTATACCATATACCG-1,5292,51,hg19
TCTATACTCGACACCG-1,6575,42,hg19
TCTATCAAGTTACTCG-1,11050,51,hg19
TCTATCACAATTGCGT-1,5808,33,hg19
TCTATCAGTGGTAACG-1,5829,26,hg19
TCTATCAGTTATAGCC-1,41,4312,mm10
TCTATCATCATCGCAA-1,3132,56,hg19
TCTCACGAGATAACAC-1,9687,75,hg19
TCTCACGAGCTAATGA-1,75,23132,mm10
TCTCACGCAACGGTAG-1,5216,28,hg19
TCTCACGCAGAGTAAT-1,8362,44,hg19
TCTCACGCAGGCGATA-1,8752,178,hg19
TCTCACGCAGTAACCT-1,866,32,hg19
TCTCACGGTCGTCGGT-1,1426,13,hg19
TCTCAGCAGCACCCAC-1,7653,80,hg19
TCTCAGCAGTCTCTGA-1,1790,25,hg19
TCTCAGCCAAATGGAT-1,2159,26,hg19
TCTCAGCGTGGTTTAC-1,889,26,hg19
TCTCCGAAGCTAAATG-1,2429,17,hg19
TCTCCGAAGTCCCTAA-1,8447,47,hg19
TCTCCGAGTCAACCTA-1,5651,52,hg19
TCTCTGGAGCTGGCCT-1,3982,28,hg19
TCTCTGGAGTCACTGT-1,5313,79,hg19
TCTCTGGCACAGTATC-1,6858,17,hg19
TCTGCCAAGTGATAGT-1,1640,65,hg19
TCTGCCACAAGACGGT-1,16370,58,hg19
TCTGCCAGTTAACAGA-1,8855,56,hg19
TCTGCCATCATTGAGC-1,12498,117,hg19
TCTGCCATCTCACTCG-1,9439,57,hg19
TCTGGCTAGGTTACAA-1,2075,17,hg19
TCTGGCTGTCATGGCC-1,2285,31,hg19
TCTGGCTGTCCAATCA-1,2059,20,hg19
TCTGGCTGTCCTCCTA-1,6208,37,hg19
TCTGTCGAGCAGATAT-1,14018,45,hg19
TCTGTCGAGGTGCGAT-1,6149,32,hg19
TCTGTCGGTATGCAAA-1,150,3094,mm10
TCTGTCGGTGTTCAGT-1,5275,30,hg19
TCTTAGTAGGTGCGAT-1,1154,20,hg19
TCTTAGTCACTTGTGA-1,225,16746,mm10
TCTTAGTCATATTCGG-1,4649,1584,hg19
TCTTAGTCATCTCCCA-1,3287,39,hg19
TCTTAGTGTACGATGG-1,7214,34,hg19
TCTTAGTGTCCCTAAA-1,1358,22,hg19
TCTTAGTTCAACGAGG-1,5193,19,hg19
TCTTAGTTCAACTTTC-1,4308,25,hg19
TCTTAGTTCATTCCTA-1,207,5048,mm10
TCTTAGTTCCGATCGG-1,96,42635,mm10
TCTTAGTTCCTCAGGG-1,109,6522,mm10
TCTTCCTAGACGACTG-1,198,16132,mm10
TCTTCCTAGTGATTCC-1,899,40,hg19
TCTTCCTCAAGGTCAG-1,1184,34,hg19
TCTTCCTGTACTGCCG-1,1953,925,hg19
TCTTCCTGTATGGTTC-1,13008,60,hg19
TCTTGCGAGCCGTCGT-1,3211,32,hg19
TCTTGCGAGTCGTTAC-1,7604,85,hg19
TCTTGCGCAGGATGAC-1,7527,34,hg19
TCTTGCGGTCAGGTAG-1,7606,29,hg19
TCTTGCGGTGATGTAA-1,2222,27,hg19
TCTTTGAAGGCGTTGA-1,2712,30,hg19
TCTTTGATCGTTCCCA-1,6880,20,hg19
TCTTTGATCTGGGCCA-1,2482,18,hg19
TGAACGTAGAACAAGG-1,1136,39,hg19
TGAACGTAGTGCCCGT-1,3508,21,hg19
TGAACGTAGTTCCATG-1,12740,60,hg19
TGAACGTAGTTGGCGA-1,3435,38,hg19
TGAACGTTCAGACCGC-1,19005,62,hg19
TGAATCGAGAAGATCT-1,3629,34,hg19
TGAATCGCATGTGCCG-1,67,18687,mm10
TGAATCGGTCGAGCAA-1,6469,41,hg19
TGAATCGTCCTTCTTC-1,6143,44,hg19
TGAATGCAGTCTTGGT-1,10623,67,hg19
TGAATGCGTCGTCATA-1,12366,51,hg19
TGACAGTAGCGAAACC-1,1321,19,hg19
TGACAGTAGGAGAGTA-1,4642,61,hg19
TGACAGTGTCGTTGGC-1,1861,34,hg19
TGACAGTGTTGTCCCT-1,30,2372,mm10
TGACAGTTCCGATAAC-1,4048,28,hg19
TGACCCTAGAGAGGGC-1,2959,28,hg19
TGACCCTAGGTACATA-1,6264,37,hg19
TGACCCTAGTCAGGGT-1,534,18,hg19
TGACCCTTCGGACCAC-1,4017,41,hg19
TGACGCGAGGCCTGAA-1,5200,6985,Multiplet
TGACGCGAGGCTGTAG-1,2141,17,hg19
TGACGCGAGGGTACGT-1,9398,39,hg19
TGACGCGAGTATCCTG-1,1606,15,hg19
TGACGCGCACACAGCC-1,1291,92,hg19
TGACGCGCACTTACAG-1,92,24896,mm10
TGACGCGCAGTATACC-1,59,3579,mm10
TGACGCGGTATCATGC-1,2529,36,hg19
TGACGCGGTTCTCAGA-1,13895,135,hg19
TGACGCGTCCGGTTCT-1,6335,40,hg19
TGACTCCGTCTGATAC-1,1736,33,hg19
TGACTCCTCGATACGT-1,5404,35,hg19
TGACTCCTCGTTCTGC-1,82,11690,mm10
TGAGACTAGAGGACTC-1,4165,133,hg19
TGAGACTAGGCGAAGG-1,4095,31,hg19
TGAGACTCAAGTGGGT-1,9402,68,hg19
TGAGACTCACTAGGCC-1,4956,50,hg19
TGAGACTCAGCTCGGT-1,3343,40,hg19
TGAGACTCATCAACCA-1,2807,61,hg19
TGAGCATAGGACGCAT-1,6478,42,hg19
TGAGCATAGTATGGAT-1,2082,31,hg19
TGAGCATGTGTTAAAG-1,26,8094,mm10
TGAGCATGTTGCATCA-1,3967,26,hg19
TGAGCATTCGACACCG-1,9137,47,hg19
TGAGCGCCACCGGCTA-1,2080,24,hg19
TGAGCGCGTGGTCCCA-1,2180,45,hg19
TGAGGAGAGGACAGTC-1,4893,54,hg19
TGAGGAGTCAACACCA-1,11051,52,hg19
TGAGGAGTCCACGTAA-1,5142,33,hg19
TGAGGGAAGAGCCTGA-1,9859,36,hg19
TGAGGGAAGGCTCCCA-1,127,4967,mm10
TGAGGGACAAGGCGTA-1,74,4801,mm10
TGAGGGACAATTTCTC-1,8364,62,hg19
TGAGGGACAGAAATTG-1,561,27,hg19
TGAGGGACAGCTGCCA-1,12626,39,hg19
TGAGGGATCCTAGCTC-1,6501,199,hg19
TGAGGTTAGCTACTGT-1,8850,59,hg19
TGAGGTTAGTTGCTCA-1,177,9798,mm10
TGAGGTTTCCGTTGGG-1,3473,23,hg19
TGAGGTTTCGTAGTGT-1,65,2234,mm10
TGAGTCAAGGCGCTTC-1,12545,66,hg19
TGAGTCACAAAGCTAA-1,170,12051,mm10
TGAGTCACAAGTCGTT-1,5659,34,hg19
TGAGTCAGTAACGATA-1,1227,21,hg19
TGAGTCATCAAATGCC-1,7802,48,hg19
TGAGTCATCAGTCCGG-1,105,4125,mm10
TGAGTCATCCAAATGC-1,7534,32,hg19
TGAGTCATCCGAGATT-1,1726,26,hg19
TGAGTCATCTGTGCAA-1,9899,43,hg19
TGATCAGGTAGGGTAC-1,5437,34,hg19
TGATCTTAGAATGTTG-1,7893,48,hg19
TGATGCAGTCGAGATG-1,6989,69,hg19
TGATGGTCAACTGATC-1,3821,41,hg19
TGATGGTCATTGGCAT-1,5188,55,hg19
TGATGGTGTACCCAGC-1,5197,28,hg19
TGATGGTGTTGAATCC-1,4928,30,hg19
TGATGGTTCAACGCTA-1,6533,37,hg19
TGATTCTGTGTCCCTT-1,2609,26,hg19
TGATTCTTCAGACTGT-1,13766,74,hg19
TGATTCTTCGCAATGT-1,5184,33,hg19
TGATTCTTCGTGCATA-1,1367,15,hg19
TGATTTCGTACTCGCG-1,1887,24,hg19
TGATTTCGTCTCCCTA-1,4699,36,hg19
TGATTTCGTTCCTAAG-1,45,1760,mm10
TGATTTCTCATCCTAT-1,6369,50,hg19
TGCACGGAGGATAATC-1,114,6133,mm10
TGCACGGAGTGCCGAA-1,1341,18,hg19
TGCACGGCATCCGTGG-1,12567,50,hg19
TGCACGGTCACGGTCG-1,11487,53,hg19
TGCACGGTCCATATGG-1,5225,89,hg19
TGCACGGTCCGCAAAT-1,3799,25,hg19
TGCAGATTCGACGCGT-1,4081,19,hg19
TGCAGGCAGGAGGGTG-1,102,4387,mm10
TGCAGGCAGTAGTCAA-1,11707,41,hg19
TGCAGGCCACAACATC-1,638,19,hg19
TGCAGGCTCCTACGAA-1,5763,43,hg19
TGCAGGCTCTAACGGT-1,2148,40,hg19
TGCAGTAAGCAAACAT-1,267,17743,mm10
TGCAGTAAGCCTCTGG-1,177,7578,mm10
TGCAGTACATGGCTAT-1,51,4446,mm10
TGCAGTAGTTAATGAG-1,4132,29,hg19
TGCAGTATCATCCTAT-1,7105,149,hg19
TGCATCCCAACAGATA-1,11982,62,hg19
TGCATCCGTGACAACG-1,1392,24,hg19
TGCATCCGTTCGTGCG-1,12625,49,hg19
TGCATCCTCTAAACGC-1,938,5332,mm10
TGCATGATCTATTGTC-1,2690,50,hg19
TGCCGAGAGCGAACTG-1,48,794,mm10
TGCCGAGAGGAACGCT-1,52,5887,mm10
TGCCGAGAGTATAGGT-1,5368,58,hg19
TGCCGAGTCCTTGGAA-1,17675,52,hg19
TGCCGAGTCTGCCCTA-1,14945,76,hg19
TGCGACGAGATAACGT-1,3029,42,hg19
TGCGACGAGTGGACTG-1,9001,29,hg19
TGCGACGCAGTGTATC-1,18474,89,hg19
TGCGACGCATGAAGGC-1,4654,36,hg19
TGCGACGGTGAAGCGT-1,996,16,hg19
TGCGACGGTGACTCTA-1,943,27,hg19
TGCGACGTCGTCCTCA-1,14398,70,hg19
TGCGACGTCTTTCAGT-1,2254,48,hg19
TGCGATAAGAACTCCT-1,3486,45,hg19
TGCGATAAGTACAGAT-1,1714,24,hg19
TGCGATACAACCCGCA-1,4267,50,hg19
TGCGATAGTAATTGGA-1,4491,43,hg19
TGCGATAGTACGCTAT-1,571,20,hg19
TGCGATAGTCCGACGT-1,12426,58,hg19
TGCGGCAGTGAGGAAA-1,882,23,hg19
TGCGGCAGTTAGGAGC-1,8442,48,hg19
TGCGGGTAGGTGCCAA-1,4191,15,hg19
TGCGGGTAGTCCTACA-1,3147,19,hg19
TGCGGGTCACGCCACA-1,10429,87,hg19
TGCGGGTGTCACTCTC-1,3691,25,hg19
TGCGGGTTCATCTCTA-1,4862,27,hg19
TGCGGGTTCTTACTGT-1,4589,34,hg19
TGCTCCACAAACACCT-1,8079,49,hg19
TGCTCCACAACGGCCT-1,10620,170,hg19
TGCTCCACAGCTGCCA-1,3569,29,hg19
TGCTCGTAGAAGTCTA-1,3023,25,hg19
TGCTCGTAGCTTAAGA-1,2831,17,hg19
TGCTCGTCAACTCCAA-1,5772,27,hg19
TGCTGAACAAACACCT-1,5816,55,hg19
TGCTGAAGTCTTCGAA-1,1680,9,hg19
TGCTGAAGTTTCGGCG-1,764,19,hg19
TGCTGAATCGAGATAA-1,4020,23,hg19
TGCTTCGAGCAATTCC-1,3593,16,hg19
TGCTTCGAGCATGATA-1,13373,51,hg19
TGCTTCGAGCGGCTCT-1,4285,25,hg19
TGCTTCGAGTAAATGC-1,9277,39,hg19
TGCTTCGCAGAGTCAG-1,3911,22,hg19
TGCTTCGGTTTCCAAG-1,5337,9356,Multiplet
TGCTTCGGTTTGGGTT-1,3986,33,hg19
TGCTTGCGTATCTTCT-1,159,12436,mm10
TGGAACTCACCGTCGA-1,12727,53,hg19
TGGAACTGTACTGCCG-1,1366,21,hg19
TGGAACTGTCGAGCTC-1,3104,41,hg19
TGGAACTTCAAACGAA-1,7696,51,hg19
TGGAACTTCAAGTGGG-1,7023,26,hg19
TGGAGAGCAGCTTCCT-1,6744,31,hg19
TGGAGAGGTGCCCTTT-1,3482,25,hg19
TGGAGAGTCGTGCGAC-1,9495,42,hg19
TGGAGGAGTGGCTTAT-1,2676,23,hg19
TGGAGGAGTGTTACTG-1,8373,55,hg19
TGGAGGAGTTACGTAC-1,202,16033,mm10
TGGATCAAGATAACAC-1,8987,65,hg19
TGGATCACAAGACGGT-1,953,8,hg19
TGGATCACAGACAATA-1,3704,32,hg19
TGGATCAGTAGTGATA-1,3302,57,hg19
TGGATCAGTGTAGGAC-1,3077,32,hg19
TGGATCATCCGTGGTG-1,2931,32,hg19
TGGATCATCTTTCTAG-1,1806,27,hg19
TGGATGTGTGTCCGTG-1,3008,33,hg19
TGGATGTGTTTGGGAG-1,3126,24,hg19
TGGCGTGGTCACTCAA-1,3302,26,hg19
TGGCGTGTCTGTCAGA-1,798,16,hg19
TGGGAAGAGCAAATGT-1,5233,26,hg19
TGGGAAGAGCAGATAT-1,2824,23,hg19
TGGGAAGCAACAAAGT-1,1610,29,hg19
TGGGAAGCAGAACGCA-1,211,10607,mm10
TGGGAAGGTAGCTAAA-1,5885,35,hg19
TGGGAAGTCTAGCATG-1,7216,37,hg19
TGGGAAGTCTGGAAGG-1,3911,19,hg19
TGGGAGAAGATCCGAG-1,7497,50,hg19
TGGGAGAGTGTCCGGT-1,3635,17,hg19
TGGGAGATCACCCATC-1,3594,29,hg19
TGGGAGATCAGCTGTA-1,3392,37,hg19
TGGGATTAGTCATTGC-1,271,24563,mm10
TGGGATTCAGGCTTGC-1,2136,25,hg19
TGGGATTCATGATGCT-1,3114,23,hg19
TGGGATTCATTGCTTT-1,6499,44,hg19
TGGGCGTAGATCCCGC-1,5884,31,hg19
TGGGCGTAGCCTCTTC-1,368,16846,mm10
TGGGCGTAGTCGCTAT-1,2214,13,hg19
TGGGCGTCACACCTAA-1,59,939,mm10
TGGGCGTCATCACAGT-1,1536,28,hg19
TGGGCGTCATCCCGTT-1,5636,42,hg19
TGGGCGTGTAAGCTCT-1,3810,50,hg19
TGGGCTGAGAATTCAG-1,3758,23,hg19
TGGGCTGAGACAGCTG-1,80,7323,mm10
TGGGCTGCATATACCG-1,4122,55,hg19
TGGGCTGGTTATAGCC-1,139,9090,mm10
TGGGCTGTCAGATGCT-1,7822,35,hg19
TGGGTTAAGCCACAAG-1,5494,41,hg19
TGGGTTAAGTATGGCG-1,6281,53,hg19
TGGGTTAGTTGAGTCT-1,926,10,hg19
TGGGTTATCTCTTCAA-1,10436,53,hg19
TGGTACAAGGCTCTCG-1,4711,86,hg19
TGGTACACAAGTGTCT-1,3309,31,hg19
TGGTACAGTCTACAAC-1,3449,28,hg19
TGGTACAGTCTCAGGC-1,2568,25,hg19
TGGTAGTAGCAAATGT-1,2356,28,hg19
TGGTAGTAGTGCGTCC-1,3923,36,hg19
TGGTAGTGTAGAATGT-1,2435,53,hg19
TGGTAGTGTCGTATTG-1,3654,12,hg19
TGGTAGTGTTTAGACC-1,412,1040,mm10
TGGTAGTGTTTGACAC-1,2403,33,hg19
TGGTAGTTCAGAGCGA-1,4595,26,hg19
TGGTAGTTCCGACGGT-1,29,567,mm10
TGGTGATAGAATCGAT-1,731,21,hg19
TGGTGATAGAGCAGCT-1,3025,34,hg19
TGGTGATGTAGTCCTA-1,1005,15,hg19
TGGTTAGAGACGATAT-1,3577,33,hg19
TGGTTAGAGAGATTCA-1,3849,31,hg19
TGGTTAGAGAGCACTG-1,4648,23,hg19
TGTAACGAGGAAGTCC-1,810,15,hg19
TGTAACGGTCATCCGG-1,3865,14,hg19
TGTAACGTCCGTTGGG-1,100,2650,mm10
TGTAACGTCGATGCAT-1,1845,14,hg19
TGTAACGTCTGTAAGC-1,857,15,hg19
TGTAAGCCACAATCTG-1,118,7008,mm10
TGTAAGCCAGTTAGGG-1,2032,19,hg19
TGTAAGCTCCCATGGG-1,756,25,hg19
TGTACAGCAAACACCT-1,5017,55,hg19
TGTACAGCACGACAAG-1,58,9412,mm10
TGTACAGTCACCATCC-1,136,7313,mm10
TGTAGACAGAGTATAC-1,699,12,hg19
TGTAGACCAGCCTATA-1,2391,25,hg19
TGTAGACCAGTTTCAG-1,1797,19,hg19
TGTAGACGTATGAGGC-1,3949,23,hg19
TGTAGACTCGTAACCA-1,6004,51,hg19
TGTCAGAAGGAGTATT-1,4186,30,hg19
TGTCAGAAGGGAGGTG-1,1978,10,hg19
TGTCAGAAGGGATGTC-1,19129,67,hg19
TGTCAGAAGTAATACG-1,750,17,hg19
TGTCAGAGTCAGATTC-1,5657,5073,Multiplet
TGTCAGAGTTACAGCT-1,5901,30,hg19
TGTCAGATCCGCTGTT-1,1718,52,hg19
TGTCAGATCGCTTGAA-1,3260,57,hg19
TGTCCACAGTAGATCA-1,61,24031,mm10
TGTCCACTCATTTGGG-1,13636,59,hg19
TGTCCACTCGATTCCC-1,1039,15,hg19
TGTCCCAAGGCATCTT-1,6692,26,hg19
TGTCCCAAGTAGTGCG-1,2414,17,hg19
TGTCCCACATACATCG-1,8038,61,hg19
TGTCCCACATTGCAAC-1,2972,34,hg19
TGTCCCAGTCATACCA-1,10230,401,hg19
TGTCCTGAGCACGGAT-1,3345,17,hg19
TGTCCTGAGTAATTGG-1,3176,32,hg19
TGTCCTGCAGACCAGA-1,2315,7266,Multiplet
TGTCCTGGTCGTGATT-1,3769,20,hg19
TGTCCTGTCACTGATG-1,14345,150,hg19
TGTCCTGTCGGTAACT-1,6852,311,hg19
TGTGAGTAGTCGGCAA-1,144,2597,mm10
TGTGAGTCAACGCATT-1,631,13,hg19
TGTGAGTCAGAGGCAT-1,2716,71,hg19
TGTGATGAGATGCTTC-1,3430,22,hg19
TGTGATGAGTCCCAAT-1,4720,21,hg19
TGTGATGCACAGCTGC-1,4748,60,hg19
TGTGATGGTACAAGCG-1,72,4189,mm10
TGTGATGGTCATATGC-1,2438,18,hg19
TGTGATGGTCGTGATT-1,1752,24,hg19
TGTGATGGTTATGTGC-1,32,908,mm10
TGTGATGTCCGCACGA-1,52,6763,mm10
TGTGATGTCCGGCAGT-1,4886,176,hg19
TGTGATGTCGCATTGA-1,6555,33,hg19
TGTGCGGCAAGCGATG-1,2849,30,hg19
TGTGCGGCAGACTGCC-1,19306,81,hg19
TGTGCGGGTCCTCCAT-1,8368,42,hg19
TGTGCGGGTGCAATAA-1,1851,16,hg19
TGTGGCGAGACGGTTG-1,48,18724,mm10
TGTGGCGAGCTCCATA-1,3721,15,hg19
TGTGGCGGTACGGCAA-1,4206,28,hg19
TGTGGCGGTGGTGATG-1,21321,58,hg19
TGTGGCGGTTTCACTT-1,8350,33,hg19
TGTGGCGTCTGGGATT-1,5285,49,hg19
TGTGTGAAGACATGCG-1,3531,30,hg19
TGTGTGACATCCTAAG-1,96,1387,mm10
TGTGTGAGTGTTAAAG-1,4028,26,hg19
TGTTACTAGTTGCGAG-1,4821,35,hg19
TGTTACTGTCGAAACG-1,2121,33,hg19
TGTTACTGTCGTACTA-1,127,3515,mm10
TGTTCATAGACTTAAG-1,211,11355,mm10
TGTTCATGTACGGATG-1,6510,28,hg19
TGTTCATTCTCATTAC-1,4149,25,hg19
TGTTCCGAGAGACAAG-1,5072,19,hg19
TGTTCCGAGTCCTGCG-1,2310,59,hg19
TGTTCCGCACGTTGGC-1,4810,41,hg19
TGTTCCGGTACCGTCG-1,7316,35,hg19
TGTTCCGGTGTCCCTT-1,5170,27,hg19
TGTTCCGTCTGATTCT-1,2198,32,hg19
TGTTCTAAGCGGGTTA-1,6883,25,hg19
TGTTCTAAGGTCGTAG-1,287,7805,mm10
TGTTCTACAAGTTCCA-1,6305,37,hg19
TGTTCTAGTAGAATAC-1,2115,28,hg19
TGTTCTAGTATGCGTT-1,1706,43,hg19
TGTTCTAGTCTTCATT-1,1561,24,hg19
TGTTCTATCAACACCA-1,3686,32,hg19
TGTTCTATCCTTCTTC-1,2553,20,hg19
TGTTCTATCGCTCTAC-1,147,10222,mm10
TGTTCTATCGTGCAGC-1,7249,84,hg19
TGTTCTATCTCGTCGT-1,667,27,hg19
TGTTGAGAGACATAGT-1,6325,44,hg19
TGTTGAGCAACCGCCA-1,13892,43,hg19
TGTTGAGCAGAATGTA-1,3257,30,hg19
TGTTGAGCAGTAGATA-1,2834,27,hg19
TGTTGAGCATCCGTGG-1,6335,26,hg19
TGTTGAGCATGACGAG-1,10712,55,hg19
TGTTGAGGTCTTTCAT-1,4884,23,hg19
TGTTGAGGTGAACGGT-1,2793,20,hg19
TGTTGAGGTTCCTAGA-1,1376,17,hg19
TGTTGGAGTCTGCATA-1,3199,76,hg19
TGTTGGATCAGGAAGC-1,33,3223,mm10
TGTTGGATCTGCTGAA-1,156,8004,mm10
TGTTTGTCACAAGCCC-1,123,2851,mm10
TGTTTGTCAGGGAATC-1,12859,73,hg19
TGTTTGTGTATTTCCT-1,779,23,hg19
TGTTTGTGTCATAGTC-1,4121,28,hg19
TGTTTGTTCAGTCACA-1,3037,27,hg19
TGTTTGTTCCTCTAAT-1,1608,39,hg19
TTAATCCAGCTGACCC-1,4445,29,hg19
TTAATCCGTTAAGCAA-1,4043,27,hg19
TTAATCCGTTCGCGTG-1,10415,54,hg19
TTAATCCTCCTGCTAC-1,4951,52,hg19
TTACAGGCACTCCTGT-1,5535,28,hg19
TTACAGGCACTGGAAG-1,757,59,hg19
TTACAGGCAGATCACT-1,2570,65,hg19
TTACAGGCAGCGTAGA-1,1704,18,hg19
TTACAGGGTGCCCGTA-1,7210,65,hg19
TTACAGGGTGTGTCCG-1,7731,39,hg19
TTACAGGTCAAAGCCT-1,4879,62,hg19
TTACCATAGCCTCTCT-1,6722,77,hg19
TTACCATAGGCAGCTA-1,4256,26,hg19
TTACCATAGGTTCTAC-1,6832,37,hg19
TTACCATCAAAGGCGT-1,2318,21,hg19
TTACCATCACTGCGAC-1,3755,14,hg19
TTACCATCAGAACTCT-1,6823,53,hg19
TTACCATCAGAGATTA-1,5102,124,hg19
TTACCATCAGCCATTA-1,9134,185,hg19
TTACCATGTATCCCTC-1,3721,19,hg19
TTACCATTCACTGATG-1,19099,66,hg19
TTACCGCAGCATGAAT-1,136,7440,mm10
TTACCGCTCTGTAAGC-1,3403,22,hg19
TTACGCCAGAGTCTTC-1,11435,73,hg19
TTACGCCAGCGATGCA-1,14870,66,hg19
TTACGCCGTGCTCGTG-1,1591,23,hg19
TTACGCCTCAGTGTCA-1,2210,52,hg19
TTACGTTCAAGCCATT-1,5749,36,hg19
TTACGTTCACGACGCT-1,7011,55,hg19
TTACGTTCATGACACT-1,5382,40,hg19
TTACTGTAGCGTCTCG-1,3186,1020,hg19
TTACTGTAGTAGCAAT-1,1920,17,hg19
TTACTGTCACACTTAG-1,249,15338,mm10
TTACTGTCATATACCG-1,1829,23,hg19
TTACTGTCATTGTACG-1,3953,25,hg19
TTACTGTGTATCATGC-1,1889,30,hg19
TTACTGTGTTCTCTAT-1,4934,29,hg19
TTACTGTTCATTACCT-1,6103,44,hg19
TTAGGCACAACGATTC-1,13740,84,hg19
TTAGGCAGTACCTAGT-1,1219,21,hg19
TTAGGGTAGCACTCCG-1,2604,23,hg19
TTAGGGTAGCCTGAAG-1,1191,28,hg19
TTAGGGTAGGAATCGC-1,3331,26,hg19
TTAGGGTGTCACTGAT-1,7501,52,hg19
TTAGGGTGTCGCTCGA-1,630,17,hg19
TTAGGGTTCGAGTTGT-1,1172,17,hg19
TTAGGGTTCTCGCTCA-1,8988,53,hg19
TTAGTCTAGCGTCAAG-1,2769,757,hg19
TTAGTCTCAAAGAACT-1,1529,24,hg19
TTAGTCTCAAAGGAGA-1,2217,22,hg19
TTAGTCTCAAATTGGA-1,4645,32,hg19
TTAGTCTGTAGAATAC-1,3457,22,hg19
TTAGTCTGTGTGTTTG-1,1975,16,hg19
TTAGTCTGTTAAGACA-1,2896,44,hg19
TTATTGCAGATCCGAG-1,5532,32,hg19
TTATTGCCACACTTAG-1,5766,55,hg19
TTATTGCCACCTTCCA-1,4850,39,hg19
TTATTGCTCAAGTGGG-1,2651,20,hg19
TTATTGCTCCATGAGT-1,12725,67,hg19
TTATTGCTCGGCGATC-1,2218,20,hg19
TTCAATCCAATAGGGC-1,19664,67,hg19
TTCAATCCATTGTAGC-1,6964,48,hg19
TTCAATCTCACATCAG-1,10664,58,hg19
TTCAATCTCCGGCAAC-1,1792,22,hg19
TTCACCGAGAAACTCA-1,1454,24,hg19
TTCACCGAGCGTTCCG-1,7846,23,hg19
TTCACCGGTTCTCAGA-1,1384,93,hg19
TTCACCGTCAAGTCGT-1,11625,48,hg19
TTCACCGTCCTGTAAG-1,7240,43,hg19
TTCACGCAGCACCAGA-1,4048,39,hg19
TTCACGCCACGTACAT-1,666,7213,mm10
TTCACGCCAGGATGAC-1,17254,70,hg19
TTCACGCTCTGTTCAT-1,18864,75,hg19
TTCAGGAAGCCTCATA-1,601,59,hg19
TTCAGGACAACAGCTT-1,2111,37,hg19
TTCAGGAGTAATGATG-1,3799,38,hg19
TTCAGGATCATCTATC-1,6531,48,hg19
TTCAGGATCCCAACTC-1,3006,33,hg19
TTCAGGATCTATTCGT-1,15060,75,hg19
TTCAGGATCTTCCCAG-1,10393,59,hg19
TTCATGTAGACCGCCT-1,3630,16,hg19
TTCATGTAGCTAGAAT-1,18345,38,hg19
TTCATGTAGGTGCGAT-1,5215,79,hg19
TTCATGTGTGTTACAC-1,8334,39,hg19
TTCATGTGTTTGAAAG-1,531,19,hg19
TTCATGTTCTCACCCA-1,2634,52,hg19
TTCATTGGTCACAGTT-1,31191,103,hg19
TTCATTGTCGTCCATC-1,14198,81,hg19
TTCATTGTCTACCACC-1,7731,56,hg19
TTCCAATAGTAAATGC-1,5818,58,hg19
TTCCAATGTCATCGCG-1,1427,27,hg19
TTCCAATGTTCCACGG-1,72,2065,mm10
TTCCAATTCGTGTGGC-1,1135,14,hg19
TTCCACGAGATCCGAG-1,52,1805,mm10
TTCCACGCAATCCAGT-1,283,7500,mm10
TTCCACGGTCATCGCG-1,7760,43,hg19
TTCCACGGTTCAACGT-1,167,12588,mm10
TTCCACGTCAAATGAG-1,4059,31,hg19
TTCCACGTCACTTTGT-1,6455,41,hg19
TTCCACGTCCCTCTAG-1,1349,10959,Multiplet
TTCCGGTAGACAGCGT-1,2309,30,hg19
TTCCGGTAGCCTCAGC-1,2386,20,hg19
TTCCGGTAGCGATGAC-1,1481,24,hg19
TTCCGGTAGGTATAGT-1,9824,47,hg19
TTCCGGTCACAAGTTC-1,6962,29,hg19
TTCCGGTCATCATTTC-1,7814,39,hg19
TTCCGGTGTAATGCTC-1,2529,9,hg19
TTCCGGTGTGTACGCC-1,558,202,hg19
TTCCGTGCACTAACCA-1,1089,32,hg19
TTCCGTGCATTAAGCC-1,1096,26,hg19
TTCCGTGTCAAGTGTC-1,1883,18,hg19
TTCCTAACACTAGTAC-1,16184,84,hg19
TTCCTAACAGCTAACT-1,10621,73,hg19
TTCCTCTGTTCAAAGA-1,3083,26,hg19
TTCCTTCAGCTCTGTA-1,1426,18,hg19
TTCCTTCAGTATTGCC-1,7167,60,hg19
TTCCTTCGTGAGCAGT-1,2072,24,hg19
TTCCTTCTCTGACGCG-1,11189,46,hg19
TTCGATTGTGATGGCA-1,33,6948,mm10
TTCGATTTCAAACGAA-1,662,21,hg19
TTCGCTGCAGCAGATG-1,196,17038,mm10
TTCGCTGCAGCATACT-1,12919,89,hg19
TTCGCTGCATTCTTCA-1,877,51,hg19
TTCGCTGGTAACGTTC-1,2923,43,hg19
TTCGCTGGTAGACAAT-1,13588,108,hg19
TTCGCTGTCACTGTCC-1,4790,27,hg19
TTCGGTCAGACCAAAT-1,12818,115,hg19
TTCGGTCCAACGTTAC-1,5488,47,hg19
TTCGGTCCAGGCTCTG-1,129,8270,mm10
TTCGGTCGTGGTCCGT-1,776,25,hg19
TTCTAACAGCCGATTT-1,1806,38,hg19
TTCTAACGTACGTGTT-1,5475,31,hg19
TTCTAACGTAGGTAGC-1,6593,50,hg19
TTCTAACGTTCCTACC-1,29470,149,hg19
TTCTAACGTTCCTTGC-1,8739,69,hg19
TTCTAACGTTGCAAGG-1,7045,51,hg19
TTCTAGTAGACCCTTA-1,2329,34,hg19
TTCTAGTAGCATCAAA-1,12623,80,hg19
TTCTAGTAGTAAGGGA-1,8460,46,hg19
TTCTAGTCACAAATGA-1,2038,24,hg19
TTCTAGTCAGCCGGTT-1,3540,42,hg19
TTCTAGTCAGCTCTGG-1,3956,75,hg19
TTCTAGTGTCTAGGTT-1,5464,49,hg19
TTCTAGTGTGGCCACT-1,3553,40,hg19
TTCTCTCCACCTGATA-1,11689,79,hg19
TTCTCTCCAGGCGTTC-1,740,5,hg19
TTCTCTCCATTGCCTC-1,1286,8178,mm10
TTCTCTCGTCGTATGT-1,785,17,hg19
TTCTCTCGTGCAAGAC-1,8024,66,hg19
TTCTCTCGTGCGTCGT-1,8254,29,hg19
TTCTCTCGTTATAGCC-1,4146,21,hg19
TTCTCTCTCGTTAGAC-1,15985,69,hg19
TTCTGTATCCCAATAG-1,6134,205,hg19
TTCTGTATCGCTGATA-1,2187,31,hg19
TTCTTCCAGAAGCCTG-1,2604,52,hg19
TTCTTCCAGAGGGTCT-1,9967,66,hg19
TTCTTCCAGCATGGGT-1,1983,23,hg19
TTCTTCCAGCCGTTGC-1,3336,38,hg19
TTCTTCCCAGGAGGTT-1,1739,20,hg19
TTCTTCCGTACTGCCG-1,8753,55,hg19
TTCTTCCGTCGAGCTC-1,279,16360,mm10
TTCTTCCTCGGAATGG-1,1536,16,hg19
TTCTTGAAGGATTTGA-1,14888,48,hg19
TTCTTGAAGGCGATAC-1,92,4464,mm10
TTCTTGAGTCAGGAGT-1,660,42,hg19
TTCTTGATCTACCACC-1,7928,49,hg19
TTGAACGCAAGTGGCA-1,5606,37,hg19
TTGAACGCAGCATGCC-1,10376,60,hg19
TTGAACGGTACAAGTA-1,6985,52,hg19
TTGAACGTCTTCCCGA-1,861,29,hg19
TTGACCCAGCCTCTCT-1,1798,22,hg19
TTGACCCCAAGTGGCA-1,350,20143,mm10
TTGACCCGTTCTCGTC-1,3142,35,hg19
TTGACCCTCATCTGTT-1,3864,32,hg19
TTGACCCTCCGTGGGT-1,4600,50,hg19
TTGACCCTCCTTCACG-1,7567,69,hg19
TTGAGTGAGCACTTTG-1,4581,37,hg19
TTGAGTGCAAGAGGTC-1,1764,16,hg19
TTGAGTGCACCCTCTA-1,4228,43,hg19
TTGAGTGCAGATGCGA-1,40,11450,mm10
TTGAGTGCAGTGTATC-1,1793,16,hg19
TTGATGGAGAAGTCAT-1,2047,29,hg19
TTGATGGAGAGAGCAA-1,6566,38,hg19
TTGATGGAGCGAATGC-1,4739,24,hg19
TTGATGGCATCGGTTA-1,617,15,hg19
TTGATGGGTGCCCAGT-1,2947,30,hg19
TTGATGGTCACTCCGT-1,3144,44,hg19
TTGATGGTCTGTCCGT-1,1661,13,hg19
TTGCATTAGCGCCATC-1,5071,26,hg19
TTGCATTAGGTTAAAC-1,18960,71,hg19
TTGCATTCAGTGCGCT-1,8943,37,hg19
TTGCATTCATAAGCAA-1,9394,62,hg19
TTGCATTGTGATACCT-1,278,14977,mm10
TTGCATTGTTGCTTGA-1,11533,42,hg19
TTGCCTGAGCGACTAG-1,2968,33,hg19
TTGCCTGGTAATCAAG-1,268,2450,mm10
TTGCCTGTCTGGACTA-1,8194,36,hg19
TTGCGTCAGCGCCATC-1,417,13106,mm10
TTGCGTCAGCTGAGCA-1,4265,9,hg19
TTGCGTCAGTTCCGGC-1,32,6327,mm10
TTGCGTCGTACCTAGT-1,2471,18,hg19
TTGCGTCGTATCGCAT-1,51,2695,mm10
TTGCGTCTCAGTCTTT-1,3199,16,hg19
TTGCTGCAGTGGAAAG-1,1510,17,hg19
TTGCTGCCAATTGAAG-1,4939,31,hg19
TTGCTGCGTGTTCAGT-1,3113,24,hg19
TTGGATGAGAACCGCA-1,2740,18,hg19
TTGGATGAGGATACAT-1,20537,70,hg19
TTGGATGCAACAAGAT-1,5883,30,hg19
TTGGATGCAGCGAACA-1,3575,31,hg19
TTGGATGCATATGCGT-1,3376,21,hg19
TTGGATGGTAAGATTG-1,1749,25,hg19
TTGGATGTCCCATAAG-1,4764,58,hg19
TTGGATGTCCGTTGGG-1,24827,45,hg19
TTGGATGTCTAAGCGT-1,14935,60,hg19
TTGGGATCATCTATCT-1,280,10740,mm10
TTGGGCGCATCGATAC-1,12145,70,hg19
TTGGGCGGTGGCGCTT-1,49,16007,mm10
TTGGGCGTCGTTACCC-1,81,2301,mm10
TTGGGTAGTAGTGATA-1,10094,43,hg19
TTGGTTTAGCATACTC-1,220,5513,mm10
TTGGTTTAGTAAACTG-1,1872,24,hg19
TTGGTTTGTACCTATG-1,658,22,hg19
TTGGTTTGTCAGCTTA-1,40,7710,mm10
TTGGTTTTCAGCAATC-1,12377,46,hg19
TTGGTTTTCTTGTGCC-1,5183,50,hg19
TTGTGGAAGTGCTCGC-1,1751,23,hg19
TTGTGGACAAAGGATT-1,2091,28,hg19
TTGTGGACACGAGGAT-1,593,43,hg19
TTGTGGAGTCGCTTGG-1,5428,21,hg19
TTGTGGAGTTTACGTG-1,3044,56,hg19
TTGTGGAGTTTGCAGT-1,2719,31,hg19
TTGTGGATCGAAGGAC-1,7555,76,hg19
TTGTGTTAGTTCTCTT-1,4002,22,hg19
TTGTGTTGTGTAAACA-1,4522,31,hg19
TTGTGTTGTTGCGAAG-1,7353,33,hg19
TTGTTCAAGAGTGACC-1,5076,35,hg19
TTGTTCAAGGCCTAGA-1,3133,22,hg19
TTGTTCACAACGAGGT-1,1872,33,hg19
TTGTTCACACCAGCCA-1,13064,23545,Multiplet
TTGTTCAGTAGGAGTC-1,335,16577,mm10
TTGTTCATCCACAAGT-1,8197,45,hg19
TTGTTCATCGGACTGC-1,3071,30,hg19
TTGTTGTGTCGGTACC-1,4171,29,hg19
TTGTTGTGTTCTGAGT-1,4410,35,hg19
TTGTTGTTCCACATAG-1,7604,32,hg19
TTGTTGTTCCCATGGG-1,2625,23,hg19
TTGTTGTTCGCTACGG-1,6900,29,hg19
TTGTTTGAGCCGTCGT-1,1927,20,hg19
TTGTTTGAGCCTCAAT-1,7190,41,hg19
TTGTTTGCAAACGAGC-1,2967,26,hg19
TTGTTTGGTGTTCGAT-1,1059,19,hg19
TTGTTTGTCCGTGGCA-1,3376,36,hg19
TTGTTTGTCTATGTGG-1,19703,63,hg19
TTTACCACATACCGTA-1,3668,33,hg19
TTTACCAGTTTGAACC-1,1987,34,hg19
TTTACCATCCACACAA-1,3728,69,hg19
TTTACCATCGGAGTGA-1,5982,37,hg19
TTTACCATCGTCCTTG-1,4870,53,hg19
TTTACCATCGTTCTAT-1,4209,43,hg19
TTTACCATCTGGCCAG-1,1069,28,hg19
TTTACGTAGACCAAGC-1,1173,48,hg19
TTTACGTAGCATGCAG-1,5626,72,hg19
TTTACGTAGCCAGTAG-1,24907,76,hg19
TTTACGTAGGTAGTAT-1,3656,23,hg19
TTTACGTAGTCTGGAG-1,9311,45,hg19
TTTACGTAGTTTCGGT-1,2292,27,hg19
TTTACGTCACGCGCAT-1,6692,61,hg19
TTTACGTCACGTGAGA-1,2215,36,hg19
TTTACGTCATACAGAA-1,1576,23,hg19
TTTACGTCATGATAGA-1,2506,25,hg19
TTTACGTGTCACCCTT-1,8428,40,hg19
TTTACTGAGCGTATAA-1,4481,26,hg19
TTTACTGAGTATAACG-1,8832,49,hg19
TTTACTGCAGAGATTA-1,262,7096,mm10
TTTACTGGTGGATTTC-1,3481,44,hg19
TTTACTGTCGAACCAT-1,9162,56,hg19
TTTAGTCAGTCCGCGT-1,2172,17,hg19
TTTAGTCCACTGCTTC-1,5558,29,hg19
TTTAGTCGTCTGTTAG-1,4740,29,hg19
TTTATGCAGGATGGCT-1,18,1117,mm10
TTTATGCCAAAGCACG-1,1150,15,hg19
TTTATGCCACTTGTGA-1,851,27,hg19
TTTATGCCATTGCCGG-1,1617,14,hg19
TTTATGCGTGTCTTGA-1,144,9796,mm10
TTTATGCTCTCGCAGG-1,2324,15,hg19
TTTCACAAGAGAGCAA-1,30,6760,mm10
TTTCACACATTGCCGG-1,11277,64,hg19
TTTCACAGTGGTGATG-1,1519,23,hg19
TTTCACATCACCGGGT-1,15255,74,hg19
TTTCACATCCCAAGCG-1,3122,35,hg19
TTTCACATCGAACGCC-1,3570,27,hg19
TTTCACATCTCGTGAA-1,3216,30,hg19
TTTCAGTAGAGTTGTA-1,2289,26,hg19
TTTCAGTGTCTCCTGT-1,8372,30,hg19
TTTCAGTTCCCTCTTT-1,3561,38,hg19
TTTCATGAGTGGAATT-1,7634,34,hg19
TTTCCTCGTCATCCCT-1,5698,50,hg19
TTTCCTCGTTCGAGCC-1,3219,32,hg19
TTTCCTCGTTGTGCAT-1,2996,18,hg19
TTTCCTCGTTTCACAG-1,18476,61,hg19
TTTCCTCTCTATACTC-1,2946,25,hg19
TTTCGATAGAGTTGCG-1,582,125,hg19
TTTGATCAGAGTCCGA-1,933,8,hg19
TTTGATCAGTCGAATA-1,68,8307,mm10
TTTGATCGTTATCCAG-1,2457,24,hg19
TTTGATCTCCTACGGG-1,5362,49,hg19
TTTGATCTCGTTCTGC-1,5648,43,hg19
TTTGGAGCACGCCACA-1,139,11627,mm10
TTTGGAGCAGCGAGTA-1,942,17,hg19
TTTGGAGGTACTCGAT-1,1522,22,hg19
TTTGGAGTCATCAGTG-1,5714,43,hg19
TTTGGTTCAACACACT-1,10128,79,hg19
TTTGGTTTCACTGTTT-1,2014,22,hg19
TTTGTTGAGAGCAGTC-1,106,2333,mm10
TTTGTTGAGAGTACCG-1,2399,116,hg19
TTTGTTGAGCGATGAC-1,183,17541,mm10
TTTGTTGAGGGCTTCC-1,1197,22,hg19
TTTGTTGCAAAGACTA-1,1689,17,hg19
TTTGTTGCAAGCGGAT-1,931,13,hg19
TTTGTTGCAGTTAAAG-1,3140,19,hg19
TTTGTTGCAGTTTGGT-1,9713,35,hg19
TTTGTTGGTCTGTGCG-1,1631,21,hg19
TTTGTTGTCCCTCAAC-1,57,1378,mm10
