barcode,hg19,mm10,call
AAACCCAAGCAATTCC-1,3,64,mm10
AAACCCAAGGTTGAGC-1,0,50,mm10
AAACCCAGTACCTTCC-1,0,47,mm10
AAACCCAGTAGAGACC-1,3,75,mm10
AAACCCAGTATCTTCT-1,0,23,mm10
AAACCCATCCTTCGAC-1,2426,7,hg19
AAACGAACATACAGAA-1,0,31,mm10
AAACGAACATCCTTGC-1,0,58,mm10
AAACGAACATCGATAC-1,0,52,mm10
AAACGAAGTCTGCGCA-1,4022,20,Multiplet
AAACGAATCAGTGGGA-1,0,73,mm10
AAACGCTCAATAGTAG-1,0,48,mm10
AAACGCTGTCAGGAGT-1,4746,0,hg19
AAACGCTTCCCAGGAC-1,5,59,mm10
AAACGCTTCCTAGAGT-1,0,121,mm10
AAAGAACAGGGCAGTT-1,3606,1,hg19
AAAGAACAGTGCTAGG-1,6963,3,hg19
AAAGAACCAGTTCTAG-1,0,65,mm10
AAAGAACGTGCCCGTA-1,2336,3,hg19
AAAGAACTCTATGTGG-1,5861,6,hg19
AAAGGATAGCTTCATG-1,6538,2,hg19
AAAGGATCAAATGGTA-1,0,20,mm10
AAAGGATGTCCCTGAG-1,1,34,mm10
AAAGGATGTGCGGTAA-1,2,17,mm10
AAAGGGCAGGGTTGCA-1,1,60,mm10
AAAGGGCAGGTTCAGG-1,4287,13,hg19
AAAGGGCCAAATGGAT-1,0,52,mm10
AAAGGGCCATGAGTAA-1,0,15,mm10
AAAGGGCTCGAATGCT-1,5453,18,Multiplet
AAAGGTACAGTCCCGA-1,1,37,mm10
AAAGGTACAGTTGTCA-1,0,52,mm10
AAAGGTACATCCTATT-1,1,65,mm10
AAAGGTACATCGCCTT-1,7205,1,hg19
AAAGGTAGTTCCGCAG-1,0,19,mm10
AAAGTCCGTGAGATTA-1,1,33,mm10
AAAGTCCTCACCACAA-1,1,85,mm10
AAAGTGAAGAAATTCG-1,0,57,mm10
AAAGTGAAGCTGAAGC-1,0,15,mm10
AAAGTGAAGTCGGCAA-1,0,34,mm10
AAAGTGAAGTGCAGGT-1,1,23,mm10
AAAGTGACAAGTGCTT-1,17,17,hg19
AAAGTGAGTCAGTCTA-1,2,44,mm10
AAAGTGAGTTGCATGT-1,0,13,mm10
AAAGTGATCCGGTAAT-1,0,61,mm10
AAAGTGATCTGAGGCC-1,0,31,mm10
AAATGGAAGTATGGAT-1,5977,2,hg19
AAATGGAGTTCGGCTG-1,3153,3,hg19
AAATGGATCGGTCGAC-1,3546,6,hg19
AAATGGATCTCACGAA-1,41,17,hg19
AACAAAGCAGTTACCA-1,1,67,mm10
AACAAAGTCATGAGTC-1,1,31,mm10
AACAACCAGACCTTTG-1,0,27,mm10
AACAACCCATGCAGGA-1,5940,17,Multiplet
AACAACCGTCGCCACA-1,2,82,mm10
AACAACCGTTAGGCTT-1,1,82,mm10
AACAAGAAGATGCTTC-1,0,11,mm10
AACAAGAAGGATCATA-1,0,35,mm10
AACAAGACATGCTGCG-1,9455,7,hg19
AACAAGACATGGAAGC-1,0,22,mm10
AACACACGTCACCACG-1,0,15,mm10
AACAGGGAGCGTGCTC-1,13,18,mm10
AACAGGGAGTAGTCTC-1,0,59,mm10
AACAGGGCAAGGCCTC-1,4507,2,hg19
AACAGGGGTATCGAGG-1,0,19,mm10
AACAGGGGTGCCGTTG-1,1,69,mm10
AACAGGGTCCTTGGAA-1,1,58,mm10
AACCAACCACCAGTTA-1,0,22,mm10
AACCAACGTGCAATGG-1,0,69,mm10
AACCACAAGATGTAGT-1,0,25,mm10
AACCACACAAACACCT-1,0,76,mm10
AACCACACAAGAGGCT-1,1,60,mm10
AACCACACAATCTAGC-1,1,54,mm10
AACCATGAGTATGTAG-1,1,64,mm10
AACCATGCAGCACCCA-1,0,33,mm10
AACCATGCAGCTGTCG-1,9048,2,hg19
AACCATGCATCCCGTT-1,5731,4,hg19
AACCATGGTAACATCC-1,0,75,mm10
AACCATGGTGGAAGTC-1,1988,2,hg19
AACCATGGTTGGGACA-1,0,26,mm10
AACCATGTCCGGTAAT-1,1,61,mm10
AACCCAACAGTCTGGC-1,5926,6,hg19
AACCCAACATTGTCGA-1,0,20,mm10
AACCCAAGTTGGGAAC-1,7219,13,hg19
AACCTGAAGGCCCAAA-1,0,34,mm10
AACCTGAGTTGTGTAC-1,0,31,mm10
AACCTGATCCGTTTCG-1,0,55,mm10
AACCTTTAGGTACTGG-1,0,58,mm10
AACCTTTCATACAGCT-1,3,70,mm10
AACCTTTTCCTTATAC-1,2,54,mm10
AACCTTTTCGATACGT-1,1,58,mm10
AACCTTTTCGTTACCC-1,7231,16,Multiplet
AACCTTTTCTTCCCAG-1,0,30,mm10
AACGAAAAGTCTTGGT-1,1,42,mm10
AACGAAATCTTAGGAC-1,2814,6,hg19
AACGGGAAGCTAAATG-1,3578,4,hg19
AACGGGAAGGACAACC-1,0,45,mm10
AACGGGAGTGCAATAA-1,1,48,mm10
AACGTCAGTTATTCTC-1,1,28,mm10
AACGTCAGTTTGAACC-1,20,11,hg19
AACGTCATCAGAGTTC-1,21,26,mm10
AACGTCATCCTTCTGG-1,4953,12,hg19
AACTTCTAGAGAGGTA-1,0,60,mm10
AACTTCTCAAGAGCTG-1,1,72,mm10
AACTTCTCACCCTGAG-1,1,46,mm10
AACTTCTGTAATTGGA-1,0,29,mm10
AACTTCTGTCCGGTGT-1,0,17,mm10
AACTTCTGTGGATTTC-1,0,37,mm10
AACTTCTTCTGCGGCA-1,32,29,hg19
AAGAACAAGAAGCGAA-1,0,20,mm10
AAGAACAAGCTGAGCA-1,0,27,mm10
AAGAACACAAGTTCCA-1,6283,4,hg19
AAGAACACATCGATAC-1,0,89,mm10
AAGAACAGTGTGTCCG-1,0,66,mm10
AAGAACAGTTAGAAAC-1,1,32,mm10
AAGAACATCAAGAGGC-1,0,59,mm10
AAGACAAAGTGATTCC-1,1,25,mm10
AAGACAATCACTGCTC-1,0,16,mm10
AAGACAATCCGAAGGA-1,0,74,mm10
AAGACAATCTCGGTAA-1,0,34,mm10
AAGACTCAGCAATAGT-1,2,103,mm10
AAGACTCAGCGACATG-1,1,29,mm10
AAGACTCCACAACCGC-1,1,77,mm10
AAGACTCCAGGCGTTC-1,1523,4,hg19
AAGACTCGTTGAAGTA-1,2,58,mm10
AAGACTCTCAATGCAC-1,0,44,mm10
AAGACTCTCTCTTGCG-1,0,36,mm10
AAGATAGAGGTAAGTT-1,3073,1,hg19
AAGATAGCAAAGCGTG-1,5813,1,hg19
AAGATAGCACGATTCA-1,0,39,mm10
AAGATAGGTGCGAGTA-1,4524,3,hg19
AAGATAGGTTGTTGAC-1,0,53,mm10
AAGATAGTCGGTTAGT-1,3525,1,hg19
AAGCATCAGACCTTTG-1,31,38,mm10
AAGCATCCAGCAGTTT-1,1,91,mm10
AAGCATCTCGTGGGTC-1,5652,4,hg19
AAGCCATCATGACCCG-1,0,45,mm10
AAGCCATGTATGGAGC-1,5724,3,hg19
AAGCCATGTGGGCTTC-1,0,59,mm10
AAGCCATGTTCTGACA-1,1,48,mm10
AAGCCATTCTCGTGAA-1,1,73,mm10
AAGCGAGAGCGTATGG-1,1,20,mm10
AAGCGAGCAACGGCTC-1,0,15,mm10
AAGCGAGGTCCTTTGC-1,3947,5,hg19
AAGCGAGGTCTGCCTT-1,0,36,mm10
AAGCGTTCAGGGAGAG-1,1,65,mm10
AAGCGTTCATAGGCGA-1,0,52,mm10
AAGCGTTGTCATCAGT-1,3382,5,hg19
AAGCGTTTCTCTGCTG-1,1,44,mm10
AAGGTAAAGTGCGTCC-1,0,65,mm10
AAGGTAAAGTGCTAGG-1,1,51,mm10
AAGGTAACATCCTTGC-1,9931,18,Multiplet
AAGGTAAGTATAGGAT-1,0,46,mm10
AAGGTAAGTGTCCTAA-1,0,38,mm10
AAGTACCAGGTGATCG-1,11,18,mm10
AAGTACCCAAGCGCTC-1,1734,6,hg19
AAGTACCGTCTTACAG-1,5101,8,hg19
AAGTACCGTGTCATTG-1,1,37,mm10
AAGTCGTAGATGTAGT-1,0,39,mm10
AAGTCGTAGCGTGAAC-1,0,29,mm10
AAGTCGTAGTTACGTC-1,3749,5,hg19
AAGTCGTCAAGTGGTG-1,0,19,mm10
AAGTCGTTCGCAATTG-1,0,19,mm10
AAGTGAAAGCAGTACG-1,0,18,mm10
AAGTGAAAGGCATCTT-1,10,22,mm10
AAGTGAAAGGTTCTAC-1,2,53,mm10
AAGTGAAGTTCCTAGA-1,0,31,mm10
AAGTTCGAGACCCGCT-1,5340,6,hg19
AAGTTCGAGGAGAGGC-1,14,35,mm10
AAGTTCGAGTTCACTG-1,0,36,mm10
AAGTTCGCAGAACGCA-1,2,25,mm10
AAGTTCGCAGCACCCA-1,9891,26,Multiplet
AAGTTCGCAGGTACGA-1,7429,6,hg19
AAGTTCGTCCTCTCTT-1,0,14,mm10
AAGTTCGTCGGATAAA-1,0,19,mm10
AAGTTCGTCGGTAGAG-1,0,26,mm10
AATAGAGCATGTTTGG-1,1,54,mm10
AATAGAGGTGACAGGT-1,1,35,mm10
AATAGAGTCCTCGATC-1,0,45,mm10
AATAGAGTCGTCGACG-1,5708,13,hg19
AATCACGAGTGTTGAA-1,14,37,mm10
AATCACGCACCCAATA-1,0,36,mm10
AATCACGGTGCCGTTG-1,0,15,mm10
AATCACGTCGCTACAA-1,0,18,mm10
AATCACGTCGGCTCTT-1,0,37,mm10
AATCACGTCTCAGTCC-1,0,62,mm10
AATCGACGTAATGATG-1,0,65,mm10
AATCGTGAGAGTCACG-1,0,67,mm10
AATCGTGCAATAGAGT-1,1590,0,hg19
AATCGTGGTGAGACGT-1,0,19,mm10
AATGAAGAGAAGGATG-1,5042,2,hg19
AATGAAGAGAGGCGTT-1,0,41,mm10
AATGAAGAGTGCACTT-1,0,38,mm10
AATGAAGCAAACTAAG-1,0,16,mm10
AATGAAGTCCGAGGCT-1,0,52,mm10
AATGACCAGAGGATCC-1,1163,5,hg19
AATGACCAGCGTGTCC-1,0,16,mm10
AATGACCAGTGGCAGT-1,2,50,mm10
AATGACCCAACAGCTT-1,1,119,mm10
AATGACCTCCATCGTC-1,10688,10,hg19
AATGACCTCGGCTGTG-1,1,14,mm10
AATGCCATCCCTATTA-1,0,31,mm10
AATGGAAAGCGAAACC-1,4163,2,hg19
AATGGAAAGGTAACTA-1,2000,1,hg19
AATGGAAGTGAGATCG-1,0,53,mm10
AATGGAATCGAGAACG-1,0,89,mm10
AATGGCTCATTGCTGA-1,6494,12,hg19
AATGGCTTCACAGTGT-1,0,25,mm10
AATGGCTTCACTGGTA-1,2,77,mm10
AATGGCTTCTAGTCAG-1,6719,5,hg19
AATTCCTCATAGTCAC-1,0,12,mm10
AATTCCTGTAAGTTAG-1,0,62,mm10
AATTCCTTCATTGCTT-1,0,27,mm10
AATTCCTTCCGTCCTA-1,0,26,mm10
AATTTCCAGGGTACAC-1,1,15,mm10
AATTTCCCATCTTCGC-1,0,11,mm10
ACAAAGAAGTCGAGGT-1,0,13,mm10
ACAAAGAGTTAGTCGT-1,0,107,mm10
ACAAAGAGTTCTTGCC-1,0,24,mm10
ACAACCAAGCCTTCTC-1,1,81,mm10
ACAACCACAGCACGAA-1,1,32,mm10
ACAACCACAGCAGACA-1,68,32,hg19
ACAACCATCCGTTTCG-1,0,11,mm10
ACAAGCTAGACTTCGT-1,16,52,mm10
ACAAGCTAGCATTGAA-1,0,55,mm10
ACAAGCTCATGACCCG-1,3634,8,hg19
ACACAGTAGACGCTCC-1,3,69,mm10
ACACAGTAGTTGTAGA-1,1,59,mm10
ACACAGTGTCCGGTCA-1,0,21,mm10
ACACAGTGTGTAAATG-1,0,30,mm10
ACACAGTTCTACCACC-1,65,12,hg19
ACACCAAAGCGCGTTC-1,4944,5,hg19
ACACCAACAATAAGGT-1,4,50,mm10
ACACCAACATGACAAA-1,65,20,hg19
ACACCAAGTCGTGTTA-1,11,32,mm10
ACACCAAGTGTTAAAG-1,6265,0,hg19
ACACCAAGTTAGGCCC-1,0,14,mm10
ACACCAAGTTCTCGCT-1,1,19,mm10
ACACCAAGTTGCTAGT-1,21,53,mm10
ACACGCGAGCTGCCTG-1,0,13,mm10
ACACGCGAGGCATCAG-1,0,22,mm10
ACACGCGCAATTGTGC-1,0,15,mm10
ACACGCGTCGCCGATG-1,0,39,mm10
ACACGCGTCTAGTGAC-1,1,42,mm10
ACACTGAAGCAGCCTC-1,0,34,mm10
ACACTGAGTCATCTAG-1,0,13,mm10
ACACTGATCAACGTGT-1,0,23,mm10
ACAGAAAAGCTACTGT-1,0,31,mm10
ACAGAAATCTGCTCTG-1,0,71,mm10
ACAGAAATCTTCCCGA-1,0,41,mm10
ACAGCCGAGGACTATA-1,2,55,mm10
ACAGCCGGTACCTGTA-1,0,25,mm10
ACAGCCGTCAAAGAAC-1,0,12,mm10
ACAGCCGTCTTGGGCG-1,0,65,mm10
ACAGGGAAGATACAGT-1,2002,4,hg19
ACAGGGACATCGCTGG-1,0,12,mm10
ACAGGGAGTACAGTCT-1,0,27,mm10
ACAGGGATCGTTCTAT-1,6599,18,Multiplet
ACAGGGATCTCTAAGG-1,0,13,mm10
ACATCCCAGACATCCT-1,0,66,mm10
ACATCCCCAGCTTTCC-1,6856,20,Multiplet
ACATCCCTCCGTAGGC-1,0,22,mm10
ACATCGAGTATCCCAA-1,0,59,mm10
ACATCGAGTCTGGTTA-1,2159,2,hg19
ACATGCAAGGTAAGAG-1,0,33,mm10
ACATGCAAGTCAGAGC-1,0,50,mm10
ACATGCAGTCCAGCCA-1,0,75,mm10
ACATGCATCCATCGTC-1,3,42,mm10
ACATGCATCGTCGCTT-1,1,57,mm10
ACATTTCAGGTCACAG-1,1,11,mm10
ACATTTCAGGTCGTCC-1,2135,2,hg19
ACATTTCAGTATGGCG-1,0,20,mm10
ACATTTCCAGCGTACC-1,3281,8,hg19
ACATTTCGTTCCATTT-1,3357,8,hg19
ACATTTCTCACCCTTG-1,0,37,mm10
ACATTTCTCCGTTGGG-1,0,83,mm10
ACATTTCTCGCTCCTA-1,0,17,mm10
ACCAAACAGGGAGGAC-1,0,14,mm10
ACCAAACCACTGGACC-1,3561,12,hg19
ACCAAACGTCGTACAT-1,0,45,mm10
ACCAAACGTGGCATCC-1,0,61,mm10
ACCAACACAAATCAAG-1,0,38,mm10
ACCAACACACGACAGA-1,0,12,mm10
ACCAACACAGAGGTTG-1,0,63,mm10
ACCAACACAGGGACTA-1,6281,6,hg19
ACCAACAGTACCGTGC-1,1,15,mm10
ACCAACATCCACTAGA-1,0,66,mm10
ACCACAAAGAAGCGAA-1,5682,5,hg19
ACCACAAAGGAACTAT-1,3,43,mm10
ACCACAACAGAGTCTT-1,68,24,hg19
ACCACAATCACTCTTA-1,0,58,mm10
ACCACAATCCACACAA-1,0,37,mm10
ACCACAATCGGAGTGA-1,3,48,mm10
ACCACAATCGGCCCAA-1,3927,5,hg19
ACCACAATCTGAATGC-1,0,47,mm10
ACCATTTAGCTGGCCT-1,3888,8,hg19
ACCATTTAGGGTGGGA-1,28,36,mm10
ACCATTTAGTCATCGT-1,3284,7,hg19
ACCATTTCACAAGCTT-1,3,72,mm10
ACCCAAAAGTGTAGAT-1,1170,3,hg19
ACCCAAATCATTACCT-1,2,37,mm10
ACCCTCACAGGATCTT-1,1,75,mm10
ACCCTCAGTGTAGTGG-1,2,35,mm10
ACCCTTGCACACCTAA-1,0,27,mm10
ACCCTTGGTCGGCTAC-1,1,38,mm10
ACCCTTGTCAGATGCT-1,0,42,mm10
ACCGTTCGTTATGTGC-1,0,34,mm10
ACCGTTCTCCACACCT-1,0,82,mm10
ACCTACCAGACGGAAA-1,6186,3,hg19
ACCTACCTCAGAGTTC-1,0,18,mm10
ACCTGAAAGGGAGAAT-1,5252,5,hg19
ACCTGAATCAGCTTCC-1,2,74,mm10
ACCTGTCAGTACAACA-1,4931,11,hg19
ACCTGTCAGTCATTGC-1,0,53,mm10
ACGATCACACTTGTCC-1,55,14,hg19
ACGATCACAGGAATCG-1,18,42,mm10
ACGATCACATAGAGGC-1,1,50,mm10
ACGATGTAGAGCAGTC-1,2,39,mm10
ACGATGTCAACTCGAT-1,6092,5,hg19
ACGATGTCAGGCTCTG-1,9040,11,hg19
ACGATGTCATAGAGGC-1,0,64,mm10
ACGATGTGTCGAGCAA-1,5626,2,hg19
ACGCACGAGAGGTATT-1,5049,8,hg19
ACGCACGCATCGGCCA-1,33,17,hg19
ACGCACGGTTGCCGAC-1,28,71,mm10
ACGCACGTCCTAGCTC-1,2,47,mm10
ACGGAAGAGTTCATCG-1,0,20,mm10
ACGGAAGCACTACCGG-1,1,42,mm10
ACGGAAGCACTCCTGT-1,3462,2,hg19
ACGGAAGCATTGACTG-1,0,11,mm10
ACGGAAGGTACTCGAT-1,17,26,mm10
ACGGAAGGTCGTGGAA-1,9775,7,hg19
ACGGAAGTCCTGTACC-1,0,53,mm10
ACGGGTCAGCCGATTT-1,0,77,mm10
ACGGGTCAGTATAACG-1,6316,9,hg19
ACGGGTCCACTCCGGA-1,4376,6,hg19
ACGGGTCGTTCGAAGG-1,0,47,mm10
ACGGGTCTCCAACTAG-1,2,53,mm10
ACGGTCGCACCGGTCA-1,0,12,mm10
ACGGTCGCATTCTTCA-1,1,51,mm10
ACGGTCGGTTGCGTAT-1,1,56,mm10
ACGGTCGTCGGTTGTA-1,2,29,mm10
ACGGTTAAGCACGTCC-1,2,11,mm10
ACGGTTAAGTGGCAGT-1,6464,5,hg19
ACGGTTACACAAGCAG-1,1,40,mm10
ACGGTTAGTGGAACCA-1,8399,7,hg19
ACGGTTATCCAAGGGA-1,22,12,hg19
ACGGTTATCTCATGCC-1,7047,7,hg19
ACGTAACAGCCATATC-1,1,12,mm10
ACGTAACAGGAACATT-1,0,22,mm10
ACGTAACGTCATCTAG-1,0,11,mm10
ACGTAACGTGTTCGTA-1,0,151,mm10
ACGTACAAGCGTCTGC-1,0,27,mm10
ACGTACAGTAGCGTCC-1,0,73,mm10
ACGTACATCGATTCCC-1,0,56,mm10
ACGTAGTCATCAGCAT-1,0,60,mm10
ACGTAGTGTTGAGTCT-1,13,33,mm10
ACGTAGTTCCCACAGG-1,0,94,mm10
ACGTCCTGTAACTTCG-1,3890,4,hg19
ACGTCCTGTTCAGTAC-1,6470,5,hg19
ACGTCCTTCACTCTTA-1,0,77,mm10
ACGTCCTTCAGCGCGT-1,5883,5,hg19
ACGTTCCAGGAACGCT-1,0,17,mm10
ACGTTCCAGTATAGAC-1,0,13,mm10
ACGTTCCAGTTGTCGT-1,1,54,mm10
ACGTTCCCACCGTGGT-1,0,56,mm10
ACGTTCCGTATCGATC-1,1756,7,hg19
ACTACGACAATTGAAG-1,1,40,mm10
ACTACGACAGTAGAAT-1,2,11,mm10
ACTACGAGTGAGATAT-1,0,16,mm10
ACTATCTGTGGACCAA-1,1935,0,hg19
ACTATCTGTTGGCCGT-1,0,59,mm10
ACTATCTTCACCTCGT-1,3,82,mm10
ACTATGGAGCACCGTC-1,0,17,mm10
ACTATGGAGCCTGTCG-1,0,36,mm10
ACTATGGCACGGTGAA-1,0,78,mm10
ACTATGGGTCGGAAAC-1,2946,6,hg19
ACTATGGTCCGAGAAG-1,3858,5,hg19
ACTATTCAGTGCCAGA-1,0,53,mm10
ACTATTCCATTCTGTT-1,1,81,mm10
ACTATTCGTTATTCTC-1,0,68,mm10
ACTATTCGTTGGGTTT-1,0,29,mm10
ACTCCCAAGAAGCGGG-1,1,54,mm10
ACTCCCAAGCCTTGAT-1,0,65,mm10
ACTCCCACAAGTGGAC-1,45,21,hg19
ACTCCCACACTCATAG-1,8713,16,Multiplet
ACTCTCGAGAAACCCG-1,6871,2,hg19
ACTCTCGAGTCACTAC-1,0,42,mm10
ACTCTCGCATAGAATG-1,0,14,mm10
ACTCTCGGTCTGCAAT-1,0,37,mm10
ACTCTCGGTGGTAACG-1,0,31,mm10
ACTGATGAGGAGACCT-1,9516,20,Multiplet
ACTGATGCAAGAGTTA-1,0,54,mm10
ACTGATGCAGGTGAGT-1,0,36,mm10
ACTGATGGTCCAGCCA-1,4531,3,hg19
ACTGATGTCGAGATGG-1,0,109,mm10
ACTGCAACAATACCTG-1,119,12,hg19
ACTGCAACAGATACTC-1,2,34,mm10
ACTGCAACATCTCATT-1,0,24,mm10
ACTGCAACATTAAGCC-1,0,28,mm10
ACTGTCCCAAAGGATT-1,6661,3,hg19
ACTGTCCCAAGTGATA-1,1,25,mm10
ACTGTCCCAGAAGTGC-1,3,56,mm10
ACTGTCCCAGAGTCAG-1,5901,6,hg19
ACTGTCCCAGTCCCGA-1,5493,6,hg19
ACTGTCCCATCACCAA-1,1,11,mm10
ACTGTCCGTAGCTTTG-1,2,47,mm10
ACTGTCCGTTCCATTT-1,6128,5,hg19
ACTGTCCTCGTTCAGA-1,1,35,mm10
ACTGTGAAGAGAGCGG-1,0,24,mm10
ACTGTGACACACAGCC-1,533,21,hg19
ACTGTGACACGGGCTT-1,2,69,mm10
ACTGTGATCTCGAGTA-1,0,37,mm10
ACTTAGGAGGACTGGT-1,0,11,mm10
ACTTATCCAGCACCCA-1,0,37,mm10
ACTTATCCATTCACAG-1,0,33,mm10
ACTTATCGTGCGCTCA-1,1,45,mm10
ACTTATCTCACAATGC-1,2,126,mm10
ACTTCCGCAGTACTAC-1,5,99,mm10
ACTTCCGTCATTCGGA-1,6481,8,hg19
ACTTCCGTCGCGCTGA-1,15078,22,Multiplet
ACTTCGCAGAAGTCAT-1,8042,6,hg19
ACTTCGCAGTTCATCG-1,2,43,mm10
ACTTCGCGTCCTATAG-1,4810,10,hg19
ACTTCGCGTTCGAACT-1,0,15,mm10
ACTTCGCTCCAATGCA-1,0,17,mm10
ACTTTCAAGCACTCTA-1,1,32,mm10
ACTTTCAAGCTCTGTA-1,14,73,mm10
ACTTTCACAACCCTAA-1,0,26,mm10
ACTTTCACAATCTAGC-1,0,12,mm10
ACTTTCACACCGTACG-1,0,37,mm10
ACTTTCAGTCAGTCCG-1,0,13,mm10
ACTTTGTAGCTCTTCC-1,1,35,mm10
ACTTTGTGTCAATCTG-1,0,46,mm10
ACTTTGTGTCGTCATA-1,2980,5,hg19
ACTTTGTGTTGATGTC-1,0,32,mm10
ACTTTGTTCGCTCCTA-1,0,31,mm10
ACTTTGTTCGTCAACA-1,6276,6,hg19
AGAAATGAGCTAGTTC-1,0,35,mm10
AGAAATGCAATGACCT-1,4,103,mm10
AGAAATGCACAGTATC-1,0,36,mm10
AGAAATGCACCAATTG-1,9631,10,hg19
AGAAATGCACTGGACC-1,6525,6,hg19
AGAAATGCATACCATG-1,0,37,mm10
AGAAATGTCAACCGAT-1,1,43,mm10
AGAAATGTCATCGCTC-1,0,45,mm10
AGAACAAAGACATAAC-1,5557,16,Multiplet
AGAACAAAGACCAGCA-1,2,35,mm10
AGAACAAAGGACAACC-1,0,26,mm10
AGAACAAAGTAAGCAT-1,0,60,mm10
AGAACAACAGAGTCTT-1,23,28,mm10
AGAACAATCTTACCGC-1,54,15,hg19
AGAACCTAGGCTGTAG-1,0,43,mm10
AGAACCTCACAATCTG-1,0,13,mm10
AGAACCTCACCCAAGC-1,0,96,mm10
AGAACCTGTGTATTCG-1,20,353,mm10
AGAACCTTCCCTCTTT-1,0,13,mm10
AGAACCTTCCGTCAAA-1,0,62,mm10
AGAAGCGAGGACTAAT-1,2,11,mm10
AGAAGCGAGGTTACAA-1,0,15,mm10
AGAAGCGCAGAGATGC-1,3298,2,hg19
AGAAGTACAATCTGCA-1,2655,4,hg19
AGAAGTACATACAGCT-1,10094,9,hg19
AGAAGTAGTCCATCTC-1,0,39,mm10
AGAAGTAGTCGAACGA-1,0,13,mm10
AGACAAAAGGAACTCG-1,0,11,mm10
AGACAAACAATCCAGT-1,0,41,mm10
AGACAAACACTTCATT-1,4270,10,hg19
AGACAAACATGCCGGT-1,5949,4,hg19
AGACACTAGCCGTAAG-1,0,82,mm10
AGACACTGTTAAGGAT-1,0,48,mm10
AGACACTGTTACACAC-1,0,100,mm10
AGACACTTCATGGCCG-1,5264,6,hg19
AGACAGGAGCTAGAGC-1,0,33,mm10
AGACAGGCACTGGACC-1,4362,5,hg19
AGACAGGCATATCGGT-1,0,52,mm10
AGACAGGGTATCGTTG-1,0,53,mm10
AGACAGGTCTAAGGAA-1,1,112,mm10
AGACCATAGCTACGTT-1,0,39,mm10
AGACCATAGTAAACTG-1,1,71,mm10
AGACCATAGTGCCTCG-1,2,18,mm10
AGACCATCAAAGACGC-1,0,47,mm10
AGACCATCATGATGCT-1,9130,6,hg19
AGACCATGTACCGGCT-1,1,69,mm10
AGACCATGTACCTATG-1,3777,8,hg19
AGACCCGAGATCGGTG-1,0,58,mm10
AGACCCGAGGAATTAC-1,7137,8,hg19
AGACCCGAGTATTCCG-1,16,15,hg19
AGACCCGCAGGACTTT-1,27,16,hg19
AGACCCGGTAGCGTTT-1,0,38,mm10
AGACCCGTCCATTTAC-1,40,11,hg19
AGACTCAAGGGTCTTT-1,24,12,hg19
AGACTCAAGTAACAGT-1,1,65,mm10
AGACTCACACAAATGA-1,2952,2,hg19
AGACTCACAGAGGAAA-1,5958,18,Multiplet
AGACTCACAGATCATC-1,0,17,mm10
AGACTCATCAAGGAGC-1,4103,2,hg19
AGACTCATCGTTTACT-1,6554,8,hg19
AGACTCATCTACACAG-1,2,41,mm10
AGAGAATCAACCGCTG-1,1,81,mm10
AGAGAATCAGCTCATA-1,4534,6,hg19
AGAGAATGTGGAGAAA-1,0,29,mm10
AGAGAATTCTCACTCG-1,1,51,mm10
AGAGAGCAGCCGGAAT-1,13,13,hg19
AGAGAGCAGGAACTCG-1,4887,6,hg19
AGAGAGCAGGAGCAAA-1,0,43,mm10
AGAGAGCAGTGGTTGG-1,5,23,mm10
AGAGAGCCATATGAAG-1,0,11,mm10
AGAGAGCTCTGAGAGG-1,1692,4,hg19
AGAGCAGCACATATGC-1,1,21,mm10
AGAGCAGCAGTCTCTC-1,3267,2,hg19
AGAGCAGCATCATTTC-1,1,39,mm10
AGAGCAGGTAGCGCTC-1,0,64,mm10
AGAGCAGGTTAGAAGT-1,2504,3,hg19
AGATAGAAGATAACGT-1,5696,5,hg19
AGATAGAAGTCCCGAC-1,1,76,mm10
AGATAGATCGCACGGT-1,624,5,hg19
AGATAGATCTCACGAA-1,3,74,mm10
AGATAGATCTCGGTCT-1,0,18,mm10
AGATAGATCTGCGATA-1,0,23,mm10
AGATCCAAGAGAGGTA-1,5720,4,hg19
AGATCCAGTCACTCTC-1,0,25,mm10
AGATCGTAGAGGGTAA-1,2,114,mm10
AGATCGTCACAAAGTA-1,0,13,mm10
AGATGAAAGTGCGACA-1,4703,2,hg19
AGATGAACAAATGAAC-1,3928,5,hg19
AGATGAAGTCAATGGG-1,0,26,mm10
AGATGAATCAGTCACA-1,2,66,mm10
AGATGAATCGAGCCAC-1,0,12,mm10
AGATGCTGTAACACCT-1,2915,4,hg19
AGATGCTGTTACGGAG-1,4412,7,hg19
AGATGCTGTTGTGGCC-1,0,42,mm10
AGATGCTTCCGCGAGT-1,2,13,mm10
AGCATCAAGCACTAAA-1,0,38,mm10
AGCATCACACTTGTCC-1,0,66,mm10
AGCATCAGTCAAAGAT-1,1,71,mm10
AGCATCAGTCCAGCCA-1,2,59,mm10
AGCCAATAGAGCAGCT-1,0,34,mm10
AGCCAATAGAGTCAGC-1,0,49,mm10
AGCCAATCAAATTGCC-1,1,26,mm10
AGCCAATGTGATTCTG-1,0,14,mm10
AGCCACGAGGCTGGAT-1,0,11,mm10
AGCCACGCACCCAAGC-1,0,66,mm10
AGCCACGCATTGACTG-1,42,63,mm10
AGCCACGGTAGTCACT-1,0,34,mm10
AGCCACGGTATGACAA-1,0,36,mm10
AGCCACGGTCTAGTGT-1,0,39,mm10
AGCCAGCGTCTTGCTC-1,0,46,mm10
AGCCAGCTCTAAGGAA-1,1,56,mm10
AGCGATTGTACGATTC-1,0,45,mm10
AGCGATTGTACTCGAT-1,0,12,mm10
AGCGATTTCGAACTCA-1,1,91,mm10
AGCGCCAAGGTGCCTC-1,0,64,mm10
AGCGCCACACCGTCGA-1,1041,17,Multiplet
AGCGCCAGTCTGCCTT-1,2,26,mm10
AGCGCCAGTGCCTACG-1,0,40,mm10
AGCGCTGAGACGGAAA-1,0,18,mm10
AGCGCTGAGGTCATTC-1,1,33,mm10
AGCGCTGCACACAGCC-1,382,15,hg19
AGCGCTGTCAGAACCT-1,0,34,mm10
AGCGCTGTCGGTTGTA-1,0,29,mm10
AGCGTATAGATCCTAC-1,1,97,mm10
AGCGTATAGCGGGTTA-1,1102,3,hg19
AGCGTATGTATCGCTA-1,1,47,mm10
AGCGTCGAGAGGCCAT-1,1,14,mm10
AGCGTCGGTAGTCTGT-1,4044,2,hg19
AGCGTCGTCAGGCGAA-1,3526,1,hg19
AGCGTCGTCATGAGTC-1,2927,0,hg19
AGCTACAAGGGTATAT-1,0,55,mm10
AGCTACAAGGTAAAGG-1,0,49,mm10
AGCTACAAGTCATTGC-1,2,11,mm10
AGCTACAGTCGAAGCA-1,0,16,mm10
AGCTACAGTCGTGATT-1,0,13,mm10
AGCTACATCAACACCA-1,0,27,mm10
AGCTACATCAATCCAG-1,46,12,hg19
AGCTCAACAGCATCTA-1,0,97,mm10
AGCTCAAGTCACCTTC-1,3,22,mm10
AGCTCAATCAGACTGT-1,3688,2,hg19
AGCTCAATCGCAATGT-1,4568,4,hg19
AGCTTCCCAATGAAAC-1,5834,15,Multiplet
AGCTTCCTCCGTGTGG-1,1,26,mm10
AGCTTCCTCGGTAGGA-1,6669,2,hg19
AGCTTCCTCTCCTGTG-1,0,12,mm10
AGGAAATAGGAAAGTG-1,1,36,mm10
AGGAAATCAGTCGGAA-1,9309,11,hg19
AGGAAATTCGTCTAAG-1,0,32,mm10
AGGAATAAGACGTCGA-1,0,48,mm10
AGGAATACAAGCTCTA-1,4675,2,hg19
AGGAATACAGACAAAT-1,0,90,mm10
AGGAATATCGGAAACG-1,21,12,hg19
AGGAATATCGGTGTTA-1,3990,0,hg19
AGGAATATCGTCTAAG-1,3771,3,hg19
AGGACGAAGAACCCGA-1,0,46,mm10
AGGACGAAGCATGCAG-1,4,23,mm10
AGGACGAGTCCTGGGT-1,0,40,mm10
AGGACGAGTGCAACAG-1,1,47,mm10
AGGACGAGTGTAGTGG-1,0,38,mm10
AGGACTTAGGATTTAG-1,1,12,mm10
AGGACTTCAGCTTTCC-1,0,38,mm10
AGGACTTGTACCTGTA-1,1,70,mm10
AGGAGGTAGAAACCAT-1,1,17,mm10
AGGAGGTCACTCCTTG-1,0,55,mm10
AGGAGGTGTCCGACGT-1,3681,15,Multiplet
AGGAGGTTCACTGGTA-1,8543,22,Multiplet
AGGAGGTTCCCTAGGG-1,3068,5,hg19
AGGAGGTTCGAAGTGG-1,5372,7,hg19
AGGATAAAGGAAGTAG-1,0,19,mm10
AGGATAAAGGCCCAAA-1,4475,2,hg19
AGGATAAAGTTGGCTT-1,13,26,mm10
AGGATAACAGCATCTA-1,6148,15,Multiplet
AGGATAAGTCTTGAAC-1,4496,1,hg19
AGGATAATCATGACAC-1,2,23,mm10
AGGATAATCCATGAGT-1,1,30,mm10
AGGATCTAGCCAAGTG-1,4536,0,hg19
AGGATCTCACCTTCGT-1,0,28,mm10
AGGATCTGTACCGGAA-1,2,71,mm10
AGGATCTGTATTTCTC-1,1,63,mm10
AGGCATTCATCGTTCC-1,0,27,mm10
AGGCATTCATGGCGCT-1,3161,4,hg19
AGGCATTGTCACATTG-1,6561,4,hg19
AGGCATTTCGCTAGCG-1,6838,3,hg19
AGGCCACAGATGATTG-1,0,12,mm10
AGGCCACAGGCATTGA-1,0,108,mm10
AGGCCACAGGTATTGA-1,142,12612,mm10
AGGCTGCCACCAGTTA-1,4,68,mm10
AGGCTGCGTTATAGAG-1,20,11,hg19
AGGCTGCGTTGGAGGT-1,0,19,mm10
AGGCTGCTCCTCATAT-1,0,30,mm10
AGGCTGCTCTAGAGCT-1,5947,6,hg19
AGGGAGTAGCTCTATG-1,0,16,mm10
AGGGAGTAGGAGGTTC-1,0,60,mm10
AGGGAGTAGGCTCAAG-1,0,18,mm10
AGGGAGTTCGGTCTGG-1,6955,23,Multiplet
AGGGCCTAGCTCCGAC-1,0,19,mm10
AGGGCCTCAGGACTAG-1,0,12,mm10
AGGGCCTTCCACATAG-1,2,52,mm10
AGGGCCTTCTGGTCAA-1,0,44,mm10
AGGGCTCTCATGGAGG-1,1,51,mm10
AGGGCTCTCCTGGTCT-1,0,26,mm10
AGGGCTCTCGCGTGAC-1,3692,7,hg19
AGGGTCCAGTAGCATA-1,1,45,mm10
AGGGTCCGTGCAACGA-1,2759,4,hg19
AGGGTCCTCTCCTACG-1,0,50,mm10
AGGGTCCTCTTGGATG-1,4,68,mm10
AGGGTGACAGCAATTC-1,4547,10,hg19
AGGGTGACATACAGGG-1,0,55,mm10
AGGGTTTCACCGTGCA-1,1,62,mm10
AGGGTTTGTGGCAGAT-1,0,11,mm10
AGGGTTTTCAGTCTTT-1,0,38,mm10
AGGGTTTTCGTTGTGA-1,1,66,mm10
AGGGTTTTCTTTCCAA-1,0,41,mm10
AGGTAGGAGACTTCGT-1,6336,4,hg19
AGGTAGGAGCCAGAGT-1,0,18,mm10
AGGTAGGAGGGAGAAT-1,22,36,mm10
AGGTAGGCACGTAGAG-1,0,29,mm10
AGGTAGGGTGACTAAA-1,0,33,mm10
AGGTAGGTCGATACTG-1,4294,4,hg19
AGGTCATAGTATTAGG-1,18,11,hg19
AGGTCATCAAGAGTGC-1,0,16,mm10
AGGTCATCATCATGAC-1,6806,5,hg19
AGGTCATGTCAGTCCG-1,0,44,mm10
AGGTCATTCAAATAGG-1,0,21,mm10
AGGTCATTCTAGATCG-1,0,56,mm10
AGGTCATTCTTCGTAT-1,2803,3,hg19
AGGTCTAAGAGGCCAT-1,0,70,mm10
AGGTCTAAGCTGCGAA-1,10101,17,Multiplet
AGGTCTAAGTAAACTG-1,0,12,mm10
AGGTCTAGTAGTGGCA-1,0,16,mm10
AGGTCTAGTGACGTCC-1,1,74,mm10
AGGTCTATCCTCTCGA-1,0,77,mm10
AGGTGTTCATACCAGT-1,0,36,mm10
AGGTGTTTCTTGCGCT-1,0,23,mm10
AGGTTACAGGTAGATT-1,1,45,mm10
AGGTTACCATGAAGCG-1,1,35,mm10
AGGTTACGTAGCGAGT-1,14430,19,Multiplet
AGGTTACTCGGTAACT-1,3664,6,hg19
AGGTTACTCTTTGCGC-1,0,61,mm10
AGGTTGTAGAACTGAT-1,14,27,mm10
AGGTTGTCACGACCTG-1,0,56,mm10
AGGTTGTCATCCGTTC-1,0,112,mm10
AGGTTGTTCTCATGCC-1,6402,4,hg19
AGTAACCAGGTACCTT-1,1509,2,hg19
AGTAACCCAATTGAGA-1,0,32,mm10
AGTAACCCATTAAAGG-1,4852,4,hg19
AGTAACCTCGGTCATA-1,0,14,mm10
AGTACCAAGCCGGATA-1,1,52,mm10
AGTACCAAGCTGTACT-1,4557,7,hg19
AGTACCAGTACAACGG-1,0,34,mm10
AGTACCAGTCTTTCTA-1,0,66,mm10
AGTACCATCAATCCAG-1,0,11,mm10
AGTACTGAGAACGCGT-1,0,21,mm10
AGTACTGAGGCTTCCG-1,4998,7,hg19
AGTACTGCAACCGTAT-1,1,40,mm10
AGTACTGGTGTGTCCG-1,5918,3,hg19
AGTAGCTAGCTAAACA-1,30,19,hg19
AGTAGCTCACTTGTGA-1,0,16,mm10
AGTAGCTCATAACGGG-1,0,42,mm10
AGTAGCTGTCGCAGTC-1,1,47,mm10
AGTAGCTTCCGGACGT-1,6446,8,hg19
AGTAGTCAGACTACCT-1,6168,12,hg19
AGTAGTCAGCAGCCTC-1,0,12,mm10
AGTAGTCAGGTTACCT-1,9,12,mm10
AGTAGTCAGTACAGAT-1,25,36,mm10
AGTAGTCTCACAAGGG-1,1,57,mm10
AGTCAACAGGGAGTGG-1,0,56,mm10
AGTCAACAGGTGCCAA-1,3,68,mm10
AGTCAACCAAGGGTCA-1,0,77,mm10
AGTCAACGTTGCATAC-1,0,44,mm10
AGTCAACTCTGATGGT-1,17,16,hg19
AGTCACACAGACGCTC-1,101,826,mm10
AGTCACACAGCTACAT-1,977,6,hg19
AGTCACAGTCAGGCAA-1,1,46,mm10
AGTCACAGTCCAGAAG-1,1,11,mm10
AGTCACAGTCCATACA-1,0,15,mm10
AGTCATGAGGAGAGGC-1,0,12,mm10
AGTCATGAGTCAGAGC-1,3586,10,hg19
AGTCATGCAATGACCT-1,1,56,mm10
AGTCATGGTCGTTCAA-1,0,11,mm10
AGTCATGTCCATTTAC-1,1,27,mm10
AGTCATGTCCGTAATG-1,9134,10,hg19
AGTCATGTCGCCGTGA-1,0,57,mm10
AGTCTCCAGGTAAGAG-1,0,42,mm10
AGTCTCCTCTCATTGT-1,625,5,hg19
AGTGACTCAAGGATGC-1,1,34,mm10
AGTGACTCACAAATGA-1,2081,9,hg19
AGTGACTCATACTGTG-1,0,36,mm10
AGTGACTGTCGGATTT-1,3340,2,hg19
AGTGACTTCTTTGGAG-1,1,74,mm10
AGTGATCGTACCATAC-1,0,150,mm10
AGTGATCTCTATTTCG-1,1,32,mm10
AGTGCCGAGAAGAACG-1,10,84,mm10
AGTGCCGAGATCGCCC-1,4389,5,hg19
AGTGCCGAGCACTCCG-1,1854,2,hg19
AGTGCCGGTACTCAAC-1,5565,5,hg19
AGTGCCGGTAGGAGGG-1,0,32,mm10
AGTGCCGGTCACATTG-1,18,22,mm10
AGTGCCGGTCCTCAGG-1,1,31,mm10
AGTGCCGGTTACCCAA-1,1,23,mm10
AGTGCCGTCTCGTGGG-1,6623,8,hg19
AGTGTTGAGCCATTGT-1,0,28,mm10
AGTGTTGAGTTACTGT-1,0,81,mm10
AGTGTTGAGTTGCTGT-1,56,7631,mm10
AGTGTTGCAGCAGTAG-1,6169,5,hg19
AGTTAGCAGCTGCCAC-1,7916,6,hg19
AGTTAGCAGGTTAGTA-1,2,60,mm10
AGTTAGCGTGCGTGCT-1,0,48,mm10
AGTTAGCTCTGAGGCC-1,0,37,mm10
AGTTCCCAGCTGCCAC-1,1,44,mm10
AGTTCCCAGTCGTCTA-1,1,46,mm10
AGTTCCCCAGGAATCG-1,0,42,mm10
AGTTCCCCAGGGTTGA-1,5132,3,hg19
AGTTCCCGTATCAAGA-1,1,72,mm10
AGTTCCCGTCAACACT-1,1,64,mm10
AGTTCCCTCCTTGACC-1,7265,2,hg19
AGTTCGAAGGGCCTCT-1,0,34,mm10
ATACCGAAGATGGTAT-1,1,29,mm10
ATACCGAAGCTAATCC-1,7348,13,hg19
ATACCGACAACTGCCG-1,0,12,mm10
ATACCGACACTACGGC-1,0,70,mm10
ATACCGAGTGGTCTGC-1,1,42,mm10
ATACCGATCCTCTAAT-1,0,72,mm10
ATACCGATCTAGTGTG-1,0,23,mm10
ATACCTTAGTAGTCTC-1,0,11,mm10
ATACCTTCATATGGCT-1,2,56,mm10
ATACCTTGTACAAGCG-1,0,19,mm10
ATACCTTTCAACACCA-1,2,40,mm10
ATACTTCAGGACCCAA-1,6546,10,hg19
ATACTTCCACAGAAGC-1,0,23,mm10
ATACTTCCACCGTGCA-1,10362,17,Multiplet
ATACTTCTCAGACTGT-1,12231,20,Multiplet
ATACTTCTCTCAGTCC-1,0,66,mm10
ATAGACCAGACGACTG-1,1,16,mm10
ATAGACCAGGCCCACT-1,4201,5,hg19
ATAGACCAGTCATGCT-1,1911,1,hg19
ATAGACCTCCATACAG-1,0,29,mm10
ATAGACCTCCGCACGA-1,0,11,mm10
ATAGAGAAGAACGCGT-1,1532,2,hg19
ATAGAGACACAGCGCT-1,564,4,hg19
ATAGAGAGTACTCCCT-1,0,41,mm10
ATAGAGAGTCGCTTAA-1,9,16,mm10
ATAGAGATCTTGTGCC-1,1,63,mm10
ATAGGCTAGCAGCGAT-1,3469,7,hg19
ATAGGCTCAAACTAAG-1,0,42,mm10
ATATCCTCACGCACCA-1,2,16,mm10
ATATCCTCATGTGCCG-1,0,15,mm10
ATATCCTGTTTCCATT-1,1,35,mm10
ATATCCTGTTTGGGAG-1,0,79,mm10
ATATCCTTCCTACACC-1,1,57,mm10
ATATCCTTCTGCCTCA-1,1,88,mm10
ATCACGACACACACTA-1,1,32,mm10
ATCACGACACTCATAG-1,1,31,mm10
ATCACGAGTAGTATAG-1,0,59,mm10
ATCACGAGTCCAACGC-1,6099,4,hg19
ATCACGAGTTCGCGTG-1,5474,4,hg19
ATCACTTAGCAACAGC-1,0,33,mm10
ATCACTTAGCTGAGTG-1,0,37,mm10
ATCACTTCACTCACTC-1,1,51,mm10
ATCACTTGTGCACGCT-1,0,59,mm10
ATCAGGTAGGGCAGTT-1,5353,7,hg19
ATCAGGTCAAAGGGCT-1,0,12,mm10
ATCAGGTCAAGAGCTG-1,5169,5,hg19
ATCAGGTCAAGAGGTC-1,1,15,mm10
ATCAGGTCAGCATTGT-1,4222,2,hg19
ATCAGGTCAGGGAATC-1,0,11,mm10
ATCAGGTGTACAGTTC-1,1,84,mm10
ATCAGGTTCCCTAGGG-1,5861,4,hg19
ATCAGGTTCTATACGG-1,2,57,mm10
ATCAGGTTCTCGTGAA-1,3982,8,hg19
ATCATTCAGTATGGAT-1,0,18,mm10
ATCATTCAGTGGTGAC-1,1,45,mm10
ATCATTCCATGTCGTA-1,0,11,mm10
ATCATTCGTTAGTCGT-1,7040,1,hg19
ATCCACCAGACCCTTA-1,7579,25,Multiplet
ATCCACCAGTTTCTTC-1,6519,3,hg19
ATCCACCCACCCTAGG-1,2,15,mm10
ATCCATTAGTACAGAT-1,47,29,hg19
ATCCATTAGTCATGCT-1,0,57,mm10
ATCCATTCAACAGATA-1,5046,3,hg19
ATCCATTCAATTCACG-1,1,62,mm10
ATCCATTGTCTCGCGA-1,0,11,mm10
ATCCATTTCCCATTCG-1,5163,3,hg19
ATCCCTGCACCGGTCA-1,8429,4,hg19
ATCCCTGGTTACGGAG-1,3650,1,hg19
ATCCCTGGTTCGGCGT-1,0,71,mm10
ATCCCTGTCATTCACT-1,53,12,hg19
ATCCGTCAGTCAACAA-1,0,12,mm10
ATCCGTCCAACCAATC-1,0,82,mm10
ATCCGTCCATTCTGTT-1,5702,3,hg19
ATCCGTCGTGCCAAGA-1,0,22,mm10
ATCCGTCTCGAACGGA-1,2,14,mm10
ATCCGTCTCGTGACTA-1,0,14,mm10
ATCCGTCTCTTAGCAG-1,0,15,mm10
ATCCTATCAAATCGGG-1,4251,5,hg19
ATCCTATGTCCTTAAG-1,1,28,mm10
ATCCTATGTCGAACGA-1,0,13,mm10
ATCCTATGTGGATTTC-1,0,35,mm10
ATCGATGAGACTTCAC-1,0,82,mm10
ATCGATGAGATCGCCC-1,2,49,mm10
ATCGATGAGCAAACAT-1,0,18,mm10
ATCGATGAGGATCATA-1,1,34,mm10
ATCGATGAGGTACATA-1,32,11,hg19
ATCGATGAGGTCTTTG-1,4897,1,hg19
ATCGATGCACGCACCA-1,2,85,mm10
ATCGATGCAGATGCGA-1,4924,5,hg19
ATCGATGGTAGTGTGG-1,6551,4,hg19
ATCGATGGTGTGTCGC-1,2856,3,hg19
ATCGATGTCATTCATC-1,1,25,mm10
ATCGCCTAGGTGCAGT-1,0,64,mm10
ATCGCCTGTCACATTG-1,1,59,mm10
ATCGCCTGTCGAACGA-1,0,12,mm10
ATCGCCTGTTCGAGCC-1,0,40,mm10
ATCGGATAGTCCCAGC-1,0,74,mm10
ATCGGCGAGAGGACTC-1,5318,7,hg19
ATCGGCGCATAATCCG-1,0,29,mm10
ATCGGCGCATGGTACT-1,47,39,hg19
ATCGGCGTCCACCTGT-1,2220,2,hg19
ATCGTAGCAAGTTGGG-1,0,14,mm10
ATCGTAGCAGTAACGG-1,1,77,mm10
ATCGTCCCAGGACTAG-1,1,45,mm10
ATCGTCCGTAACGTTC-1,1,52,mm10
ATCGTCCGTAGCTGCC-1,0,42,mm10
ATCGTCCTCTGTCAGA-1,0,19,mm10
ATCGTGAAGGTATCTC-1,0,61,mm10
ATCGTGACACGGCCAT-1,2,30,mm10
ATCGTGATCACGAGGA-1,1,41,mm10
ATCGTGATCGTGGCTG-1,2,46,mm10
ATCTCTAAGGACAACC-1,1,61,mm10
ATCTCTAAGGCCACTC-1,1769,32,Multiplet
ATCTCTACAGCGGTCT-1,0,35,mm10
ATCTCTACATCATCTT-1,52,11,hg19
ATCTCTAGTGTCCACG-1,1,38,mm10
ATCTCTATCCCATAGA-1,8600,15,Multiplet
ATCTTCAGTAAGGTCG-1,0,50,mm10
ATCTTCAGTACACGCC-1,1,61,mm10
ATCTTCAGTACACTCA-1,0,37,mm10
ATCTTCATCGACTCCT-1,0,21,mm10
ATCTTCATCGAGAAAT-1,0,19,mm10
ATGAAAGAGAGTGTGC-1,1,11,mm10
ATGAAAGCATCATCTT-1,37,170,mm10
ATGAAAGCATGACACT-1,0,15,mm10
ATGAAAGGTACAACGG-1,6362,6,hg19
ATGAAAGGTCAGTCTA-1,0,55,mm10
ATGAAAGGTCTTCTAT-1,0,17,mm10
ATGAAAGGTTGAGAGC-1,1,22,mm10
ATGACCAAGGAATTAC-1,0,44,mm10
ATGACCAGTGGTTCTA-1,0,37,mm10
ATGAGGGAGAAGCTGC-1,5954,13,hg19
ATGAGGGAGATGTTCC-1,8064,7,hg19
ATGAGGGCACGAGAAC-1,1,39,mm10
ATGAGGGCAGATCCAT-1,2392,1,hg19
ATGAGGGGTACAAACA-1,0,33,mm10
ATGAGGGTCACTCACC-1,1,94,mm10
ATGAGTCAGGAACGTC-1,1,63,mm10
ATGAGTCAGTTCCGTA-1,2,21,mm10
ATGAGTCCAGTGAGCA-1,6175,3,hg19
ATGAGTCGTTACAGCT-1,5201,1,hg19
ATGAGTCTCTACCCAC-1,8959,7,hg19
ATGATCGAGAAGCTCG-1,0,30,mm10
ATGATCGAGCATGGGT-1,0,31,mm10
ATGATCGCAAAGTGTA-1,7161,3,hg19
ATGATCGCAGAGCCCT-1,12,14,mm10
ATGATCGTCCGCCTAT-1,1758,2,hg19
ATGCATGCAATTGGTC-1,0,44,mm10
ATGCATGCACTTCCTG-1,0,59,mm10
ATGCATGGTATCAGCT-1,1,122,mm10
ATGCATGTCTCTTCAA-1,0,36,mm10
ATGCCTCAGGGTCAAC-1,6903,8,hg19
ATGCCTCCAACGACAG-1,0,15,mm10
ATGCCTCCAGGCTTGC-1,1,47,mm10
ATGCCTCCATAATGCC-1,1,45,mm10
ATGCCTCGTCCAATCA-1,2,98,mm10
ATGCCTCTCCCAGGAC-1,8100,8,hg19
ATGCGATAGGGCAGAG-1,1,35,mm10
ATGCGATAGGTGGGTT-1,3109,1,hg19
ATGCGATAGTTGTAAG-1,0,49,mm10
ATGCGATCACAACCGC-1,0,47,mm10
ATGCGATCACGGATCC-1,0,24,mm10
ATGCGATCATTGACCA-1,43,12,hg19
ATGCGATGTTACCCTC-1,0,20,mm10
ATGCGATTCGCTTAAG-1,13335,19,Multiplet
ATGGAGGAGCACTCGC-1,0,33,mm10
ATGGAGGGTGACGCCT-1,0,100,mm10
ATGGATCAGTCCTACA-1,1,18,mm10
ATGGATCCAACTGGTT-1,5207,5,hg19
ATGGATCGTGAATGTA-1,1670,7,hg19
ATGGATCTCATTGCCC-1,0,42,mm10
ATGGGAGGTCCGGATC-1,1,45,mm10
ATGGGAGGTTGCCGAC-1,0,63,mm10
ATGGGTTAGGCAGGGA-1,0,43,mm10
ATGGGTTAGTCCTGCG-1,1,64,mm10
ATGGTTGCATGGGAAC-1,0,20,mm10
ATGGTTGGTCCTACGG-1,7322,10,hg19
ATGGTTGGTTCCAGGC-1,1584,9,hg19
ATGGTTGTCAGCCCAG-1,2,76,mm10
ATGTCCCAGATCCAAA-1,0,65,mm10
ATGTCCCAGATGTTGA-1,0,31,mm10
ATGTCCCAGTCTGTAC-1,0,44,mm10
ATGTCCCCACGTGTGC-1,11189,7,hg19
ATGTCCCCAGACTCTA-1,5492,17,Multiplet
ATGTCCCCAGGGAGAG-1,2,30,mm10
ATGTCCCGTATGGAGC-1,6671,5,hg19
ATGTCCCGTGTTAAAG-1,0,13,mm10
ATGTCCCTCACAAGAA-1,1,11,mm10
ATGTCCCTCTCGGCTT-1,13,15,mm10
ATGTCCCTCTGAGAAA-1,4314,8,hg19
ATGTCTTAGACTCTTG-1,1,41,mm10
ATGTCTTAGGACGGAG-1,0,12,mm10
ATGTCTTAGTAATCCC-1,2342,20,Multiplet
ATGTCTTCAGTATACC-1,0,36,mm10
ATGTCTTGTTAAACAG-1,0,106,mm10
ATTACCTAGAGGTCAC-1,22,25,mm10
ATTACCTCAAAGGCAC-1,5989,22,Multiplet
ATTACCTCAACCACGC-1,1,81,mm10
ATTACCTCAATTGAGA-1,0,57,mm10
ATTACCTGTTGCATAC-1,3662,3,hg19
ATTACTCAGAGCCCAA-1,3055,7,hg19
ATTACTCGTGAGACGT-1,9326,6,hg19
ATTACTCTCGAAGCCC-1,6743,10,hg19
ATTATCCCACCTTCGT-1,0,18,mm10
ATTATCCGTGCTTATG-1,1,44,mm10
ATTATCCTCTCGTCAC-1,85,13,hg19
ATTATCCTCTTTGCGC-1,0,63,mm10
ATTCACTCAGGTTACT-1,6332,22,Multiplet
ATTCACTGTAAGTTAG-1,1,20,mm10
ATTCACTGTGATGAAT-1,1,71,mm10
ATTCACTTCAACCGAT-1,1,74,mm10
ATTCAGGCAAGCGCTC-1,0,24,mm10
ATTCAGGCAAGGCAAC-1,0,71,mm10
ATTCAGGTCTTTACAC-1,4520,25,Multiplet
ATTCATCCAAGCCATT-1,0,67,mm10
ATTCATCCACGGTGAA-1,1,66,mm10
ATTCATCGTGACAGCA-1,10,81,mm10
ATTCATCTCGATACAC-1,7684,4,hg19
ATTCATCTCTGCGGGT-1,0,44,mm10
ATTCCATGTCAACCAT-1,0,46,mm10
ATTCCATTCGAATGCT-1,24,39,mm10
ATTCCATTCGAGAGCA-1,0,52,mm10
ATTCCCGGTAAGTAGT-1,1,34,mm10
ATTCCCGGTGTCCATA-1,1,15,mm10
ATTCCCGTCACGATCA-1,2,82,mm10
ATTCCCGTCCCGTAAA-1,6394,5,hg19
ATTCCCGTCCGGTAAC-1,0,86,mm10
ATTCCCGTCCGGTAGC-1,25,14659,mm10
ATTCCCGTCCGGTAGT-1,0,104,mm10
ATTCCTAAGATGGGCT-1,0,20,mm10
ATTCCTAAGGAAACGA-1,672,3,hg19
ATTCCTAAGTTGAAAC-1,0,34,mm10
ATTCCTACAACAGATA-1,5218,10,hg19
ATTCCTACATAATCCG-1,0,22,mm10
ATTCCTACATCGCTAA-1,0,62,mm10
ATTCCTAGTACGCGTC-1,0,22,mm10
ATTCCTATCACTCTTA-1,3810,4,hg19
ATTCCTATCAGGGATG-1,13135,13,hg19
ATTCCTATCATAAGGA-1,4707,4,hg19
ATTCCTATCGATACGT-1,0,40,mm10
ATTCCTATCTCTATAC-1,2503,5,hg19
ATTCGTTAGGTACTGG-1,537,3,hg19
ATTCGTTCATGACACT-1,0,15,mm10
ATTCGTTGTGATGTAA-1,4126,5,hg19
ATTCGTTTCCCAGGAC-1,21200,24,Multiplet
ATTCTACAGGAGACCT-1,0,75,mm10
ATTCTACAGTGCGCTC-1,0,54,mm10
ATTCTACCACTGCTTC-1,0,31,mm10
ATTCTACCATAACTCG-1,30,13,hg19
ATTCTACCATAATGAG-1,22,69,mm10
ATTCTACCATCAGCTA-1,0,21,mm10
ATTCTACCATGGAACG-1,1,20,mm10
ATTCTACCATTGGGAG-1,4160,3,hg19
ATTCTTGAGTAGTCCT-1,0,52,mm10
ATTCTTGCACACAGCC-1,565,14,hg19
ATTCTTGCAGTAGTGG-1,0,36,mm10
ATTCTTGCATAGGCGA-1,0,29,mm10
ATTCTTGTCATTGTTC-1,5490,1,hg19
ATTCTTGTCCCGAAAT-1,2,58,mm10
ATTCTTGTCTTAATCC-1,0,12,mm10
ATTGGGTCACATAACC-1,0,19,mm10
ATTGGGTCAGATCCAT-1,1,64,mm10
ATTGGGTCATCGAACT-1,0,33,mm10
ATTGTTCAGACTCCGC-1,0,13,mm10
ATTGTTCAGCAGATAT-1,1,24,mm10
ATTTACCAGACATCCT-1,8225,7,hg19
ATTTACCAGTGACACG-1,0,22,mm10
ATTTACCCACTACAGT-1,4821,11,hg19
ATTTACCTCGGAGCAA-1,6776,3,hg19
ATTTCACAGATGGTCG-1,0,62,mm10
ATTTCACCATCAGTGT-1,3,92,mm10
ATTTCACGTAGTCCTA-1,0,25,mm10
ATTTCACGTATATGGA-1,0,13,mm10
ATTTCACTCAGTCTTT-1,0,32,mm10
ATTTCACTCCAAGCTA-1,5525,8,hg19
ATTTCTGTCCTACGAA-1,4176,2,hg19
CAAAGAAAGTAGACAT-1,0,16,mm10
CAAAGAAAGTTCAACC-1,8740,8,hg19
CAAAGAACAGCACACC-1,0,87,mm10
CAAAGAATCTCTCTAA-1,1,54,mm10
CAACAACAGATCCCGC-1,48,26,hg19
CAACAACCAACTCCCT-1,1,60,mm10
CAACAACCATCTCCCA-1,1,76,mm10
CAACAACTCCGCAAAT-1,0,66,mm10
CAACAGTAGAGGCCAT-1,0,54,mm10
CAACAGTAGATGAATC-1,1,33,mm10
CAACAGTCAACACGTT-1,7110,13,hg19
CAACAGTTCAAGCTGT-1,7289,8,hg19
CAACAGTTCAATCTTC-1,8250,11,hg19
CAACAGTTCCATACAG-1,0,74,mm10
CAACAGTTCTGAACGT-1,7250,11,hg19
CAACCAACAGGAGGTT-1,8044,21,Multiplet
CAACCTCAGAAGGATG-1,1,44,mm10
CAACCTCCACCTTCCA-1,0,13,mm10
CAACCTCTCCGGCAAC-1,46,23,hg19
CAACGATAGCGTCTCG-1,0,33,mm10
CAACGATCAGAGCCCT-1,1,81,mm10
CAACGATCATAGAGGC-1,8122,16,Multiplet
CAACGATGTCTAGATC-1,0,30,mm10
CAACGATGTTCGGGTC-1,11896,11,hg19
CAACGGCAGCGAATGC-1,21,14,hg19
CAACGGCGTACGGGAT-1,0,12,mm10
CAACGGCGTCAGTCCG-1,4391,3,hg19
CAACGGCGTCATGACT-1,0,11,mm10
CAACGGCGTCATTGCA-1,2,50,mm10
CAACGGCTCAGAATAG-1,10087,12,hg19
CAACGGCTCCGTGGCA-1,7134,18,Multiplet
CAAGACTAGGGTCAAC-1,5069,52,Multiplet
CAAGACTCATCCGGTG-1,1,109,mm10
CAAGACTGTAACGCGA-1,23,46,mm10
CAAGACTGTAGGCTGA-1,0,13,mm10
CAAGACTTCTATACGG-1,0,71,mm10
CAAGAGGAGCCAACCC-1,1,25,mm10
CAAGAGGAGTCTTGGT-1,0,49,mm10
CAAGAGGCATTCTCTA-1,9919,7,hg19
CAAGAGGGTAACGTTC-1,0,50,mm10
CAAGAGGGTGGAGGTT-1,0,64,mm10
CAAGCTAAGCCTCTCT-1,21589,31,Multiplet
CAAGCTAAGGCGTTGA-1,0,14,mm10
CAAGCTAGTAGCGTAG-1,0,15,mm10
CAAGCTATCGGAGATG-1,806,4,hg19
CAAGCTATCTGTTCAT-1,0,20,mm10
CAAGGGAAGTACAGAT-1,0,48,mm10
CAAGGGAAGTTTGGCT-1,0,18,mm10
CAAGGGACAAGTACCT-1,5947,5,hg19
CAAGGGACAGCGAACA-1,0,66,mm10
CAAGGGAGTGAGATCG-1,7999,8,hg19
CAAGGGAGTTGTGGCC-1,0,51,mm10
CAAGGGAGTTTGGGTT-1,1614,7,hg19
CAATACGAGCCTATTG-1,1,33,mm10
CAATACGAGTTCCGTA-1,8957,24,Multiplet
CAATACGCAACTCGAT-1,0,52,mm10
CAATACGCACTGTCCT-1,1820,3,hg19
CAATACGTCTGGCTGG-1,1,66,mm10
CAATACGTCTTCCAGC-1,0,26,mm10
CAATCGAAGACGGATC-1,3,64,mm10
CAATCGAAGTGATAGT-1,5265,1,hg19
CAATCGAAGTTTCGGT-1,1,58,mm10
CAATCGACAAGCTACT-1,0,70,mm10
CAATGACGTGACTGTT-1,4834,4,hg19
CAATTTCAGACTCAAA-1,0,13,mm10
CAATTTCAGCCATCCG-1,1,18,mm10
CAATTTCAGGCTAAAT-1,1566,1,hg19
CAATTTCAGTGGACTG-1,5714,7,hg19
CAATTTCCAGCCTTCT-1,1,79,mm10
CAATTTCCAGCTCATA-1,0,16,mm10
CAATTTCGTGACATCT-1,0,34,mm10
CAATTTCGTGAGTAAT-1,1,69,mm10
CAATTTCTCAAACGAA-1,0,59,mm10
CAATTTCTCCACGGGT-1,2,100,mm10
CAATTTCTCCCGTTCA-1,1,11,mm10
CAATTTCTCGGTGTAT-1,0,40,mm10
CACAACAAGCCATTTG-1,47,12,hg19
CACAACACAAATAAGC-1,1,11,mm10
CACAACATCACTTCTA-1,1,18,mm10
CACACAAGTCGATGCC-1,0,40,mm10
CACACAATCTGAGAAA-1,11424,12,hg19
CACAGATAGTGGAAAG-1,1,41,mm10
CACAGATAGTGTCATC-1,355,20,hg19
CACAGATCACACAGCC-1,384,13,hg19
CACAGATCAGTCTACA-1,1,43,mm10
CACAGATTCTCCTGTG-1,0,11,mm10
CACAGATTCTGTTGGA-1,1,25,mm10
CACAGGCAGTCATGGG-1,6627,5,hg19
CACAGGCGTATGAGAT-1,1,57,mm10
CACAGGCTCAGGAACG-1,0,35,mm10
CACAGGCTCTTGCGCT-1,79,18,hg19
CACATGAAGGTAGATT-1,0,18,mm10
CACATGACAGACCATT-1,0,17,mm10
CACATGAGTCTTGAAC-1,0,13,mm10
CACATGATCCCATACC-1,0,14,mm10
CACCAAAAGAATTGCA-1,0,104,mm10
CACCAAAAGAGAGCAA-1,7673,5,hg19
CACCAAAAGGGTATAT-1,13489,5,hg19
CACCAAAAGTAACAGT-1,62,57,hg19
CACCAAAGTTACAGCT-1,7712,12,hg19
CACCGTTAGCCTGTCG-1,4910,4,hg19
CACCGTTCAGGCGATA-1,4330,2,hg19
CACCGTTGTCTGTTAG-1,0,45,mm10
CACCGTTTCTATTTCG-1,4784,6,hg19
CACGAATCAAACAGGC-1,6484,30,Multiplet
CACGAATCATCTCGTC-1,2,31,mm10
CACGAATGTGCCGGTT-1,18,18,hg19
CACGAATTCGACGACC-1,45,22,hg19
CACGGGTCAGCTACTA-1,0,11,mm10
CACGGGTGTACATTGC-1,4871,3,hg19
CACGGGTTCAAGGCTT-1,0,69,mm10
CACGGGTTCAGGTGTT-1,1,17,mm10
CACGGGTTCGTCGCTT-1,2,148,mm10
CACGTGGCATGGGCAA-1,11746,10,hg19
CACGTGGTCGTGTGAT-1,3548,4,hg19
CACGTTCAGTATGCAA-1,1,109,mm10
CACGTTCCAAGGCGTA-1,0,42,mm10
CACGTTCCAGTCAGAG-1,0,56,mm10
CACGTTCGTGTAAATG-1,178,32,hg19
CACTAAGAGGAGACCT-1,0,25,mm10
CACTAAGCACCTGAAT-1,0,61,mm10
CACTAAGCAGCTATAC-1,10838,16,Multiplet
CACTAAGGTAGTGCGA-1,0,14,mm10
CACTAAGGTCGTGCCA-1,5373,7,hg19
CACTAAGTCAAGCTGT-1,0,43,mm10
CACTAAGTCACGATCA-1,0,30,mm10
CACTAAGTCCTAAACG-1,5878,12,hg19
CACTAAGTCCTGTACC-1,0,56,mm10
CACTAAGTCGATGCTA-1,0,13,mm10
CACTAAGTCGGCTCTT-1,0,69,mm10
CACTGAAAGATACGAT-1,16349,17,Multiplet
CACTGAACATTCAGGT-1,1962,5,hg19
CACTGAAGTGGCTGCT-1,0,33,mm10
CACTGAATCCTAAGTG-1,1,14,mm10
CACTGGGAGAATCCCT-1,35,19,hg19
CACTGGGAGTCTCTGA-1,0,30,mm10
CACTGGGCACACCTGG-1,2,76,mm10
CACTGGGTCGACACTA-1,0,14,mm10
CACTGTCCACAACGTT-1,0,112,mm10
CACTGTCCACACGCCA-1,8101,10,hg19
CACTGTCCAGGACAGT-1,1,33,mm10
CACTGTCGTGGAACAC-1,0,16,mm10
CACTGTCGTGTCTTGA-1,1,20,mm10
CACTGTCGTTTCGTAG-1,0,14,mm10
CACTTCGCACCAATTG-1,0,28,mm10
CACTTCGGTACTCCCT-1,0,108,mm10
CACTTCGGTACTGCGC-1,25,34,mm10
CACTTCGGTTCAAGGG-1,0,17,mm10
CACTTCGTCCTCTGCA-1,0,48,mm10
CAGAGCCAGAGGTCAC-1,0,15,mm10
CAGAGCCAGGGAGTGG-1,0,41,mm10
CAGAGCCTCACCGGTG-1,4939,2,hg19
CAGATACAGACGGTTG-1,4544,2,hg19
CAGATACAGAGGTGCT-1,1,56,mm10
CAGATACCATATCTCT-1,8483,6,hg19
CAGATCACATCGCTCT-1,0,39,mm10
CAGATCAGTCATCCCT-1,39,14,hg19
CAGATCATCCCAGCGA-1,0,27,mm10
CAGATTGGTGTCCTAA-1,0,78,mm10
CAGATTGTCAAACGTC-1,2,48,mm10
CAGATTGTCAAAGGAT-1,1,26,mm10
CAGATTGTCTAAGAAG-1,0,11,mm10
CAGCAATAGAGAGCCT-1,0,12,mm10
CAGCAATCACTTTAGG-1,0,60,mm10
CAGCAATGTCAAAGCG-1,0,39,mm10
CAGCAATGTGTCATGT-1,0,40,mm10
CAGCACGTCGACCCAG-1,0,62,mm10
CAGCAGCGTGCCGGTT-1,1,91,mm10
CAGCAGCGTGGACTGA-1,0,21,mm10
CAGCAGCGTTAGTTCG-1,0,30,mm10
CAGCCAGAGAGGGCGA-1,0,135,mm10
CAGCCAGAGCGTTCCG-1,0,19,mm10
CAGCCAGCAACCGTAT-1,3470,36,Multiplet
CAGCCAGCAGAGGAAA-1,2275,1,hg19
CAGCCAGGTCGCGGTT-1,0,23,mm10
CAGCCAGGTGGTTTAC-1,5,44,mm10
CAGCCAGTCGACATAC-1,1,43,mm10
CAGCGTGCACACAGCC-1,344,13,hg19
CAGCGTGTCTACTATC-1,5163,4,hg19
CAGGCCAAGTCCCTAA-1,3612,24,Multiplet
CAGGCCACAGAGCTAG-1,0,50,mm10
CAGGCCATCGTCTCAC-1,1,99,mm10
CAGGCCATCTCGTGAA-1,0,40,mm10
CAGGGCTAGCTGAAAT-1,6029,5,hg19
CAGGGCTAGGATATAC-1,5161,5,hg19
CAGGGCTTCATTGCCC-1,1,55,mm10
CAGGGCTTCCTAGCGG-1,0,54,mm10
CAGGGCTTCTAAGCCA-1,1,14,mm10
CAGGGCTTCTTCACAT-1,0,15,mm10
CAGGTATAGTCATTGC-1,3425,5,hg19
CAGGTATCACGCTTAA-1,0,22,mm10
CAGGTATCAGAGATTA-1,1,70,mm10
CAGGTATGTACCTGTA-1,14502,29,Multiplet
CAGGTATGTAGTCGGA-1,18,21,mm10
CAGTGCGAGAAGGTAG-1,0,12,mm10
CAGTGCGCATGGCTGC-1,1,33,mm10
CAGTTAGAGGTTAGTA-1,0,65,mm10
CAGTTAGGTTTACCTT-1,0,113,mm10
CAGTTCCAGACATATG-1,0,26,mm10
CAGTTCCGTCATAACC-1,1,54,mm10
CAGTTCCGTTCATCTT-1,0,24,mm10
CAGTTCCTCGTAATGC-1,0,39,mm10
CATAAGCAGGGCAGAG-1,0,28,mm10
CATAAGCAGTAATTGG-1,0,25,mm10
CATAAGCTCTTCTGTA-1,9141,7,hg19
CATACAGAGGAGACCT-1,1,36,mm10
CATACAGAGTTGCATC-1,41,156,mm10
CATACAGCACTATGTG-1,1,78,mm10
CATACAGCACTGCTTC-1,196,13,hg19
CATACAGGTCTTTCTA-1,1438,2,hg19
CATACAGGTGCCGTTG-1,1,63,mm10
CATACAGGTGGTACAG-1,0,37,mm10
CATACCCGTGGAAGTC-1,7173,6,hg19
CATACCCTCCCGATCT-1,1,20,mm10
CATACCCTCCTACAAG-1,80,11,hg19
CATACCCTCCTTGGAA-1,1,46,mm10
CATACTTGTTGCCATA-1,0,15,mm10
CATACTTTCAAGCTGT-1,0,63,mm10
CATAGACCACAAGCCC-1,6041,15,Multiplet
CATAGACCAGTCGTTA-1,1,40,mm10
CATAGACTCAAAGGTA-1,0,30,mm10
CATAGACTCGAGAAGC-1,1688,7,hg19
CATCAAGCATAGCTGT-1,1,75,mm10
CATCAAGGTACGAGCA-1,1,28,mm10
CATCAAGGTACGTGTT-1,0,42,mm10
CATCAAGTCGCTGTTC-1,1,32,mm10
CATCAAGTCTTACTGT-1,0,107,mm10
CATCCACAGACAGTCG-1,2808,4,hg19
CATCCACAGAGTTGCG-1,0,81,mm10
CATCCACCAACAGCCC-1,1,217,mm10
CATCCACCACGAAGAC-1,10353,29,Multiplet
CATCCACCAGGTGTTT-1,1,45,mm10
CATCCACTCCACATAG-1,4431,4,hg19
CATCCACTCTGTCGCT-1,0,48,mm10
CATCCCACACCTTCCA-1,6557,2,hg19
CATCCCACACTTTAGG-1,9503,5,hg19
CATCCGTAGCTCCCTT-1,0,37,mm10
CATCCGTAGGCTGAAC-1,0,70,mm10
CATCCGTCATAGATGA-1,2234,6,hg19
CATCCGTGTATCAGCT-1,0,49,mm10
CATCCGTGTATTGGCT-1,1,50,mm10
CATCCGTGTCTGTGTA-1,0,30,mm10
CATCCGTTCCAAAGGG-1,24,126,mm10
CATCGCTAGCGTCAGA-1,0,63,mm10
CATCGCTCACTAGGCC-1,4,74,mm10
CATCGGGCACGGCTAC-1,2,33,mm10
CATCGGGGTTACACAC-1,0,19,mm10
CATCGTCAGCCATCCG-1,9413,4,hg19
CATCGTCCAAACTCTG-1,14030,21,Multiplet
CATGAGTCACGCACCA-1,0,22,mm10
CATGAGTGTAGTGTGG-1,2,46,mm10
CATGAGTTCTCCAAGA-1,6568,8,hg19
CATGCAACAAATCAGA-1,9223,23,Multiplet
CATGCAAGTGACGCCT-1,0,62,mm10
CATGCAATCTACCAGA-1,0,46,mm10
CATGCAATCTCAATCT-1,3186,3,hg19
CATGCCTAGCCAGTAG-1,0,28,mm10
CATGCCTAGCTGGCCT-1,1,23,mm10
CATGCCTAGGTACAAT-1,5150,15,Multiplet
CATGCGGAGACCGTTT-1,1,50,mm10
CATGCGGAGAGAATCT-1,12,53,mm10
CATGCGGCATACTGTG-1,0,21,mm10
CATGCGGCATTACTCT-1,0,67,mm10
CATGCGGGTATCATGC-1,0,21,mm10
CATGCGGGTTGCCAAT-1,1,40,mm10
CATGCTCAGGTTGACG-1,1,70,mm10
CATGCTCCACTAGTAC-1,12258,8,hg19
CATGCTCCAGACCAGA-1,0,57,mm10
CATGCTCCAGCGGATA-1,642,3,hg19
CATGCTCCATCGCTAA-1,0,90,mm10
CATGCTCGTACTGGGA-1,0,65,mm10
CATGCTCGTCGCGGTT-1,0,26,mm10
CATGGATAGTCGCTAT-1,0,48,mm10
CATGGATTCCATTCGC-1,8330,8,hg19
CATGGATTCTGAATCG-1,6929,4,hg19
CATGGTACACCAACAT-1,0,64,mm10
CATGGTACAGTGGGTA-1,4187,4,hg19
CATTCATAGACCTCCG-1,1409,2,hg19
CATTCATAGGGCAAGG-1,14563,7,hg19
CATTCATGTTCCGCGA-1,1,57,mm10
CATTCCGCAAGTTCCA-1,6586,10,hg19
CATTCCGCATATGCGT-1,1,68,mm10
CATTCCGCATCGGTTA-1,1,14,mm10
CATTCCGCATGTACGT-1,1,53,mm10
CATTCCGGTCCCAAAT-1,5986,3,hg19
CATTCCGTCACCTCTG-1,0,12,mm10
CATTCCGTCGAGCCAC-1,0,74,mm10
CATTCTAAGACTTCAC-1,6153,10,hg19
CATTCTAAGTATCTGC-1,0,32,mm10
CATTCTACAGTCAGCC-1,0,36,mm10
CATTCTAGTGTCTTAG-1,5515,8,hg19
CATTGAGAGGGAGGGT-1,4558,1,hg19
CATTGAGCACCCTGAG-1,1,60,mm10
CATTGAGCACTCCCTA-1,0,14,mm10
CATTGAGCAGTAGAAT-1,5972,6,hg19
CATTGAGTCAACGTGT-1,0,22,mm10
CATTGCCAGTACTCGT-1,0,43,mm10
CATTGCCGTAAGGAGA-1,7303,2,hg19
CATTGCCGTACGTGTT-1,0,30,mm10
CATTGCCGTATTTCTC-1,48,3370,mm10
CATTGCCTCCATAGAC-1,0,54,mm10
CATTGTTAGAGGGCGA-1,0,84,mm10
CATTGTTGTACAAGCG-1,4288,4,hg19
CATTTCAAGCACTCGC-1,7949,16,Multiplet
CATTTCACAGAGATTA-1,1,73,mm10
CATTTCACATCAGCGC-1,0,15,mm10
CATTTCAGTCTCGCGA-1,0,54,mm10
CCAAGCGCATGCGTGC-1,1,21,mm10
CCAAGCGTCTAATTCC-1,5484,1,hg19
CCAATGAAGCATCCTA-1,1,63,mm10
CCAATGACAACAAGTA-1,0,26,mm10
CCAATGACACCAAAGG-1,7216,8,hg19
CCAATGACATAGTCGT-1,0,91,mm10
CCAATGAGTGCCGTTG-1,4699,4,hg19
CCAATGATCGGTGAAG-1,1,35,mm10
CCAATTTAGAATTCAG-1,0,65,mm10
CCAATTTAGCCGTTAT-1,0,37,mm10
CCAATTTAGCTTTCCC-1,0,44,mm10
CCAATTTGTATCACGT-1,12755,8,hg19
CCACAAACAGCTGCCA-1,1,41,mm10
CCACAAACAGTCGGTC-1,0,12,mm10
CCACAAACAGTTTGGT-1,0,52,mm10
CCACAAAGTCCATCTC-1,3116,3,hg19
CCACAAATCATCCTGC-1,57,440,mm10
CCACACTAGACGTCGA-1,1011,0,hg19
CCACACTCACACAGCC-1,247,13,hg19
CCACACTCATGAGTAA-1,9576,34,Multiplet
CCACACTGTCCACTCT-1,0,19,mm10
CCACACTGTGTACGCC-1,83,3037,mm10
CCACACTTCAAACGAA-1,0,52,mm10
CCACCATAGAGAGCGG-1,0,55,mm10
CCACCATAGCGCCGTT-1,1,24,mm10
CCACCATCACTCAGAT-1,1,25,mm10
CCACCATCATAAGCGG-1,0,45,mm10
CCACCATGTAGGACCA-1,0,43,mm10
CCACCATGTGGACAGT-1,0,15,mm10
CCACCATTCGTTGTTT-1,1,44,mm10
CCACGAGAGGGATCGT-1,3725,0,hg19
CCACGAGCAACTTCTT-1,1,62,mm10
CCACGAGCAGTTAGAA-1,5670,3,hg19
CCACGAGCATGTCTAG-1,0,15,mm10
CCACGAGCATTGCTTT-1,2,42,mm10
CCACGAGTCATTGTTC-1,1,63,mm10
CCACGAGTCCGTACGG-1,1,12,mm10
CCACGAGTCGGCCCAA-1,7294,11,hg19
CCACGAGTCTAATTCC-1,2,82,mm10
CCACGAGTCTCTGACC-1,0,11,mm10
CCACTTGAGGCTGAAC-1,1,20,mm10
CCACTTGCATTCTGTT-1,4688,7,hg19
CCACTTGGTCTCTCAC-1,2,45,mm10
CCACTTGGTCTTCATT-1,20,22,mm10
CCATAAGAGCATGAAT-1,0,62,mm10
CCATAAGCAGTGGCTC-1,0,43,mm10
CCATAAGGTCCCGTGA-1,0,56,mm10
CCATAAGGTGAATAAC-1,28,68,mm10
CCATAAGGTGAATATG-1,0,18,mm10
CCATAAGTCATTTGCT-1,3542,3,hg19
CCATAAGTCCAGCACG-1,0,41,mm10
CCATAAGTCCTATTGT-1,0,17,mm10
CCATCACAGATCCTAC-1,0,61,mm10
CCATCACCACCCAACG-1,0,37,mm10
CCATCACGTTACACTG-1,0,21,mm10
CCATCACTCCCGTAAA-1,1,169,mm10
CCATCACTCGATTGAC-1,1,13,mm10
CCCAACTAGCCAAGTG-1,0,42,mm10
CCCAACTAGCGTGTCC-1,1,47,mm10
CCCAACTGTACTCAAC-1,1,126,mm10
CCCAACTGTGTCTCCT-1,0,16,mm10
CCCAACTTCATGAGTC-1,2,11,mm10
CCCGAAGAGAAAGTCT-1,5119,9,hg19
CCCGAAGCACCAATTG-1,1,74,mm10
CCCGAAGGTGCGGTAA-1,0,26,mm10
CCCGAAGGTGGAACAC-1,0,71,mm10
CCCGAAGTCGCATTGA-1,0,66,mm10
CCCGAAGTCGCCAACG-1,1,39,mm10
CCCGGAACATCCGTTC-1,0,37,mm10
CCCGGAAGTTACGCCG-1,7060,1,hg19
CCCGGAATCACCATCC-1,0,16,mm10
CCCGGAATCTTGATTC-1,1,35,mm10
CCCTAACAGAGTCTTT-1,0,15,mm10
CCCTAACAGCTGAGCA-1,1,78,mm10
CCCTAACCATGTGCTA-1,2,70,mm10
CCCTAACTCATAGAGA-1,1,82,mm10
CCCTAACTCCATCTCG-1,0,72,mm10
CCCTAACTCCGGACGT-1,0,12,mm10
CCCTAACTCCTTTAGT-1,1,44,mm10
CCCTCAAAGTTCCTGA-1,0,45,mm10
CCCTCAAGTTACCCTC-1,0,62,mm10
CCCTCAAGTTTATGCG-1,0,24,mm10
CCCTCAATCAAAGGTA-1,31,60,mm10
CCCTCAATCCTGGGTG-1,3428,4,hg19
CCCTCTCAGTGAGTGC-1,1,12,mm10
CCCTCTCCATACGCAT-1,0,34,mm10
CCCTCTCGTCGCACGT-1,0,90,mm10
CCCTGATAGCAGTAAT-1,1,70,mm10
CCCTGATTCGTGGGTC-1,0,13,mm10
CCCTTAGGTGATCATC-1,0,38,mm10
CCGAACGAGAATCCCT-1,7347,17,Multiplet
CCGAACGCATGTGTCA-1,0,18,mm10
CCGAACGGTTGTCTAG-1,5104,15,Multiplet
CCGAACGTCACTTATC-1,4887,9,hg19
CCGATCTAGCGAACTG-1,0,50,mm10
CCGATCTCACAGTCAT-1,1,44,mm10
CCGATCTCATATGGCT-1,5094,4,hg19
CCGATCTGTGACTAAA-1,1,30,mm10
CCGATCTGTTCATCTT-1,6337,14,Multiplet
CCGATGGCAGTGACCC-1,0,21,mm10
CCGATGGCATCCCGTT-1,18,14,hg19
CCGATGGGTCCTGTCT-1,0,28,mm10
CCGATGGGTGCGACAA-1,4147,1,hg19
CCGCAAGCACATGAAA-1,1508,1,hg19
CCGCAAGCACGGTGAA-1,6707,2,hg19
CCGGACAAGGTCCCGT-1,0,49,mm10
CCGGACATCTCCGAAA-1,0,51,mm10
CCGGGTACAGCGACAA-1,1,62,mm10
CCGGGTAGTCTGATAC-1,4429,6,hg19
CCGGGTAGTGGGCTTC-1,1,14,mm10
CCGGGTATCACGGGAA-1,5910,4,hg19
CCGGGTATCCGATGCG-1,0,48,mm10
CCGGGTATCTTGAGCA-1,0,39,mm10
CCGGTAGAGCAAGTCG-1,1,44,mm10
CCGGTGAAGTTGTAGA-1,13417,12,hg19
CCGGTGACAACGATCT-1,1058,13,hg19
CCGGTGATCCTGTAAG-1,7524,6,hg19
CCGTAGGAGACGCTCC-1,1,27,mm10
CCGTAGGCAATTTCCT-1,1,28,mm10
CCGTGAGAGGATATAC-1,0,20,mm10
CCGTGAGAGTTTGAGA-1,0,73,mm10
CCGTGAGCAAGTGACG-1,2,18,mm10
CCGTGAGGTTACGTAC-1,0,30,mm10
CCGTTCAGTCGCTTAA-1,2,13,mm10
CCGTTCAGTTGCTCGG-1,2,114,mm10
CCTAACCGTGGTTTGT-1,2558,7,hg19
CCTAAGAAGATGCTTC-1,47,8499,mm10
CCTAAGACATACCACA-1,0,39,mm10
CCTAAGAGTTTACCTT-1,0,92,mm10
CCTACGTAGCCTTCTC-1,1,49,mm10
CCTACGTAGCTTGTTG-1,0,62,mm10
CCTACGTAGGCATTTC-1,2,16,mm10
CCTACGTCAACACGAG-1,0,17,mm10
CCTACGTCAGGCCTGT-1,4156,6,hg19
CCTACGTGTTGTACGT-1,0,41,mm10
CCTATCGAGCGCCTCA-1,1,22,mm10
CCTATCGTCAAGATAG-1,3,23,mm10
CCTATCGTCCGCAACG-1,0,60,mm10
CCTATCGTCTCGAGTA-1,6216,4,hg19
CCTCAACAGGATTCAA-1,1,44,mm10
CCTCAACTCAAGCCCG-1,3,63,mm10
CCTCAACTCGCTATTT-1,52,119,mm10
CCTCAACTCGGACAAG-1,0,46,mm10
CCTCACAAGACCGTTT-1,6063,6,hg19
CCTCACAAGCTCGACC-1,5156,9,hg19
CCTCACAAGTGGTGAC-1,0,30,mm10
CCTCACACAATTGCCA-1,6053,5,hg19
CCTCACATCCCAGCGA-1,2,51,mm10
CCTCAGTAGACGATAT-1,0,112,mm10
CCTCAGTCAGGCGAAT-1,2,90,mm10
CCTCAGTGTTGTTGAC-1,0,80,mm10
CCTCAGTTCGTTCGCT-1,0,22,mm10
CCTCAGTTCTTAGCAG-1,1,38,mm10
CCTCATGCAGAGATTA-1,4274,3,hg19
CCTCCAAAGTGTTGTC-1,793,2,hg19
CCTCCTCAGCCATGCC-1,1,12,mm10
CCTCCTCCAGATGCGA-1,10103,12,hg19
CCTCCTCGTGACGTCC-1,1,55,mm10
CCTCCTCGTGAGCGAT-1,0,51,mm10
CCTCCTCTCCTGGGTG-1,2,40,mm10
CCTCTAGCAAGGATGC-1,8149,15,Multiplet
CCTCTAGTCAGTAGGG-1,0,38,mm10
CCTCTCCCAAGGCTTT-1,1912,5,hg19
CCTCTCCCAGTTAGAA-1,1,42,mm10
CCTCTCCGTGGTGATG-1,2,50,mm10
CCTCTCCTCTCATTGT-1,2040,18,Multiplet
CCTGCATCACGTGAGA-1,6655,2,hg19
CCTGCATTCGATTGAC-1,8447,14,Multiplet
CCTGCATTCGGAGTAG-1,0,25,mm10
CCTGCATTCTAGCAAC-1,3,99,mm10
CCTGTTGAGCGGTAGT-1,3,131,mm10
CCTGTTGCACCTCTGT-1,4263,4,hg19
CCTGTTGCACTTGGCG-1,0,50,mm10
CCTGTTGTCAAACCTG-1,1,77,mm10
CCTGTTGTCGTCAAAC-1,7671,3,hg19
CCTTCAGAGAATACAC-1,0,84,mm10
CCTTCAGAGCCACCGT-1,1,59,mm10
CCTTCAGCATCGATGT-1,31,274,mm10
CCTTCAGTCGGAAGGT-1,0,90,mm10
CCTTGTGAGCGAGTAC-1,6103,16,Multiplet
CCTTGTGGTGCCTGCA-1,2,48,mm10
CCTTTGGAGACTCCGC-1,0,19,mm10
CCTTTGGAGAGAGCGG-1,0,33,mm10
CCTTTGGAGCCGTCGT-1,5353,3,hg19
CCTTTGGAGGCACTAG-1,0,16,mm10
CCTTTGGCATCCAATG-1,1,61,mm10
CCTTTGGGTTTGATCG-1,0,15,mm10
CCTTTGGTCAAAGGAT-1,0,12,mm10
CGAAGGAGTAGTCTGT-1,6278,0,hg19
CGAAGGATCCATTTGT-1,0,48,mm10
CGAAGGATCGTTGTGA-1,7,43,mm10
CGAAGTTAGCAATTCC-1,2,76,mm10
CGAAGTTGTACCCGAC-1,1,21,mm10
CGAAGTTGTATACCTG-1,7184,7,hg19
CGAAGTTGTCCCGCAA-1,1062,2,hg19
CGAAGTTTCAGATGCT-1,5144,2,hg19
CGAAGTTTCGCAGATT-1,1,44,mm10
CGAATTGAGGATCACG-1,1,102,mm10
CGAATTGCACTACCGG-1,0,11,mm10
CGAATTGCATGGCCAC-1,4347,35,Multiplet
CGAATTGGTGTACAGG-1,0,42,mm10
CGAATTGTCACAGAGG-1,1,16,mm10
CGAATTGTCCAGTGCG-1,1,52,mm10
CGAATTGTCTTCCCAG-1,2,75,mm10
CGACAGCAGCGGGTAT-1,1027,4,hg19
CGACAGCGTCCAGAAG-1,3102,3,hg19
CGAGAAGCAACCGCCA-1,2,46,mm10
CGAGAAGCACACCTAA-1,0,37,mm10
CGAGAAGCAGTTCTAG-1,1,16,mm10
CGAGAAGCATGGCCCA-1,0,20,mm10
CGAGAAGTCAAGTCTG-1,6778,4,hg19
CGAGGAAGTCCTTTGC-1,720,1,hg19
CGAGGAAGTGCCGTAC-1,1291,8,hg19
CGAGGAAGTGGACAGT-1,2,29,mm10
CGAGGAATCGACATTG-1,9721,7,hg19
CGAGGCTGTATGAGGC-1,0,64,mm10
CGAGGCTGTCCATCTC-1,0,56,mm10
CGAGTGCAGAGGTTAT-1,3319,0,hg19
CGAGTGCAGGTTGGAC-1,1,11,mm10
CGAGTGCGTCCAACGC-1,1,62,mm10
CGAGTGCGTTATCTGG-1,10581,17,Multiplet
CGAGTGCGTTTGGAGG-1,9216,4,hg19
CGAGTGCTCATTACTC-1,0,32,mm10
CGAGTGCTCCCTCGTA-1,2712,6,hg19
CGAGTGCTCCTATTGT-1,1,40,mm10
CGAGTGCTCTAGAACC-1,1,45,mm10
CGAGTTACACAGTCGC-1,0,75,mm10
CGAGTTAGTCACCACG-1,5124,10,hg19
CGAGTTAGTTTGAACC-1,2,64,mm10
CGAGTTATCAGGAAAT-1,0,53,mm10
CGATCGGAGAATTCAG-1,0,28,mm10
CGATCGGAGACCATAA-1,5766,0,hg19
CGATCGGAGCAGAAAG-1,0,53,mm10
CGATCGGAGGCTAACG-1,1,48,mm10
CGATCGGCAAGAGGTC-1,3919,11,hg19
CGATCGGCATAAGCGG-1,3426,2,hg19
CGATCGGCATAATGAG-1,4029,4,hg19
CGATGCGCAACAGATA-1,0,18,mm10
CGATGCGCAAGACAAT-1,3971,6,hg19
CGATGCGCAAGGTCAG-1,1,42,mm10
CGATGCGGTTAGTCGT-1,0,12,mm10
CGATGCGTCCATGCAA-1,1644,1,hg19
CGATGGCAGACGCAGT-1,0,36,mm10
CGATGGCAGCACCGTC-1,0,70,mm10
CGATGGCCACCTGCGA-1,1,20,mm10
CGATGGCGTCCTATAG-1,6114,5,hg19
CGATGGCGTCTTGAAC-1,1,46,mm10
CGATGGCGTTCGGCCA-1,2,45,mm10
CGATGGCTCTACGCGG-1,0,88,mm10
CGCAGGTAGAGTTGAT-1,1,62,mm10
CGCAGGTCAATTGAAG-1,0,17,mm10
CGCAGGTGTAGAGATT-1,4961,5,hg19
CGCATAAAGAGTCTTT-1,0,25,mm10
CGCATAAAGCCGATAG-1,0,28,mm10
CGCATAAAGTTGGAGC-1,0,14,mm10
CGCATAACAGAGTAAT-1,52,13,hg19
CGCATAACAGAGTCTT-1,318,47493,mm10
CGCATAACAGTGTGTT-1,0,27,mm10
CGCATAATCCGCTTAC-1,1,55,mm10
CGCATGGTCCGGACTG-1,2646,3,hg19
CGCCAGAAGGGACACT-1,0,63,mm10
CGCCAGACAAAGCTAA-1,0,14,mm10
CGCCAGACACCACATA-1,12703,6,hg19
CGCCAGAGTAATGCGG-1,0,58,mm10
CGCCAGAGTAGCTGAG-1,5344,5,hg19
CGCCAGATCGCAATGT-1,1,69,mm10
CGCCATTAGACTTGTC-1,0,38,mm10
CGCCATTAGAGCCGTA-1,0,38,mm10
CGCCATTGTTCCGTTC-1,0,11,mm10
CGCCATTTCTCAAAGC-1,1678,2,hg19
CGCGTGACAGTCGGAA-1,4503,3,hg19
CGGAACCCAATACAGA-1,5978,8,hg19
CGGAACCGTGACCGTC-1,0,53,mm10
CGGAACCGTGCACGCT-1,7997,24,Multiplet
CGGAACCTCAATCTCT-1,10866,9,hg19
CGGAACCTCCGAAATC-1,0,23,mm10
CGGAATTCAGCACGAA-1,6376,3,hg19
CGGACACAGTGCCAGA-1,0,57,mm10
CGGACACAGTGGCAGT-1,2,58,mm10
CGGACACCAACAGTGG-1,1,127,mm10
CGGACACCACGACTAT-1,8571,18,Multiplet
CGGACACCACGCTGCA-1,5251,8,hg19
CGGACACGTCTCCCTA-1,3,36,mm10
CGGACACTCCTCATAT-1,1,62,mm10
CGGAGAAAGGACTATA-1,1,44,mm10
CGGAGAACAAATTGGA-1,1,34,mm10
CGGAGAAGTTAGGACG-1,11818,8,hg19
CGGAGAATCGTGCAGC-1,1,60,mm10
CGGCAGTCACCCTATC-1,0,16,mm10
CGGCAGTTCAGTGTGT-1,2,42,mm10
CGGCAGTTCCTACCGT-1,1296,4,hg19
CGGCAGTTCCTCCACA-1,1,62,mm10
CGGCAGTTCGAAGTGG-1,5948,3,hg19
CGGGACTCAGAAGTGC-1,1,43,mm10
CGGGACTCAGTTTCGA-1,5057,3,hg19
CGGGACTCATCCCACT-1,1584,2,hg19
CGGGACTCATGGATCT-1,3589,7,hg19
CGGGACTGTTACAGCT-1,3580,4,hg19
CGGGACTGTTCTCTAT-1,9023,22,Multiplet
CGGGACTTCAGAGTTC-1,16,29,mm10
CGGGACTTCGAAACAA-1,0,20,mm10
CGGGACTTCTGGCTGG-1,1,11,mm10
CGGGCATAGTAGTCCT-1,5352,2,hg19
CGGGCATGTTCCTAGA-1,4030,9,hg19
CGGGCATGTTGATCGT-1,6283,4,hg19
CGGGTCAAGCCAGACA-1,3773,3,hg19
CGGGTCACATCCGGCA-1,4282,14,Multiplet
CGGGTCACATGCGTGC-1,11435,28,Multiplet
CGGGTCAGTGAGTTTC-1,1,48,mm10
CGGGTGTAGCAGCCCT-1,0,11,mm10
CGGGTGTAGTATGATG-1,1,78,mm10
CGGGTGTCAGTTAGGG-1,1,58,mm10
CGGGTGTTCAGTGCGC-1,0,37,mm10
CGGGTGTTCATCGACA-1,0,93,mm10
CGGGTGTTCATGAAAG-1,4947,5,hg19
CGGTCAGCAAGAATGT-1,0,27,mm10
CGGTCAGGTTTCAGAC-1,7226,11,hg19
CGTAAGTAGCCGATTT-1,1,53,mm10
CGTAAGTAGTGGATAT-1,5012,1,hg19
CGTAAGTGTGTCCCTT-1,1103,2,hg19
CGTAAGTTCCATTTCA-1,6027,3,hg19
CGTAATGCAAGGGTCA-1,0,42,mm10
CGTAATGCACGTCTCT-1,1,47,mm10
CGTAATGTCCCGTTCA-1,2,67,mm10
CGTAGTACATAGCTGT-1,0,18,mm10
CGTAGTATCCATTTCA-1,2976,11,hg19
CGTAGTATCGTTCTCG-1,4,75,mm10
CGTAGTATCTGACCCT-1,7194,6,hg19
CGTCAAAAGCACTTTG-1,1,23,mm10
CGTCAAAAGGGCTAAC-1,3881,0,hg19
CGTCAAACAACCAACT-1,0,36,mm10
CGTCAAACACACAGCC-1,250,14,hg19
CGTCAAACACTTTATC-1,1,14,mm10
CGTCAAATCACTGGGC-1,5519,9,hg19
CGTCCATAGATTGAGT-1,971,1,hg19
CGTCCATAGCACTCCG-1,1224,5,hg19
CGTCCATAGGCATGCA-1,0,87,mm10
CGTCCATAGTAGGAAG-1,0,25,mm10
CGTCCATCAACGAGGT-1,6075,2,hg19
CGTCCATGTAACGTTC-1,0,48,mm10
CGTCCATGTCCGGATC-1,0,31,mm10
CGTCCATTCCTTCGAC-1,5093,2,hg19
CGTGAATAGGTCTTTG-1,0,63,mm10
CGTGAATCATAGGTTC-1,0,13,mm10
CGTGAATGTATTGACC-1,0,20,mm10
CGTGAATGTGGTTTAC-1,4604,7,hg19
CGTGAATGTTCAAGTC-1,0,11,mm10
CGTGATAAGAGGCCAT-1,0,22,mm10
CGTGATAAGGCTATCT-1,0,26,mm10
CGTGATAAGTATCTGC-1,0,31,mm10
CGTGATAAGTGCACTT-1,0,50,mm10
CGTGATACAAGAGGCT-1,0,22,mm10
CGTGATACAGCCTACG-1,0,12,mm10
CGTGATAGTGACTCGC-1,3952,3,hg19
CGTGATAGTGCCCGTA-1,0,30,mm10
CGTGATATCTTAAGGC-1,0,17,mm10
CGTGCTTCAATCCTAG-1,1,42,mm10
CGTGCTTCATGCCGGT-1,1,24,mm10
CGTGCTTTCCGCCTAT-1,0,24,mm10
CGTGCTTTCTCATTAC-1,0,33,mm10
CGTGTCTCAGCTACAT-1,1,24,mm10
CGTGTCTGTTAGCTAC-1,4752,4,hg19
CGTGTCTTCAGAGTGG-1,9764,56,Multiplet
CGTTAGATCCCATGGG-1,2,29,mm10
CGTTAGATCCGTTGGG-1,8891,5,hg19
CGTTCTGCAGTGCCTG-1,2,59,mm10
CGTTCTGGTGGCGCTT-1,0,79,mm10
CGTTCTGTCCTCTAAT-1,0,18,mm10
CGTTGGGAGCTGCCAC-1,0,61,mm10
CGTTGGGAGGAACTCG-1,1411,6,hg19
CGTTGGGAGGACAAGA-1,0,19,mm10
CGTTGGGAGGCGACAT-1,0,20,mm10
CGTTGGGCAGGACATG-1,2,105,mm10
CGTTGGGTCACCGGGT-1,3571,6,hg19
CTAACCCAGGCGCTTC-1,1,39,mm10
CTAACCCAGGTTCACT-1,7430,12,hg19
CTAACCCGTAGGGAGG-1,0,26,mm10
CTAACCCGTTAAGCAA-1,1,33,mm10
CTAACCCTCTACTCAT-1,43,29,hg19
CTAACTTCAAGTCGTT-1,0,21,mm10
CTAACTTTCACGTCCT-1,0,69,mm10
CTAACTTTCAGCCTCT-1,1,14,mm10
CTAAGTGAGTCTAACC-1,1,58,mm10
CTAAGTGCAATACGAA-1,0,27,mm10
CTAAGTGCAGAGTAAT-1,1,59,mm10
CTACAGACACATGAAA-1,8374,10,hg19
CTACAGACAGCTGAGA-1,0,70,mm10
CTACAGAGTAGACAGC-1,0,11,mm10
CTACAGATCGTTGTTT-1,0,50,mm10
CTACATTCATCAACCA-1,0,123,mm10
CTACATTGTACAGTCT-1,8770,7,hg19
CTACATTTCATCGCAA-1,0,61,mm10
CTACCCAGTCAAAGTA-1,2,54,mm10
CTACCCATCAAACTGC-1,0,16,mm10
CTACCCATCAACGAGG-1,0,31,mm10
CTACCCATCTTCCGTG-1,4122,2,hg19
CTACCTGAGGTAAGAG-1,1,24,mm10
CTACCTGAGGTCCAGA-1,0,71,mm10
CTACCTGTCACTACGA-1,1,15,mm10
CTACCTGTCTCCCAAC-1,0,79,mm10
CTACGGGAGTGTCATC-1,2,49,mm10
CTACGGGCATTGCAAC-1,0,113,mm10
CTACGGGGTGACGCCT-1,0,48,mm10
CTACTATCAACGGCTC-1,0,43,mm10
CTACTATGTCATACCA-1,0,30,mm10
CTACTATTCAAGCCGC-1,0,11,mm10
CTACTATTCGCTGATA-1,7361,8,hg19
CTAGACAAGATGCTTC-1,1,77,mm10
CTAGACATCCTAAACG-1,13746,9,hg19
CTAGGTAAGCCGTTGC-1,4939,8,hg19
CTAGGTAAGGTTCCAT-1,1,71,mm10
CTAGGTACATGTTACG-1,0,14,mm10
CTAGGTAGTTAGGGAC-1,1,18,mm10
CTAGGTATCATCTACT-1,0,34,mm10
CTATAGGAGCAACTTC-1,12420,9,hg19
CTATAGGCAGTAGAGC-1,0,17,mm10
CTATAGGTCAGCGTCG-1,7,26,mm10
CTATCCGAGATAGCAT-1,2,66,mm10
CTATCCGAGGTGCGAT-1,2763,6,hg19
CTATCCGAGTATAGGT-1,1,19,mm10
CTATCCGCAGGACATG-1,0,46,mm10
CTATCTAAGGTGGTTG-1,4905,2,hg19
CTATCTAGTTGCATCA-1,11642,7,hg19
CTATCTATCAAAGGTA-1,0,17,mm10
CTATCTATCGGCTCTT-1,1,91,mm10
CTCAACCAGTTGCATC-1,5659,12,hg19
CTCAACCCATCCAACA-1,0,18,mm10
CTCAACCTCTTGCGCT-1,0,16,mm10
CTCAAGACAAATACAG-1,0,81,mm10
CTCAAGAGTGTCTTAG-1,0,47,mm10
CTCAAGATCGATACTG-1,6001,2,hg19
CTCAATTCACAGTGTT-1,0,55,mm10
CTCAATTCACCCGTAG-1,3958,5,hg19
CTCAATTGTAAGGAGA-1,5530,4,hg19
CTCACTGAGTAATACG-1,1,67,mm10
CTCACTGCAAAGCACG-1,0,16,mm10
CTCACTGCACTGAGTT-1,2,94,mm10
CTCACTGCAGCACCCA-1,0,47,mm10
CTCACTGGTCTAATCG-1,1,60,mm10
CTCAGAAGTGTAAACA-1,1,19,mm10
CTCAGAATCGAACACT-1,1,26,mm10
CTCAGGGAGGTAATCA-1,0,14,mm10
CTCAGGGAGTATTGCC-1,1,55,mm10
CTCAGGGCAAGACCGA-1,0,23,mm10
CTCAGGGGTGGAAGTC-1,1,31,mm10
CTCAGGGGTGTCCATA-1,1929,1,hg19
CTCAGTCAGCGCTGAA-1,0,36,mm10
CTCAGTCAGGTCTACT-1,1,61,mm10
CTCAGTCCAGATCATC-1,0,26,mm10
CTCAGTCCAGCAAGAC-1,0,61,mm10
CTCAGTCGTAAGATTG-1,0,17,mm10
CTCAGTCTCGATTCCC-1,8605,2,hg19
CTCATCGAGTGCAGCA-1,0,42,mm10
CTCATCGAGTTGCTGT-1,0,17,mm10
CTCATCGCAGTGTATC-1,10,13,mm10
CTCATGCAGCGGGTTA-1,1,12,mm10
CTCATGCAGTAGACCG-1,4266,1,hg19
CTCATGCCACCATAAC-1,1,75,mm10
CTCATGCCAGGCTACC-1,1387,7,hg19
CTCATGCGTGGCCCAT-1,5,31,mm10
CTCATGCGTGTCATCA-1,4548,14,Multiplet
CTCATTAAGTGAGCCA-1,0,64,mm10
CTCATTAGTAGATTAG-1,0,70,mm10
CTCATTAGTCCAACGC-1,1,11,mm10
CTCATTATCTCAACGA-1,3281,1,hg19
CTCCAACAGTCACGAG-1,279,13,hg19
CTCCAACCAGTTTCGA-1,0,11,mm10
CTCCAACTCCAGTGCG-1,0,14,mm10
CTCCAACTCGCCTCTA-1,7868,8,hg19
CTCCACAAGAGTTGAT-1,4465,9,hg19
CTCCACAAGCTGTGCC-1,0,16,mm10
CTCCACAAGGTAGACC-1,3314,9,hg19
CTCCACACAATTGAGA-1,51,29,hg19
CTCCACAGTGTTCATG-1,1,44,mm10
CTCCACATCAGGCGAA-1,1,60,mm10
CTCCACATCTCTTCAA-1,0,83,mm10
CTCCATGAGGCCATAG-1,1,38,mm10
CTCCATGCAACGACAG-1,6443,2,hg19
CTCCATGCATAGAGGC-1,1,41,mm10
CTCCATGGTCAAAGTA-1,2,36,mm10
CTCCCAAAGAATTGCA-1,0,45,mm10
CTCCCAAAGCTTAAGA-1,0,11,mm10
CTCCCAACAAATGAAC-1,1,36,mm10
CTCCCAACAATAGGGC-1,8131,1,hg19
CTCCCAAGTGGCTTGC-1,1,49,mm10
CTCCCAATCTTTCCGG-1,2,39,mm10
CTCCCTCTCACTTATC-1,0,130,mm10
CTCCCTCTCGGTCGGT-1,4757,4,hg19
CTCCGATGTCCAGAAG-1,7500,24,Multiplet
CTCCGATTCATGAAAG-1,0,11,mm10
CTCCGATTCGTCCATC-1,3965,9,hg19
CTCCGATTCTGTGCAA-1,1,48,mm10
CTCCTCCCAACCGACC-1,2,30,mm10
CTCCTCCCATCTGGGC-1,0,19,mm10
CTCCTTTAGACCCGCT-1,1,27,mm10
CTCCTTTCATGACTTG-1,5302,99,Multiplet
CTCCTTTGTGGAGGTT-1,1,56,mm10
CTCCTTTGTGGTCCGT-1,26,98,mm10
CTCGAGGAGCGCCGTT-1,4320,1,hg19
CTCGAGGCAAGCGCTC-1,3,15,mm10
CTCGAGGGTCGTAATC-1,0,21,mm10
CTCGAGGTCGATACGT-1,0,18,mm10
CTCTCAGCAGAACGCA-1,9261,6,hg19
CTCTCGACAATACGAA-1,60,23,hg19
CTCTCGAGTGCATACT-1,1,56,mm10
CTCTCGAGTTAAAGTG-1,0,15,mm10
CTCTGGTAGCAATTAG-1,1,88,mm10
CTCTGGTAGGTCCCTG-1,818,2,hg19
CTCTGGTCAAGTATCC-1,4652,3,hg19
CTCTGGTGTTGTGTTG-1,8158,4,hg19
CTCTGGTTCCGCACTT-1,0,16,mm10
CTGAATGTCGATGCAT-1,1,81,mm10
CTGAGCGAGCAATTAG-1,0,39,mm10
CTGAGCGAGTTGTACC-1,0,14,mm10
CTGAGCGGTCAGCGTC-1,0,49,mm10
CTGAGCGGTTCGGCGT-1,1,51,mm10
CTGAGCGGTTGATCGT-1,11,20,mm10
CTGAGCGTCCTCTCTT-1,5890,5,hg19
CTGAGCGTCTCAGGCG-1,0,21,mm10
CTGAGGCAGCTCAGAG-1,1,18,mm10
CTGAGGCCAGAGAAAG-1,0,26,mm10
CTGATCCAGTGCCTCG-1,6974,2,hg19
CTGATCCTCATCTATC-1,1,40,mm10
CTGATCCTCCAGTACA-1,7457,20,Multiplet
CTGCAGGAGTTCCGGC-1,3,108,mm10
CTGCAGGCAGCATACT-1,0,15,mm10
CTGCAGGCAGGCAATG-1,0,11,mm10
CTGCAGGGTCGCGTCA-1,0,16,mm10
CTGCAGGTCATTCACT-1,2,83,mm10
CTGCAGGTCCGATAAC-1,1,34,mm10
CTGCATCAGACTGTTC-1,0,77,mm10
CTGCATCAGCAGAAAG-1,7288,15,Multiplet
CTGCATCAGCTATCTG-1,5217,3,hg19
CTGCATCAGTCGTTAC-1,13252,4,hg19
CTGCATCGTCTGTCCT-1,1,67,mm10
CTGCATCGTGGCACTC-1,0,51,mm10
CTGCCATAGTTACGGG-1,0,16,mm10
CTGCCATCACAAAGCG-1,0,19,mm10
CTGCCTAAGAAACTCA-1,0,44,mm10
CTGCCTAGTTGGGTTT-1,0,59,mm10
CTGCCTATCAGACATC-1,9494,10,hg19
CTGCCTATCGCTGATA-1,1,21,mm10
CTGCGAGAGTGCTAGG-1,0,14,mm10
CTGCGAGCATACCAGT-1,5759,4,hg19
CTGCGAGTCTTCTAAC-1,1,53,mm10
CTGCTCAAGCCGCTTG-1,0,68,mm10
CTGCTCAAGGACAGCT-1,0,26,mm10
CTGCTCAAGGTTCAGG-1,1,36,mm10
CTGCTCACATACGCAT-1,5771,20,Multiplet
CTGCTCATCGCCTTTG-1,0,29,mm10
CTGGACGAGTCAGCGA-1,0,73,mm10
CTGGACGCATGAGGGT-1,7464,4,hg19
CTGGCAGCAATACCCA-1,0,70,mm10
CTGGCAGCAATACGCT-1,0,34,mm10
CTGGCAGCATTGCCTC-1,10642,5,hg19
CTGGCAGGTACACGCC-1,26,43,mm10
CTGGCAGGTCGTACAT-1,1835,5,hg19
CTGGCAGGTGCATTAC-1,41,95,mm10
CTGGCAGTCGCCGATG-1,5859,13,hg19
CTGGTCTCAAACCGGA-1,0,34,mm10
CTGTACCCATTCTCCG-1,9231,5,hg19
CTGTACCTCACCGCTT-1,0,59,mm10
CTGTAGAAGGGAGTTC-1,0,12,mm10
CTGTATTCAAGTTCCA-1,0,29,mm10
CTGTATTCATGGCTGC-1,6396,7,hg19
CTGTATTGTCTGTTAG-1,7368,24,Multiplet
CTGTATTTCCCTAGGG-1,3376,3,hg19
CTGTCGTCAAAGGTTA-1,0,32,mm10
CTGTCGTCATGGCGCT-1,0,42,mm10
CTGTCGTGTGACTAAA-1,0,38,mm10
CTGTGAAAGGATCATA-1,4699,6,hg19
CTGTGAACACACGTGC-1,0,15,mm10
CTGTGAACATTAGGCT-1,0,14,mm10
CTGTGGGCAGGTCAAG-1,6298,12,hg19
CTGTGGGGTACCAGAG-1,0,54,mm10
CTGTGGGGTCTGCAAT-1,0,18,mm10
CTGTGGGTCGAGCCAC-1,4121,3,hg19
CTTACCGAGATTGACA-1,0,75,mm10
CTTACCGAGTGGGAAA-1,0,41,mm10
CTTACCGCACCGGTCA-1,0,44,mm10
CTTACCGGTCCGTTTC-1,0,27,mm10
CTTACCGGTTAAGGGC-1,5508,8,hg19
CTTAGGAAGGGTTGCA-1,0,44,mm10
CTTAGGAGTCTGTCAA-1,0,30,mm10
CTTAGGATCAGATGCT-1,12,21,mm10
CTTAGGATCAGGGATG-1,1742,5,hg19
CTTCAATAGGAACATT-1,11972,6,hg19
CTTCCGAAGCACTTTG-1,0,23,mm10
CTTCCGACAAGAAATC-1,3745,12,hg19
CTTCCGACATGCCGCA-1,0,47,mm10
CTTCCGATCCTCTGCA-1,6671,18,Multiplet
CTTCCGATCGCTGTTC-1,0,24,mm10
CTTCCTTAGAGAGAAC-1,0,13,mm10
CTTCCTTCAAACTCTG-1,1,56,mm10
CTTCCTTCAAAGAGTT-1,0,52,mm10
CTTCCTTCACCCTGTT-1,6664,5,hg19
CTTCCTTTCACAATGC-1,5595,4,hg19
CTTCGGTGTGTTGACT-1,2,53,mm10
CTTCGGTTCTCAGGCG-1,3983,8,hg19
CTTCTAAAGAAGTCAT-1,20,14,hg19
CTTCTAAAGACTCTAC-1,4062,12,hg19
CTTCTAACATCTGGGC-1,0,17,mm10
CTTCTAAGTGCCTACG-1,0,23,mm10
CTTCTAAGTGTGCCTG-1,13726,11,hg19
CTTCTAATCAAACGAA-1,0,26,mm10
CTTCTAATCCTTTGAT-1,0,38,mm10
CTTCTAATCTCTGCTG-1,0,89,mm10
CTTCTCTAGGCATTTC-1,1,50,mm10
CTTCTCTAGGGTGAGG-1,4712,5,hg19
CTTCTCTCACCGTCTT-1,0,35,mm10
CTTCTCTCACGCGGTT-1,1,103,mm10
CTTCTCTCATCTAACG-1,11214,4,hg19
CTTCTCTGTCCCTAAA-1,0,11,mm10
CTTCTCTTCGACACTA-1,0,16,mm10
CTTGAGAAGACTAGAT-1,0,44,mm10
CTTGAGAAGGGCAACT-1,24,76,mm10
CTTGAGACAGACACAG-1,7523,17,Multiplet
CTTGAGACATCCTAAG-1,0,14,mm10
CTTGAGAGTATCAAGA-1,7883,9,hg19
CTTGAGAGTCGCTCGA-1,7745,4,hg19
CTTGATTCACCCAAGC-1,1775,14,Multiplet
CTTGATTGTCGTGGTC-1,1,37,mm10
CTTGATTTCGCCACTT-1,2,11,mm10
CTTTCAAAGGCCCACT-1,0,98,mm10
CTTTCAACAGACTGCC-1,11067,13,hg19
CTTTCGGAGCACACCC-1,0,30,mm10
CTTTCGGAGCAGCCTC-1,1,26,mm10
CTTTCGGCAAAGGCGT-1,7681,17,Multiplet
CTTTCGGGTCATCCGG-1,2,56,mm10
GAAACCTAGAGCAACC-1,2619,3,hg19
GAAACCTCAAATGGCG-1,7622,12,hg19
GAAACCTCAACAGCCC-1,2,31,mm10
GAAACCTCAAGTGACG-1,0,11,mm10
GAAACCTCAGTGACCC-1,3,56,mm10
GAAACCTCATCATTGG-1,0,57,mm10
GAAACCTGTATCACCA-1,0,15,mm10
GAAACCTTCACATCAG-1,0,114,mm10
GAAACCTTCCTCATAT-1,0,18,mm10
GAAACCTTCGAGTCCG-1,2,68,mm10
GAAACCTTCGCCTCTA-1,0,12,mm10
GAAATGAAGGGACAGG-1,0,19,mm10
GAAATGACAGGGAATC-1,1,58,mm10
GAAATGATCCAACACA-1,8544,6,hg19
GAAATGATCCATGAGT-1,1,33,mm10
GAAATGATCGCAGTCG-1,2,71,mm10
GAACACTAGACTCCGC-1,1,21,mm10
GAACACTCAGCGTATT-1,0,24,mm10
GAACACTCAGGGAATC-1,0,35,mm10
GAACACTTCGAACTCA-1,3,15,mm10
GAACACTTCTTGATTC-1,2328,3,hg19
GAACGTTAGCTACAAA-1,0,43,mm10
GAACGTTAGTTGCTCA-1,2,74,mm10
GAACGTTGTCCTACAA-1,0,67,mm10
GAACGTTGTCGAACGA-1,0,59,mm10
GAACGTTTCGATACGT-1,0,49,mm10
GAACTGTAGGCTTCCG-1,7138,5,hg19
GAACTGTAGGTAGCCA-1,0,37,mm10
GAACTGTAGTAATACG-1,0,93,mm10
GAACTGTCAGAACGCA-1,1,39,mm10
GAACTGTCATGTGCTA-1,0,32,mm10
GAACTGTTCCCGTTGT-1,0,112,mm10
GAAGAATAGTGTTCAC-1,0,54,mm10
GAAGAATGTATTTCGG-1,1,27,mm10
GAAGAATGTTGGAGAC-1,0,41,mm10
GAAGCCCAGACGCTCC-1,5681,9,hg19
GAAGCCCGTGACCGAA-1,0,37,mm10
GAAGCCCGTTAGAGAT-1,0,56,mm10
GAAGCCCGTTCACGAT-1,3,30,mm10
GAAGCGAAGCCAAGGT-1,0,71,mm10
GAAGCGACAATCGTCA-1,1,32,mm10
GAAGCGACACTACTTT-1,0,44,mm10
GAAGCGAGTGACTAAA-1,0,28,mm10
GAAGCGATCATCACAG-1,6788,1,hg19
GAAGCGATCTGGAGAG-1,7,19,mm10
GAAGGACAGAATAGTC-1,0,16,mm10
GAAGGACAGCCTATTG-1,2,106,mm10
GAAGGACAGGATACCG-1,0,27,mm10
GAAGGACTCAAGGACG-1,0,13,mm10
GAAGGGTCAGGATTCT-1,1,75,mm10
GAAGGGTGTACTGCCG-1,0,31,mm10
GAAGGGTTCACAAGAA-1,6706,6,hg19
GAAGGGTTCCAAGCCG-1,0,122,mm10
GAAGTAAAGCCTGAAG-1,0,33,mm10
GAAGTAACATGGCCCA-1,3525,8,hg19
GAAGTAAGTGCTTATG-1,17,11,hg19
GAAGTAAGTGTGTACT-1,0,27,mm10
GAAGTAATCTCAATCT-1,1322,8,hg19
GAATAGAAGTAGCAAT-1,0,22,mm10
GAATCACCAAGATCCT-1,0,27,mm10
GAATCACGTACGTACT-1,0,19,mm10
GAATCGTAGGACAACC-1,0,102,mm10
GAATCGTCACCTGATA-1,0,11,mm10
GAATCGTGTTTCACTT-1,0,38,mm10
GACACGCAGGACCCAA-1,10492,12,hg19
GACACGCAGTGAACAT-1,0,73,mm10
GACACGCGTAAGATCA-1,1,58,mm10
GACACGCGTAGCGTCC-1,0,12,mm10
GACACGCGTGTATTGC-1,0,99,mm10
GACACGCGTTGACTAC-1,0,11,mm10
GACACGCTCGTTACCC-1,19402,5,hg19
GACAGCCAGCCTCTTC-1,4796,17,Multiplet
GACAGCCCAAAGGCGT-1,0,62,mm10
GACAGCCCAAGTCATC-1,21,11,hg19
GACAGCCCAATGTCTG-1,3,26,mm10
GACAGCCTCGCGTAGC-1,5538,2,hg19
GACATCACACTGTGAT-1,501,1,hg19
GACATCACAGTAGTTC-1,4490,4,hg19
GACATCAGTACCTTCC-1,0,13,mm10
GACCAATCACAGAAGC-1,2,35,mm10
GACCAATCATTCATCT-1,0,40,mm10
GACCAATTCCAAGCCG-1,0,36,mm10
GACCCAGCACCTATCC-1,0,15,mm10
GACCCAGCATAACTCG-1,1,46,mm10
GACCCAGGTCAAACGG-1,0,134,mm10
GACCCTTTCTTCTAAC-1,1,24,mm10
GACCGTGAGGATTTCC-1,0,13,mm10
GACCGTGGTCACTCGG-1,0,50,mm10
GACCGTGTCGGCTTGG-1,3717,29,Multiplet
GACCGTGTCGGTATGT-1,2,69,mm10
GACGCTGAGCATTTCG-1,0,26,mm10
GACGCTGAGTATGGAT-1,0,13,mm10
GACGCTGCATTATGCG-1,0,34,mm10
GACGCTGGTCTACGAT-1,1,18,mm10
GACGTTAAGAGAGAAC-1,0,14,mm10
GACGTTACAAGAGATT-1,0,60,mm10
GACGTTAGTACGGGAT-1,4713,12,hg19
GACGTTAGTCTGCCTT-1,0,12,mm10
GACGTTAGTGGAACCA-1,7381,11,hg19
GACGTTAGTTGCTCCT-1,11264,20,Multiplet
GACGTTATCGAGCACC-1,1,96,mm10
GACGTTATCGTGGGTC-1,4777,2,hg19
GACTATGAGGTAGGCT-1,0,11,mm10
GACTATGCACCGAATT-1,1,12,mm10
GACTATGTCCACTGGG-1,3681,9,hg19
GACTATGTCCAGCCTT-1,1,44,mm10
GACTCAAAGTTGCGCC-1,4158,19,Multiplet
GACTCAACAAGGTTGG-1,2,78,mm10
GACTCAACATCATCTT-1,7926,8,hg19
GACTCAACATGACAGG-1,0,12,mm10
GACTCAAGTATCGAGG-1,0,12,mm10
GACTCAAGTTAGGGAC-1,0,40,mm10
GACTCAATCCGTAATG-1,10579,20,Multiplet
GACTCAATCTGTACAG-1,631,5,hg19
GACTCTCCACATTCGA-1,4669,5,hg19
GACTCTCGTACCTATG-1,1,65,mm10
GACTCTCGTGCATCTA-1,1,82,mm10
GACTCTCTCGTCAGAT-1,6506,3,hg19
GACTGATAGCCACTCG-1,0,22,mm10
GACTGATAGCGTTCCG-1,0,27,mm10
GACTGATCACCTTCGT-1,0,30,mm10
GACTGATCATGCCGGT-1,8,12,mm10
GACTGATGTAATACCC-1,6848,6,hg19
GACTTCCCAACAGAGC-1,2,25,mm10
GACTTCCCACCCTTGT-1,2635,7,hg19
GACTTCCCACTTCCTG-1,3,15,mm10
GAGAAATCAGCTCATA-1,1,53,mm10
GAGAAATGTTGAGGAC-1,0,13,mm10
GAGACCCAGCAACAGC-1,0,20,mm10
GAGACCCAGGATTTCC-1,37,32,hg19
GAGACCCTCTCCGCAT-1,2,78,mm10
GAGACTTCAACGTAAA-1,0,53,mm10
GAGACTTGTGCTGATT-1,1,31,mm10
GAGACTTTCCATTGTT-1,3480,4,hg19
GAGACTTTCGTCAACA-1,559,2,hg19
GAGAGGTAGCTTGTTG-1,0,17,mm10
GAGAGGTCAAACACCT-1,0,18,mm10
GAGAGGTGTCTTACTT-1,0,50,mm10
GAGAGGTTCCCAGTGG-1,3848,46,Multiplet
GAGATGGAGCCACCGT-1,1,34,mm10
GAGATGGGTCCCAAAT-1,2331,1,hg19
GAGATGGGTCGAGCTC-1,0,31,mm10
GAGCCTGAGCCGCACT-1,0,60,mm10
GAGCCTGGTTGCAACT-1,9441,10,hg19
GAGCCTGTCTATTTCG-1,2,70,mm10
GAGCCTGTCTTCCTAA-1,0,27,mm10
GAGCTGCAGGAGAGGC-1,3351,2,hg19
GAGCTGCAGGATTTGA-1,0,53,mm10
GAGCTGCCACCGTCGA-1,0,29,mm10
GAGCTGCGTCGGATTT-1,0,77,mm10
GAGCTGCTCATCGCTC-1,1,55,mm10
GAGCTGCTCCGCGGAT-1,0,30,mm10
GAGCTGCTCCTTCTAA-1,1,19,mm10
GAGGCAAAGCCTATTG-1,0,28,mm10
GAGGCAAAGGCTATCT-1,0,22,mm10
GAGGCAACAGGCAATG-1,14,188,mm10
GAGGCAAGTCCATCTC-1,0,53,mm10
GAGGCAAGTGGACCTC-1,0,17,mm10
GAGGCAATCAGAGTTC-1,0,21,mm10
GAGGCAATCGAAGCAG-1,0,29,mm10
GAGGCAATCTCAACGA-1,0,70,mm10
GAGGCCTAGAGTTGAT-1,5513,5,hg19
GAGGCCTCACGTCTCT-1,3321,10,hg19
GAGGCCTCAGAGTTGG-1,1,40,mm10
GAGGCCTCATACCAGT-1,0,89,mm10
GAGGCCTCATCGTCCT-1,6158,3,hg19
GAGGCCTGTCCTGTTC-1,0,104,mm10
GAGGCCTGTTCGCGTG-1,5013,1,hg19
GAGGCCTGTTCTGACA-1,7352,8,hg19
GAGGGATTCGTAACCA-1,0,11,mm10
GAGTCATAGTAGTGCG-1,0,104,mm10
GAGTCATAGTCTTCCC-1,4307,2,hg19
GAGTCATGTAGCTTTG-1,1,24,mm10
GAGTCATGTTTCGACA-1,8206,5,hg19
GAGTCATTCTTACGTT-1,1,11,mm10
GAGTCTAAGATGGCAC-1,5783,5,hg19
GAGTCTAAGTCGGCAA-1,20,37,mm10
GAGTCTAGTTCATCGA-1,5729,6,hg19
GAGTGAGAGTAGGGTC-1,5722,2,hg19
GAGTGAGCAATCAGCT-1,36,29,hg19
GAGTGAGTCTATACTC-1,0,76,mm10
GAGTGTTAGTCACTGT-1,1886,3,hg19
GAGTGTTGTACTAAGA-1,0,17,mm10
GAGTGTTGTAGTAAGT-1,5988,34,Multiplet
GAGTGTTGTTCGTGCG-1,0,74,mm10
GAGTTACAGCATGATA-1,5078,2,hg19
GAGTTACCAAATCGGG-1,3880,4,hg19
GAGTTACCACATATGC-1,0,82,mm10
GAGTTACCAGCCGGTT-1,0,32,mm10
GAGTTTGAGACCGCCT-1,2,38,mm10
GAGTTTGAGCTCATAC-1,66,19,hg19
GAGTTTGTCGGTAAGG-1,1,19,mm10
GATAGAAAGGTGGCTA-1,0,47,mm10
GATAGAAAGTAGCTCT-1,1,76,mm10
GATAGAACAAATCAGA-1,0,101,mm10
GATAGAACACGGTGAA-1,12373,13,hg19
GATAGAACAGACACAG-1,1,42,mm10
GATAGAATCAATCCAG-1,3730,6,hg19
GATAGAATCGCTTGAA-1,1,38,mm10
GATAGAATCGTACCTC-1,0,28,mm10
GATAGAATCTCTATGT-1,7439,6,hg19
GATAGCTAGCTATCTG-1,0,14,mm10
GATAGCTTCTGAATGC-1,4104,5,hg19
GATCACAAGGCATCGA-1,0,48,mm10
GATCACACATCCTCAC-1,1,47,mm10
GATCACACATGAGAAT-1,0,153,mm10
GATCACAGTATATGGA-1,5741,170,Multiplet
GATCACAGTATCGGTT-1,7454,5,hg19
GATCACAGTTAGGAGC-1,2,86,mm10
GATCACAGTTGGTGTT-1,0,25,mm10
GATCAGTAGGTGGCTA-1,0,44,mm10
GATCAGTCAGTTCCAA-1,1,47,mm10
GATCAGTGTAGATCGG-1,0,41,mm10
GATCAGTGTGTGAGCA-1,5959,26,Multiplet
GATCAGTTCTAGAACC-1,1165,5,hg19
GATCATGCAGTCGCTG-1,1,91,mm10
GATCATGCATACCAGT-1,4926,8,hg19
GATCATGTCGACGATT-1,0,23,mm10
GATCATGTCTCCGCAT-1,0,72,mm10
GATCCCTCACTTACAG-1,52,28,hg19
GATCCCTGTATAATGG-1,7460,13,hg19
GATCCCTTCATGAGAA-1,2360,5,hg19
GATCGTAAGAACCCGA-1,8878,8,hg19
GATCGTAAGGAATTAC-1,0,38,mm10
GATCGTAAGTCACTGT-1,1,17,mm10
GATCGTACATCCTGTC-1,3,165,mm10
GATCGTAGTAACCCTA-1,0,33,mm10
GATCGTAGTCTAACTG-1,22,11,hg19
GATGACTAGAATACAC-1,1,65,mm10
GATGACTAGATGCAGC-1,0,53,mm10
GATGACTGTCCGAAGA-1,1,56,mm10
GATGAGGAGGTAAGGA-1,0,13,mm10
GATGAGGCAGGCTACC-1,4076,4,hg19
GATGAGGGTTTCACAG-1,7248,6,hg19
GATGAGGTCTAATTCC-1,0,15,mm10
GATGATCCAGTAACGG-1,6650,7,hg19
GATGATCCATGGGCAA-1,5764,21,Multiplet
GATGATCGTAGGGAGG-1,0,69,mm10
GATGATCTCAGTAGGG-1,6452,12,hg19
GATGATCTCGGTGTTA-1,0,22,mm10
GATGCTAGTTGTCTAG-1,15,45,mm10
GATGGAGAGTCAAGCG-1,3456,7,hg19
GATGGAGCATGGCCCA-1,1,39,mm10
GATGGAGGTACCGGCT-1,1,46,mm10
GATGGAGGTACGATCT-1,0,11,mm10
GATGGAGGTATCCTCC-1,6991,8,hg19
GATGGAGGTTGGGAAC-1,1,78,mm10
GATGTTGGTAGCGAGT-1,8332,4,hg19
GATGTTGGTCTACATG-1,0,46,mm10
GATTCGAAGCCGGAAT-1,1,27,mm10
GATTCGAAGGGCAATC-1,0,44,mm10
GATTCGACAGTCAGTT-1,1515,7,hg19
GATTCGACATGACTGT-1,2,78,mm10
GATTCGAGTGTCACAT-1,0,13,mm10
GATTCGATCAAGTTGC-1,5413,9,hg19
GATTCGATCGTCAAAC-1,2968,3,hg19
GATTCGATCGTGCGAC-1,19,15,hg19
GATTCTTAGTACCGGA-1,5216,7,hg19
GATTCTTAGTCACAGG-1,208,13,hg19
GATTCTTCATACCACA-1,2283,8,hg19
GATTCTTTCGACGTCG-1,0,11,mm10
GATTTCTCAAGCCCAC-1,2,54,mm10
GATTTCTGTCGCTTAA-1,1,65,mm10
GATTTCTGTCTCTCTG-1,10139,6,hg19
GCAACATGTCCAGCGT-1,0,85,mm10
GCAACATGTGTTTCTT-1,4427,13,hg19
GCAACCGCAATAGTCC-1,0,37,mm10
GCAACCGGTTGCATGT-1,14,48,mm10
GCAACCGTCAAACCCA-1,2018,6,hg19
GCACATAAGAGAACCC-1,0,22,mm10
GCACATAAGAGTCACG-1,1124,2,hg19
GCACATACATCGTGGC-1,1,62,mm10
GCACATAGTGACACAG-1,0,30,mm10
GCACATAGTTCTCCAC-1,0,49,mm10
GCACATATCTCATTTG-1,1,18,mm10
GCACGGTGTCCCGTGA-1,0,20,mm10
GCACGGTGTGACAACG-1,4191,5,hg19
GCACGGTGTTTCCATT-1,4646,1,hg19
GCACGGTTCAGCTTGA-1,10423,15,Multiplet
GCACGTGCAAACAGGC-1,10202,17,Multiplet
GCACGTGCACCGTCTT-1,0,34,mm10
GCACGTGGTCTAATCG-1,0,20,mm10
GCACGTGGTCTTCAAG-1,5013,4,hg19
GCACTAAAGGAACGTC-1,2,82,mm10
GCACTAACATCGAGCC-1,5636,28,Multiplet
GCACTAACATGGAAGC-1,1,28,mm10
GCACTAATCAAACCCA-1,297,29,hg19
GCAGCCAAGCACGATG-1,5585,3,hg19
GCAGCCAAGCGTCTCG-1,0,19,mm10
GCAGCCAAGGTTGCCC-1,0,51,mm10
GCAGCCACAAACGTGG-1,14718,19,Multiplet
GCAGCCATCCTGCTAC-1,1,19,mm10
GCAGCTGGTACTAACC-1,0,11,mm10
GCAGCTGGTGCCCTTT-1,1,59,mm10
GCAGCTGTCATGTCTT-1,8495,5,hg19
GCAGGCTGTTGAAGTA-1,4761,3,hg19
GCAGGCTTCATCACTT-1,4,111,mm10
GCAGGCTTCCTCTCGA-1,6192,12,hg19
GCAGTTAAGATGCGAC-1,3519,11,hg19
GCAGTTACAGCATACT-1,97,58,hg19
GCAGTTATCATGAAAG-1,0,53,mm10
GCAGTTATCGTTCTAT-1,0,42,mm10
GCATCGGCAATTGCAC-1,3058,9,hg19
GCATCGGCAGCCGTTG-1,0,27,mm10
GCATCGGCATAGGCGA-1,3,70,mm10
GCATCGGCATCTTCGC-1,0,15,mm10
GCATCGGGTGTTGCCG-1,5075,5,hg19
GCATCGGGTTATTCCT-1,0,42,mm10
GCATCGGGTTGAATCC-1,0,18,mm10
GCATCTCAGAGGTCGT-1,4245,4,hg19
GCATCTCAGCCTGAGA-1,0,49,mm10
GCATCTCAGTCCGTCG-1,2,42,mm10
GCATCTCCAAGGTCGA-1,0,72,mm10
GCATGATAGACATACA-1,3,49,mm10
GCATGATCAGGTTCGC-1,25,18,hg19
GCATGATCATCGGCCA-1,1,47,mm10
GCATGATTCTATCGTT-1,3205,10,hg19
GCATTAGTCGCTGATA-1,8383,5,hg19
GCCAACGCAAAGGCTG-1,4696,5,hg19
GCCAACGCAATTTCTC-1,0,34,mm10
GCCAACGCACAAACGG-1,0,37,mm10
GCCAACGCACGCCAGT-1,0,57,mm10
GCCAACGGTGCTGCAC-1,0,112,mm10
GCCAGCAAGCAGGCTA-1,1,45,mm10
GCCAGCAAGGGATCGT-1,0,30,mm10
GCCAGCACACGGTAGA-1,0,45,mm10
GCCAGCACAGTCGGAA-1,0,35,mm10
GCCAGCAGTCAAAGTA-1,0,16,mm10
GCCAGCAGTCACGCTG-1,1,44,mm10
GCCAGCAGTGACGCCT-1,6971,21,Multiplet
GCCAGCAGTGGTCCCA-1,0,71,mm10
GCCAGCAGTTCTAACG-1,0,86,mm10
GCCAGCATCCAACACA-1,2,54,mm10
GCCAGCATCCAACTGA-1,4120,1,hg19
GCCAGCATCTAGTCAG-1,0,48,mm10
GCCAGGTCAGGACTTT-1,4733,2,hg19
GCCAGTGAGTCGCCAC-1,0,28,mm10
GCCAGTGGTAACTAAG-1,5411,8,hg19
GCCAGTGGTTTACCTT-1,1,26,mm10
GCCAGTGTCTAGCAAC-1,0,23,mm10
GCCATGGAGCCACCGT-1,16,17,mm10
GCCATGGCAATAACCC-1,8708,6,hg19
GCCATGGGTTGGACCC-1,2,46,mm10
GCCATGGTCACTGGGC-1,0,46,mm10
GCCATGGTCTCGACGG-1,0,61,mm10
GCCATTCAGGCACGAT-1,1,44,mm10
GCCATTCAGGTTCCAT-1,7401,7,hg19
GCCATTCAGTCCCAGC-1,8322,15,Multiplet
GCCATTCTCCGTTGAA-1,0,13,mm10
GCCCAGAAGACCGTTT-1,2,42,mm10
GCCCAGAAGATTCGCT-1,0,70,mm10
GCCCAGAAGTGTTCAC-1,0,28,mm10
GCCCAGATCCGCGATG-1,0,13,mm10
GCCCGAAAGCCTGTGC-1,1169,10,hg19
GCCCGAAAGCGCTTCG-1,7528,3,hg19
GCCCGAAGTATCGGTT-1,0,66,mm10
GCCGATGAGATGACAT-1,0,72,mm10
GCCGATGAGTGATTCC-1,8886,26,Multiplet
GCCGATGCAAACTCTG-1,1,31,mm10
GCCGATGCAATTCTCT-1,3727,0,hg19
GCCGATGGTCGTGTTA-1,4609,4,hg19
GCCGATGGTCTGGTTA-1,0,50,mm10
GCCGATGTCCACTGGG-1,4104,5,hg19
GCCGTGAGTGAGAGGG-1,0,29,mm10
GCCGTGATCCGTGGTG-1,808,4,hg19
GCCTGTTAGTGCTAGG-1,0,47,mm10
GCCTGTTGTTGAGTCT-1,0,12,mm10
GCGAGAACAGAAGCGT-1,0,88,mm10
GCGAGAAGTATCGCGC-1,1,70,mm10
GCGAGAAGTTGCCTAA-1,0,112,mm10
GCGAGAATCTAACGCA-1,0,69,mm10
GCGATCGAGTAACAGT-1,2857,1,hg19
GCGGAAAGTCGATTCA-1,1,110,mm10
GCGGAAAGTGAAGCTG-1,0,12,mm10
GCGGAAATCTTTACAC-1,0,76,mm10
GCGGATCCAAGACAAT-1,6417,4,hg19
GCGGATCCAAGTGGTG-1,0,55,mm10
GCGGATCCAGCAGACA-1,0,39,mm10
GCGGATCCATTGAAGA-1,0,63,mm10
GCGGATCCATTGAGGG-1,19,19,hg19
GCGGATCTCCTCTCTT-1,0,33,mm10
GCGTGCAAGCATGTTC-1,0,30,mm10
GCGTGCAAGCTGGCCT-1,0,17,mm10
GCGTGCACAGCAGGAT-1,0,15,mm10
GCGTGCACAGTCAGTT-1,4531,5,hg19
GCGTGCACATGCAGGA-1,21,70,mm10
GCGTGCAGTCTCAGGC-1,1,76,mm10
GCGTGCATCAAGAGGC-1,1,77,mm10
GCGTGCATCATGGATC-1,0,28,mm10
GCGTTTCAGACGGTTG-1,0,51,mm10
GCGTTTCGTCCGGACT-1,18,41,mm10
GCGTTTCGTGAGCGAT-1,0,11,mm10
GCTACAACAGGAGGTT-1,0,25,mm10
GCTACAAGTAGTGATA-1,2,70,mm10
GCTACAAGTGGACCTC-1,1,59,mm10
GCTACAAGTGTGTTTG-1,15,15,hg19
GCTACAATCGAAATCC-1,5120,11,hg19
GCTACCTCAACTGCTA-1,3,30,mm10
GCTACCTCACATTGTG-1,8132,5,hg19
GCTACCTGTATCGCTA-1,0,47,mm10
GCTACCTGTATCGTTG-1,0,87,mm10
GCTACCTTCCCTATTA-1,7666,25,Multiplet
GCTACCTTCTTGCAAG-1,0,105,mm10
GCTCAAAAGTTCATCG-1,1,13,mm10
GCTGAATAGTGGATAT-1,1,21,mm10
GCTGAATGTAGACAGC-1,0,25,mm10
GCTGAATGTTCCGCGA-1,0,117,mm10
GCTGCAGCAAATGGCG-1,3493,4,hg19
GCTGGGTAGACCCGCT-1,5453,2,hg19
GCTGGGTAGTCACTAC-1,7870,6,hg19
GCTGGGTCAATAAGGT-1,1,33,mm10
GCTGGGTCAGAGTCAG-1,1478,4,hg19
GCTGGGTGTACCCGAC-1,0,96,mm10
GCTGGGTGTTCTTAGG-1,3162,0,hg19
GCTGGGTTCACGGACC-1,1,11,mm10
GCTGGGTTCACTCGAA-1,8747,9,hg19
GCTTCACAGCTGAGCA-1,0,11,mm10
GCTTCACGTACGAAAT-1,0,34,mm10
GCTTCACGTGAGCGAT-1,4252,1,hg19
GCTTCACTCCACAAGT-1,1,27,mm10
GCTTCACTCTACGGGC-1,0,22,mm10
GCTTCACTCTATCGCC-1,1,67,mm10
GCTTGGGAGATGGTAT-1,0,27,mm10
GCTTGGGAGTCCGCCA-1,0,81,mm10
GCTTGGGCACATGAAA-1,7494,6,hg19
GCTTGGGGTAGCTTAC-1,7036,5,hg19
GCTTGGGGTCGATTAC-1,5687,5,hg19
GCTTGGGTCCTGGCTT-1,1,95,mm10
GCTTTCGCACTGGCCA-1,1,51,mm10
GCTTTCGCATTCGATG-1,4874,2,hg19
GCTTTCGGTATGTCTG-1,0,18,mm10
GCTTTCGGTCAAGTTC-1,0,57,mm10
GCTTTCGGTGTGTCGC-1,0,171,mm10
GCTTTCGGTTAAGTCC-1,25,82,mm10
GCTTTCGTCATAAGGA-1,0,48,mm10
GCTTTCGTCTCCGAGG-1,1,64,mm10
GGAACCCCACACAGCC-1,488,16,hg19
GGAACCCCATATCTGG-1,0,43,mm10
GGAACCCGTAACTAAG-1,3002,0,hg19
GGAACCCTCCTAGCGG-1,0,45,mm10
GGAACCCTCGACATCA-1,0,62,mm10
GGAAGTGAGATGATTG-1,7159,2,hg19
GGAAGTGCAATGAACA-1,5236,5,hg19
GGAAGTGCACTCTGCT-1,4545,1,hg19
GGAAGTGCATCATTGG-1,1,59,mm10
GGAAGTGGTTTAGAGA-1,0,98,mm10
GGAAGTGTCCTTCTTC-1,8718,6,hg19
GGAATCTAGTGCCAGA-1,0,33,mm10
GGAATCTCAGCGTATT-1,0,22,mm10
GGAATCTCAGGTCAAG-1,4371,3,hg19
GGAATCTCAGTGCCTG-1,1,11,mm10
GGAATCTGTGCTATTG-1,875,3,hg19
GGAATCTTCTGCCTGT-1,1,97,mm10
GGAATGGAGCACCGAA-1,1,43,mm10
GGAATGGCAGCGAGTA-1,0,75,mm10
GGACGTCAGATTCGAA-1,0,33,mm10
GGACGTCCAGCGATTT-1,7190,8,hg19
GGAGAACAGTGGCCTC-1,4235,2,hg19
GGAGAACCAGCTACAT-1,0,15,mm10
GGAGATGAGCTAGTTC-1,8685,4,hg19
GGAGATGAGTTCTACG-1,0,14,mm10
GGAGATGGTCATGACT-1,0,18,mm10
GGAGATGGTGGACCTC-1,0,40,mm10
GGAGATGGTTCCTAGA-1,0,28,mm10
GGAGATGGTTTCGTAG-1,0,40,mm10
GGAGATGTCTCCTGCA-1,6990,6,hg19
GGAGCAAAGCTGAGTG-1,3287,2,hg19
GGAGCAAAGGTCCAGA-1,2,34,mm10
GGAGCAAAGTCTTCCC-1,1,77,mm10
GGAGCAACACAAATGA-1,1,60,mm10
GGAGCAACATATGAAG-1,0,72,mm10
GGAGCAATCGGTAGAG-1,1,26,mm10
GGAGGATCAAATGATG-1,875,0,hg19
GGAGGATCATGTTTGG-1,1944,1,hg19
GGAGGATGTAAGTTGA-1,0,52,mm10
GGAGGATGTGCATTTG-1,0,48,mm10
GGAGGATTCCACTTCG-1,0,18,mm10
GGAGGTAAGACATATG-1,4594,1,hg19
GGAGGTACAAATCAGA-1,1999,2,hg19
GGAGGTACAGCTGTTA-1,0,62,mm10
GGAGGTAGTTAAGACA-1,0,48,mm10
GGAGGTATCTTCGTAT-1,5534,3,hg19
GGAGGTATCTTTGCAT-1,3899,5,hg19
GGATCTAAGTAAAGCT-1,0,78,mm10
GGATCTAAGTCGCCAC-1,4125,3,hg19
GGATCTAGTAATGTGA-1,1,31,mm10
GGATCTATCGGTCTGG-1,0,50,mm10
GGATGTTAGGCCCGTT-1,0,62,mm10
GGATGTTAGGCTTTCA-1,5552,13,hg19
GGATGTTCAGTCTACA-1,0,16,mm10
GGATGTTCATGTTTGG-1,1,24,mm10
GGATGTTGTCCCGCAA-1,0,37,mm10
GGCACGTAGTGATTCC-1,6212,16,Multiplet
GGCACGTCAGCACGAA-1,4037,2,hg19
GGCACGTGTATGAAAC-1,0,59,mm10
GGCACGTGTATTGCCA-1,0,15,mm10
GGCACGTGTCCACTCT-1,1,89,mm10
GGCAGTCAGCCAAGCA-1,0,63,mm10
GGCAGTCAGTTAACGA-1,1,53,mm10
GGCAGTCCAAGCCTGC-1,0,105,mm10
GGCAGTCCAATACGAA-1,0,36,mm10
GGCAGTCCACTACCGG-1,0,19,mm10
GGCAGTCCACTTCATT-1,0,32,mm10
GGCAGTCTCTTACACT-1,0,12,mm10
GGCGTCACATAATGAG-1,0,42,mm10
GGCTGTGAGAAGCCAC-1,0,36,mm10
GGCTGTGAGTCATCGT-1,1,29,mm10
GGCTGTGGTCTTCATT-1,0,46,mm10
GGCTGTGTCACTCACC-1,1,38,mm10
GGCTTGGAGGGTTAGC-1,0,88,mm10
GGCTTGGAGTTTGGCT-1,0,19,mm10
GGCTTGGCAAGAATAC-1,0,204,mm10
GGCTTGGGTCTTGCTC-1,1,78,mm10
GGCTTGGTCTGGCCGA-1,1,55,mm10
GGCTTTCAGAATCGAT-1,0,19,mm10
GGCTTTCCAAGACGGT-1,5594,6,hg19
GGGAAGTCAATAGGAT-1,1641,2,hg19
GGGAAGTGTCAGTTTG-1,7069,5,hg19
GGGAAGTGTCTACAAC-1,5569,15,Multiplet
GGGAAGTTCCTAGAGT-1,0,70,mm10
GGGACAAGTAGTTACC-1,7709,5,hg19
GGGACTCAGTGAGGCT-1,21,14,hg19
GGGACTCCAAATACGA-1,6582,11,hg19
GGGACTCCAAGAGTAT-1,4742,30,Multiplet
GGGACTCGTATACCCA-1,0,35,mm10
GGGACTCGTTTGTTCT-1,0,19,mm10
GGGACTCTCGTAGTGT-1,0,33,mm10
GGGACTCTCGTCGCTT-1,14,26,mm10
GGGAGATAGTTTCGGT-1,6381,6,hg19
GGGAGATGTGACACGA-1,2915,2,hg19
GGGAGATTCCACACCT-1,5041,9,hg19
GGGAGTATCTCTGCCA-1,0,43,mm10
GGGATCCAGGACGCAT-1,0,30,mm10
GGGATCCAGGTGCCTC-1,1,50,mm10
GGGATCCCAAGAGATT-1,0,45,mm10
GGGATCCCAGACAAAT-1,3270,2,hg19
GGGATGAAGGTCCCTG-1,1,33,mm10
GGGATGAAGTCCCAAT-1,2199,7,hg19
GGGATGACAACTTGGT-1,0,36,mm10
GGGATGATCAGGAAAT-1,0,12,mm10
GGGATGATCTCTCTTC-1,1,85,mm10
GGGCCATGTGGAACAC-1,0,12,mm10
GGGCCATGTTATGACC-1,1,54,mm10
GGGCCATTCACCATAG-1,0,24,mm10
GGGCCATTCACTGTCC-1,3,28,mm10
GGGCGTTAGCTAATGA-1,7670,5,hg19
GGGCGTTGTAATTAGG-1,0,46,mm10
GGGCGTTTCACCTGGG-1,7413,12,hg19
GGGCGTTTCATAGAGA-1,3114,1,hg19
GGGCTACGTGGTCTTA-1,0,66,mm10
GGGCTACGTTCGGTTA-1,6248,10,hg19
GGGCTACTCATTCATC-1,0,31,mm10
GGGCTCAAGGAGACCT-1,24,63,mm10
GGGCTCAAGGGCTTCC-1,0,50,mm10
GGGTAGAAGGAGTACC-1,0,11,mm10
GGGTAGACAACACAAA-1,7156,3,hg19
GGGTAGACACACGTGC-1,0,61,mm10
GGGTAGACACGACGCT-1,0,97,mm10
GGGTAGAGTGACTCTA-1,1,62,mm10
GGGTAGAGTGACTGTT-1,0,33,mm10
GGGTAGAGTTGACTAC-1,1,66,mm10
GGGTAGATCACCACAA-1,2,54,mm10
GGGTAGATCTTACCGC-1,573,2,hg19
GGGTAGATCTTGCGCT-1,0,51,mm10
GGGTATTAGTTGCGAG-1,1069,9,hg19
GGGTATTGTGAACCGA-1,1,45,mm10
GGGTCACAGCGACATG-1,0,31,mm10
GGGTCACAGTACTCGT-1,0,66,mm10
GGGTCACCATGATGCT-1,0,92,mm10
GGGTCTGAGAAGCCTG-1,6443,6,hg19
GGGTCTGAGCTCGAAG-1,0,44,mm10
GGGTCTGAGCTCTTCC-1,2,63,mm10
GGGTCTGAGTGTAGAT-1,1,68,mm10
GGGTCTGCAACGGTAG-1,6241,4,hg19
GGGTCTGCAAGTCCCG-1,0,14,mm10
GGGTCTGTCAACTGGT-1,1,52,mm10
GGGTGAAAGATAACAC-1,2,71,mm10
GGGTGAAAGCATGATA-1,5741,4,hg19
GGGTGAAGTAACACCT-1,0,25,mm10
GGGTGAAGTCACTAGT-1,1,52,mm10
GGGTGAAGTTTAGAGA-1,7340,4,hg19
GGGTGTCAGAGCAGAA-1,1,38,mm10
GGGTGTCCAATGTGGG-1,0,32,mm10
GGGTGTCGTGCACATT-1,0,21,mm10
GGGTGTCGTTATTCCT-1,6736,4,hg19
GGGTGTCTCCAACACA-1,4802,3,hg19
GGGTGTCTCTAAGAAG-1,4447,2,hg19
GGGTGTCTCTCGGTAA-1,0,17,mm10
GGGTTATAGTTCCGGC-1,0,56,mm10
GGGTTATCATGGCTGC-1,19,85,mm10
GGGTTTAAGAACTTCC-1,7455,21,Multiplet
GGGTTTAAGAATTGCA-1,1009,2,hg19
GGGTTTAAGTTACGGG-1,0,17,mm10
GGGTTTACACGAGGTA-1,0,12,mm10
GGGTTTACACGGTGTC-1,9111,1,hg19
GGGTTTACAGGAAGTC-1,0,18,mm10
GGGTTTAGTATGTCTG-1,11596,33,Multiplet
GGGTTTAGTGCCTAAT-1,17,11,hg19
GGGTTTAGTTTGCAGT-1,955,7,hg19
GGTAACTCAACACACT-1,0,17,mm10
GGTAACTGTACCTAGT-1,0,19,mm10
GGTAACTGTGCCCTTT-1,6158,3,hg19
GGTAACTGTTTCGTAG-1,879,1,hg19
GGTAACTTCACGGGCT-1,0,20,mm10
GGTAACTTCCCTCGTA-1,0,30,mm10
GGTAACTTCTCAACGA-1,0,19,mm10
GGTAACTTCTGGCTGG-1,43,24387,mm10
GGTAACTTCTGGTTGG-1,1,226,mm10
GGTAATCCACAAGCCC-1,3,47,mm10
GGTAATCCAGATGCGA-1,0,50,mm10
GGTAATCGTTCTCGCT-1,0,24,mm10
GGTAATCGTTGTCATG-1,0,31,mm10
GGTAATCTCCGTACGG-1,0,77,mm10
GGTAATCTCGACTCCT-1,2,14,mm10
GGTAATCTCGCATGAT-1,1,58,mm10
GGTAGAGAGACCCGCT-1,0,38,mm10
GGTAGAGAGACCGTTT-1,0,26,mm10
GGTAGAGAGCATCAGG-1,6788,5,hg19
GGTAGAGAGGCACTCC-1,0,19,mm10
GGTAGAGCACCTGCAG-1,1,12,mm10
GGTAGAGCATCAGCAT-1,1,51,mm10
GGTAGAGCATCGCCTT-1,0,14,mm10
GGTAGAGGTCCAGCGT-1,1,42,mm10
GGTAGAGGTTCAGTAC-1,1,63,mm10
GGTCACGAGAGCCTGA-1,0,24,mm10
GGTCACGAGAGTGTTA-1,0,12,mm10
GGTCACGCACAGAAGC-1,0,21,mm10
GGTCACGCACTCTAGA-1,0,58,mm10
GGTCACGGTCCCTGTT-1,5112,4,hg19
GGTCACGTCAGTGGGA-1,0,45,mm10
GGTCACGTCCGGTAGC-1,0,43,mm10
GGTCTGGAGAGGTTTA-1,4973,3,hg19
GGTCTGGAGCTCAGAG-1,2,62,mm10
GGTCTGGAGTAGACAT-1,5300,2,hg19
GGTCTGGGTCCAGGTC-1,0,48,mm10
GGTCTGGGTGAATATG-1,1,31,mm10
GGTCTGGGTTCTTGCC-1,4214,9,hg19
GGTCTGGGTTGTTGTG-1,7035,2,hg19
GGTCTGGGTTGTTTGG-1,4298,5,hg19
GGTCTGGTCACATACG-1,0,82,mm10
GGTCTGGTCACTACTT-1,1,31,mm10
GGTCTGGTCAGGAAAT-1,5504,10,hg19
GGTGAAGCAACCACGC-1,5802,14,Multiplet
GGTGATTAGAGGACTC-1,10316,15,Multiplet
GGTGATTAGGGATCAC-1,0,77,mm10
GGTGATTAGTCATGCT-1,0,53,mm10
GGTGATTGTGTGATGG-1,0,32,mm10
GGTGATTTCAAACCTG-1,7854,1,hg19
GGTGATTTCCCTTGTG-1,0,26,mm10
GGTGGCTCAGCGCTTG-1,0,60,mm10
GGTGGCTGTCTACACA-1,18,34,mm10
GGTGGCTTCTAGTGAC-1,0,17,mm10
GGTGTCGGTACGAAAT-1,0,71,mm10
GGTGTCGTCTGAGGTT-1,6320,2,hg19
GGTGTTAAGAACCCGA-1,1,12,mm10
GGTGTTACATTCTGTT-1,742,1,hg19
GGTGTTATCGACATCA-1,0,46,mm10
GGTGTTATCGCTCATC-1,4288,8,hg19
GGTTAACAGGTTGCCC-1,3,48,mm10
GGTTAACTCTTAGCTT-1,0,51,mm10
GGTTAACTCTTTCCAA-1,0,33,mm10
GGTTCTCAGCAAATGT-1,0,46,mm10
GGTTCTCGTTAAACAG-1,24,41,mm10
GGTTCTCTCAAGATAG-1,5258,9,hg19
GGTTGTAAGACTAAGT-1,0,12,mm10
GGTTGTACAGAGCTAG-1,0,30,mm10
GGTTGTACAGCTGGTC-1,7861,20,Multiplet
GGTTGTAGTCACTGAT-1,15064,128,Multiplet
GGTTGTAGTCCGATCG-1,7089,2,hg19
GGTTGTAGTGAAGCTG-1,1,63,mm10
GGTTGTATCGGCCAAC-1,0,14,mm10
GGTTGTATCTGTCGCT-1,6339,2,hg19
GTAACACAGAAGTCCG-1,1,67,mm10
GTAACACAGTCGGCAA-1,1,26,mm10
GTAACACAGTTCATCG-1,1,101,mm10
GTAACACTCGTGGGAA-1,0,21,mm10
GTAACCACAGATCCTA-1,0,116,mm10
GTAACCAGTCCAAAGG-1,0,165,mm10
GTAACCATCGCCACTT-1,0,30,mm10
GTAACCATCGTTGCCT-1,0,73,mm10
GTAAGTCCACGCTTAA-1,0,19,mm10
GTAAGTCTCAGCTTGA-1,1,70,mm10
GTAAGTCTCCAATCCC-1,0,69,mm10
GTAAGTCTCTGGAGAG-1,2717,2,hg19
GTAATCGAGGTACCTT-1,25,802,mm10
GTAATCGCAATTGCTG-1,0,13,mm10
GTAATCGTCGACCTAA-1,1,74,mm10
GTAATGCAGCTCGTGC-1,0,33,mm10
GTAATGCAGGATTACA-1,4915,2,hg19
GTAATGCGTAGTTCCA-1,4489,3,hg19
GTAATGCGTGGAAGTC-1,0,39,mm10
GTAATGCGTTGCTTGA-1,1247,4,hg19
GTACAACAGACTTCCA-1,0,28,mm10
GTACAACAGGACTGGT-1,15,17,mm10
GTACAACAGTAGCCAG-1,1,17,mm10
GTACAACGTACTAAGA-1,1,17,mm10
GTACAACGTTACCGTA-1,0,42,mm10
GTACAACGTTGGCCGT-1,2,35,mm10
GTACAACTCCGTTGGG-1,1,33,mm10
GTACAACTCGTTGTGA-1,1,31,mm10
GTACAGTCATGTCAGT-1,1,47,mm10
GTACAGTGTAACACCT-1,7763,19,Multiplet
GTACAGTGTCTCTCAC-1,7264,12,hg19
GTAGAAATCGCAAGAG-1,0,20,mm10
GTAGAGGAGGTCCGAA-1,5160,3,hg19
GTAGAGGCACTCCGGA-1,20,72,mm10
GTAGAGGCATCTAGAC-1,14,16,mm10
GTAGAGGTCAAGCTTG-1,17,15,hg19
GTAGATCAGAACAAGG-1,0,25,mm10
GTAGATCGTAGCACAG-1,0,83,mm10
GTAGATCGTTCGTTCC-1,1,78,mm10
GTAGATCTCAAGGCTT-1,4088,3,hg19
GTAGCTAAGTACTGGG-1,0,57,mm10
GTAGCTACAGTCTACA-1,10302,13,hg19
GTAGGAGAGAGAGAAC-1,2,39,mm10
GTAGGAGCATACCATG-1,2017,14,Multiplet
GTAGGAGGTAAGATCA-1,1,35,mm10
GTAGGAGGTTTACACG-1,5055,7,hg19
GTAGGAGTCGCCCAGA-1,0,46,mm10
GTAGGTTAGCAAATGT-1,0,11,mm10
GTAGGTTTCGCCTATC-1,0,57,mm10
GTAGGTTTCTCCGATC-1,0,60,mm10
GTAGTACAGGTTCTTG-1,1,42,mm10
GTAGTACCACGGCGTT-1,1,54,mm10
GTAGTACTCAACGCTA-1,2,44,mm10
GTATTGGAGGCACGAT-1,0,73,mm10
GTATTGGCACTAGGCC-1,0,21,mm10
GTATTGGCAGGAGGTT-1,2655,2,hg19
GTATTGGCATCTCGTC-1,8162,3,hg19
GTATTGGCATTGTGCA-1,0,29,mm10
GTATTGGGTATTGACC-1,0,25,mm10
GTATTGGGTGTAAACA-1,0,39,mm10
GTATTGGGTTCGGCGT-1,1,33,mm10
GTATTTCAGAAGAGCA-1,0,45,mm10
GTATTTCCAAGCAGGT-1,5731,13,hg19
GTATTTCTCACACGAT-1,625,3,hg19
GTCAAACCAACCAACT-1,1,12,mm10
GTCAAGTAGCCTGTCG-1,1,39,mm10
GTCAAGTCATTGTGCA-1,912,1,hg19
GTCACGGAGACTTGTC-1,4658,4,hg19
GTCACGGAGTTAACGA-1,1,31,mm10
GTCACGGGTAGAGATT-1,1,26,mm10
GTCACGGGTAGCGATG-1,1576,3,hg19
GTCACGGGTGGATACG-1,0,44,mm10
GTCACGGTCTAGCCTC-1,15056,11,hg19
GTCACTCAGCACACAG-1,5912,10,hg19
GTCACTCCACTTGAAC-1,5941,8,hg19
GTCACTCCAGGTATGG-1,2,34,mm10
GTCACTCCATTCACCC-1,0,12,mm10
GTCACTCGTCCCTCAT-1,0,45,mm10
GTCACTCTCAGACCTA-1,0,11,mm10
GTCACTCTCCATTGGA-1,2704,9,hg19
GTCAGCGAGTTCCAGT-1,0,74,mm10
GTCAGCGCAAGTGACG-1,34,383,mm10
GTCAGCGCACGTCATA-1,0,57,mm10
GTCAGCGGTCGTGCCA-1,1,35,mm10
GTCAGCGGTCTGATAC-1,0,86,mm10
GTCAGCGGTGCAAGAC-1,4146,5,hg19
GTCAGCGTCCGTACGG-1,0,13,mm10
GTCAGCGTCGGTCTAA-1,0,16,mm10
GTCATCCAGACGCCCT-1,2495,9,hg19
GTCATCCAGCATCAAA-1,0,27,mm10
GTCATCCCAATAGAGT-1,8618,7,hg19
GTCATCCCAGCAGATG-1,0,27,mm10
GTCATCCGTAGACACG-1,0,36,mm10
GTCATGAAGCGCCTTG-1,0,29,mm10
GTCATGAGTAACTTCG-1,9485,11,hg19
GTCATGATCCGTTGAA-1,16,21,mm10
GTCATTTAGTAAGACT-1,0,18,mm10
GTCATTTCACGGCCAT-1,16254,26,Multiplet
GTCATTTGTGCTCTCT-1,1,91,mm10
GTCATTTGTTCCGTTC-1,3,28,mm10
GTCATTTGTTCTCCCA-1,4097,17,Multiplet
GTCATTTTCCCGGTAG-1,0,30,mm10
GTCCACTCAAGGTCTT-1,2,57,mm10
GTCCACTGTTCGGTTA-1,4,106,mm10
GTCCACTTCTTCCCGA-1,1529,5,hg19
GTCCCATAGAGATTCA-1,0,25,mm10
GTCCCATAGAGCCTGA-1,7806,7,hg19
GTCCCATAGGATTTGA-1,0,55,mm10
GTCCCATGTAAGGTCG-1,0,78,mm10
GTCCCATGTGGTTTAC-1,24,888,mm10
GTCCCATGTGTGAGCA-1,8519,0,hg19
GTCCCATTCATTGAGC-1,0,15,mm10
GTCCTCAAGGGATCGT-1,2024,2,hg19
GTCCTCACATGGAATA-1,0,24,mm10
GTCCTCAGTAGAGTTA-1,5066,6,hg19
GTCCTCAGTCCATCTC-1,0,11,mm10
GTCCTCAGTGCCCACA-1,0,49,mm10
GTCGAATAGCCATTGT-1,0,39,mm10
GTCGAATAGGCAGTCA-1,0,43,mm10
GTCGAATCACAAAGTA-1,0,48,mm10
GTCGAATGTAAGGCCA-1,0,51,mm10
GTCGAATGTAAGTCAA-1,0,18,mm10
GTCGAATTCACACCGG-1,4397,10,hg19
GTCGTAAAGGATGAGA-1,5652,1,hg19
GTCGTAACACCAGCCA-1,0,21,mm10
GTCGTAATCGGTGCAC-1,1,66,mm10
GTCGTTCAGAGAGTGA-1,1,63,mm10
GTCGTTCAGTGCCAGA-1,0,44,mm10
GTCGTTCCAGCCATTA-1,0,57,mm10
GTCGTTCTCCATTGGA-1,0,52,mm10
GTCTACCGTCACCGAC-1,1,24,mm10
GTCTACCGTTTACGTG-1,0,25,mm10
GTCTACCTCTGTGCAA-1,0,11,mm10
GTCTAGACAATTCTTC-1,0,50,mm10
GTCTAGACATTGAAAG-1,0,14,mm10
GTCTAGAGTACAGCGA-1,0,21,mm10
GTCTAGAGTGCCTATA-1,2,57,mm10
GTCTAGATCCAACACA-1,2,39,mm10
GTCTAGATCGGCAGTC-1,0,32,mm10
GTCTAGATCGTGCATA-1,6903,20,Multiplet
GTCTCACAGCAGTCTT-1,2,64,mm10
GTCTCACCACGTAACT-1,3483,6,hg19
GTCTGTCAGAAGGATG-1,0,53,mm10
GTCTGTCAGAGTGAAG-1,4857,4,hg19
GTCTGTCCATAGGTAA-1,5844,24,Multiplet
GTCTGTCGTCAAGCCC-1,4,40,mm10
GTCTGTCTCCTCCACA-1,0,38,mm10
GTCTTTACATGGGCAA-1,5457,2,hg19
GTGACGCAGTGGCCTC-1,2,24,mm10
GTGACGCTCGGAAGGT-1,0,34,mm10
GTGAGCCCAAGATGGC-1,1,53,mm10
GTGAGCCCATAGGAGC-1,2,26,mm10
GTGAGCCGTCTCCCTA-1,3626,9,hg19
GTGAGGACATCCTTGC-1,5243,3,hg19
GTGAGGAGTGGTAACG-1,0,52,mm10
GTGAGGATCGTACACA-1,0,58,mm10
GTGAGTTGTCGAGTTT-1,6050,9,hg19
GTGAGTTTCATGGTAC-1,1,51,mm10
GTGAGTTTCCTAACAG-1,0,62,mm10
GTGAGTTTCCTTCTTC-1,1,70,mm10
GTGAGTTTCGCTAAAC-1,0,34,mm10
GTGATGTAGGTAGCCA-1,0,96,mm10
GTGATGTGTCGTCAGC-1,0,66,mm10
GTGATGTTCGGCCAAC-1,7661,15,Multiplet
GTGCACGAGGCGAACT-1,1,40,mm10
GTGCACGCAATTGCTG-1,9517,13,hg19
GTGCACGCATCGCTAA-1,38,11,hg19
GTGCACGGTTGGCCGT-1,65,4631,mm10
GTGCACGTCGAGAAAT-1,0,54,mm10
GTGCAGCAGCAAGTCG-1,0,24,mm10
GTGCAGCGTATACCTG-1,1,81,mm10
GTGCAGCGTTACGATC-1,0,48,mm10
GTGCAGCTCGATTGAC-1,0,53,mm10
GTGCGTGAGCTTGTTG-1,0,54,mm10
GTGCGTGCAAAGGCGT-1,1,47,mm10
GTGCGTGCAACTCCCT-1,0,29,mm10
GTGCGTGCAGGCGTTC-1,13333,8,hg19
GTGCGTGGTCAAGTTC-1,0,40,mm10
GTGCGTGTCCTAGCTC-1,0,95,mm10
GTGCTGGAGAGTCACG-1,0,62,mm10
GTGCTGGGTCGTACAT-1,6093,3,hg19
GTGCTGGGTCTCTCCA-1,0,39,mm10
GTGCTGGTCGCATGAT-1,6177,11,hg19
GTGCTGGTCGTTCTAT-1,1,15,mm10
GTGCTTCCAAAGTGTA-1,0,18,mm10
GTGCTTCTCATAGACC-1,5164,8,hg19
GTGCTTCTCTCGCGTT-1,10212,19,Multiplet
GTGGAAGCAAGCACCC-1,8636,37,Multiplet
GTGGAAGCACCCAAGC-1,1,23,mm10
GTGGAAGCATAGGTAA-1,4,37,mm10
GTGGAAGCATTAGGAA-1,7233,3,hg19
GTGGAAGGTCTGTCCT-1,5124,7,hg19
GTGGAAGGTTGCATTG-1,0,37,mm10
GTGGAAGTCGAAATCC-1,1,58,mm10
GTGGAGACACGCGCAT-1,4568,7,hg19
GTGGAGAGTCTTGAGT-1,329,105,hg19
GTGGAGATCCACGAAT-1,0,11,mm10
GTGGAGATCCCGAACG-1,0,27,mm10
GTGGAGATCGAGCCTG-1,0,16,mm10
GTGGCGTAGGTGCTGA-1,1,43,mm10
GTGGCGTCAGAACATA-1,0,42,mm10
GTGGGAAAGGTGCTAG-1,1,43,mm10
GTGGGAACAAGAGGTC-1,0,120,mm10
GTGGGAACACAGAGCA-1,0,95,mm10
GTGGTTAAGTCACTAC-1,8293,13,hg19
GTGGTTACAAATGGAT-1,0,82,mm10
GTGGTTACACGTCATA-1,1,57,mm10
GTGGTTAGTAGACGGT-1,0,89,mm10
GTGGTTAGTGACATCT-1,3514,4,hg19
GTGGTTATCATACGGT-1,0,134,mm10
GTGTAACGTCCGGTCA-1,5186,3,hg19
GTGTCCTGTCAAGGCA-1,7,69,mm10
GTGTCCTGTTCAAGTC-1,6557,1,hg19
GTGTGATCACCGTGGT-1,0,41,mm10
GTGTGATGTCGACTTA-1,1,50,mm10
GTGTGGCCACAGGATG-1,0,91,mm10
GTGTGGCCAGTAGAGC-1,7283,7,hg19
GTGTTAGGTGTTTGCA-1,0,28,mm10
GTGTTCCCAGCCGTTG-1,0,55,mm10
GTGTTCCGTCGTGGTC-1,1,31,mm10
GTTACAGAGAAGTATC-1,0,35,mm10
GTTACAGGTAAGAACT-1,24,19,hg19
GTTACAGGTCTGGTTA-1,0,43,mm10
GTTACAGGTGGAGAAA-1,21086,7,hg19
GTTACAGGTTGCGTAT-1,0,11,mm10
GTTACCCCAGAATCGG-1,7426,0,hg19
GTTACCCGTACACGCC-1,7822,13,hg19
GTTACCCGTGCGTTTA-1,1,72,mm10
GTTACCCTCCACCTGT-1,4394,2,hg19
GTTACGAAGACGCAGT-1,0,21,mm10
GTTACGAGTGTTCGAT-1,1,86,mm10
GTTACGATCGCGCTGA-1,1579,2,hg19
GTTAGACGTGCTGTCG-1,0,67,mm10
GTTAGACTCAGGGATG-1,0,42,mm10
GTTAGTGAGCAGGCAT-1,1,31,mm10
GTTAGTGAGGCATGCA-1,0,74,mm10
GTTAGTGCACAGAGAC-1,1200,4,hg19
GTTAGTGCATGACAGG-1,7382,6,hg19
GTTAGTGGTAACACGG-1,0,23,mm10
GTTAGTGGTCTGTAAC-1,2,37,mm10
GTTAGTGTCGTTGTAG-1,0,47,mm10
GTTATGGAGATGGCAC-1,1,37,mm10
GTTATGGAGCGTATGG-1,2,29,mm10
GTTATGGAGGTGCCAA-1,9074,12,hg19
GTTATGGAGTTTCGGT-1,0,48,mm10
GTTATGGCAGAGGTAC-1,1,39,mm10
GTTATGGGTACGTAGG-1,1686,4,hg19
GTTATGGGTGCCTTTC-1,2346,4,hg19
GTTATGGGTGGCATCC-1,1458,0,hg19
GTTATGGTCCTCTCTT-1,3970,3,hg19
GTTCATTCAGCTGTCG-1,0,105,mm10
GTTCATTCATTCTGTT-1,0,56,mm10
GTTCATTTCGAGGCAA-1,0,85,mm10
GTTCCGTGTAGTCCTA-1,873,1,hg19
GTTCCGTGTCGGTGAA-1,4606,1,hg19
GTTCCGTGTGTATTGC-1,0,15,mm10
GTTCCGTGTTACGCCG-1,0,29,mm10
GTTCCGTTCAGTGATC-1,1,74,mm10
GTTCCGTTCCGTGGCA-1,0,34,mm10
GTTCCGTTCGACATCA-1,0,11,mm10
GTTCGCTAGTCTACCA-1,0,51,mm10
GTTCGCTCAACAGCTT-1,1353,4,hg19
GTTCGCTTCAGGCGAA-1,0,36,mm10
GTTCGCTTCCATGAGT-1,2,16,mm10
GTTCGCTTCTAGCCTC-1,2,48,mm10
GTTCGCTTCTTTGATC-1,0,65,mm10
GTTCTATAGCTTGTGT-1,1,54,mm10
GTTCTATAGTCACAGG-1,0,48,mm10
GTTCTATCAGCCGTCA-1,0,68,mm10
GTTCTATCATAGACTC-1,0,20,mm10
GTTCTATTCCATCTAT-1,2,36,mm10
GTTGAACCATGACTAC-1,1,20,mm10
GTTGAACCATGCCGGT-1,8,168,mm10
GTTGAACTCTCACTCG-1,1,37,mm10
GTTGCGGAGTCTTCGA-1,8080,0,hg19
GTTGCGGAGTGAGCCA-1,0,57,mm10
GTTGCGGCAACACTAC-1,0,50,mm10
GTTGCGGGTGATCATC-1,0,18,mm10
GTTGCGGGTTTGGAAA-1,0,24,mm10
GTTGCTCAGAGTTGAT-1,1016,3,hg19
GTTGCTCAGTATGAGT-1,6500,12,hg19
GTTGCTCGTAACCCTA-1,7279,3,hg19
GTTGCTCGTTGCGGCT-1,1,58,mm10
GTTGCTCTCTACTGCC-1,1,120,mm10
GTTGTAGAGTCGCTAT-1,0,37,mm10
GTTGTAGTCCAATCCC-1,0,14,mm10
GTTGTCCAGAACCGCA-1,0,18,mm10
GTTGTCCAGCACACAG-1,0,11,mm10
GTTGTCCGTATCGTGT-1,7484,2,hg19
GTTGTCCGTTGTTGCA-1,7425,5,hg19
GTTGTCCTCTCTTCAA-1,2,63,mm10
GTTGTCCTCTGGTCAA-1,18,12,hg19
GTTGTGAAGCAAACAT-1,0,37,mm10
GTTGTGAGTGAGATTA-1,0,68,mm10
GTTTACTAGACTAGAT-1,0,71,mm10
GTTTACTCACCAGCCA-1,0,21,mm10
GTTTACTGTCGGATTT-1,2,12,mm10
GTTTACTTCCCTGTTG-1,0,72,mm10
GTTTGGAAGCCATTTG-1,1,23,mm10
GTTTGGAAGCGACATG-1,2,98,mm10
GTTTGGACAAATGAGT-1,2,53,mm10
GTTTGGACAACGTTAC-1,0,14,mm10
GTTTGGATCAATCTTC-1,3278,3,hg19
TAACACGAGCTTACGT-1,0,22,mm10
TAACACGAGGTTCACT-1,3742,4,hg19
TAACACGAGTGTACCT-1,0,28,mm10
TAACACGCAGTCTACA-1,2,87,mm10
TAACACGGTAGGGTAC-1,2,43,mm10
TAACACGTCGCGCTGA-1,0,64,mm10
TAACACGTCTGCCTGT-1,4375,8,hg19
TAACACGTCTGTAAGC-1,0,51,mm10
TAACCAGCAGTGGTGA-1,612,5,hg19
TAACCAGGTCACCGCA-1,8915,11,hg19
TAACCAGGTGCGTGCT-1,10,36,mm10
TAACCAGTCCGTGGTG-1,1,27,mm10
TAACCAGTCGCCGTGA-1,1918,3,hg19
TAACGACAGCCTTCTC-1,8303,8,hg19
TAACGACCACGACGTC-1,0,47,mm10
TAACGACCAGCTACCG-1,4742,7,hg19
TAACGACCATGGCCAC-1,0,45,mm10
TAACTTCAGTCTTGGT-1,6356,3,hg19
TAACTTCAGTTGCCCG-1,29,16,hg19
TAACTTCCAGCTCCTT-1,2,16,mm10
TAACTTCGTCAAAGCG-1,7540,12,hg19
TAACTTCTCGACCTAA-1,1,189,mm10
TAAGCACGTGGCTTAT-1,1,62,mm10
TAAGCACTCGAGAAGC-1,20830,17,Multiplet
TAAGCCAAGAACGTGC-1,8303,13,hg19
TAAGCCATCTGAGATC-1,0,46,mm10
TAAGCGTTCTACGCGG-1,0,14,mm10
TAAGTCGAGTATGAAC-1,2,75,mm10
TAAGTCGCAGAAGTGC-1,6262,7,hg19
TAAGTCGCAGAGGACT-1,0,38,mm10
TAAGTCGGTCAGACTT-1,12991,12,hg19
TAAGTCGTCACCGCTT-1,0,11,mm10
TAATCTCAGCATTTGC-1,0,20,mm10
TAATCTCGTACACTCA-1,1,26,mm10
TAATCTCGTACGATGG-1,0,37,mm10
TAATCTCGTTGCAACT-1,0,19,mm10
TAATCTCTCAACGTGT-1,0,19,mm10
TACAACGAGGCGTCCT-1,5041,1,hg19
TACAACGCACATTCGA-1,44,54,mm10
TACAACGGTTCTCTAT-1,1,34,mm10
TACAACGTCGCCACTT-1,0,31,mm10
TACACCCAGGGTCAAC-1,6,69,mm10
TACACCCAGGTGCATG-1,5908,8,hg19
TACACCCCAAATGGAT-1,0,76,mm10
TACACCCGTGCCTTCT-1,0,11,mm10
TACACCCGTGGCTGCT-1,0,34,mm10
TACACCCTCAAGCCGC-1,1,45,mm10
TACAGGTAGGTTTACC-1,1,83,mm10
TACAGGTCAAAGGGCT-1,1,12,mm10
TACAGGTCACCTCGTT-1,1,59,mm10
TACAGGTCATTGACCA-1,0,14,mm10
TACAGGTGTCCAAGAG-1,1,75,mm10
TACAGGTTCATGGCCG-1,5,42,mm10
TACATTCAGCACCCAC-1,1,74,mm10
TACATTCAGGTTGAGC-1,0,50,mm10
TACATTCAGTCATACC-1,0,82,mm10
TACATTCAGTGTACAA-1,0,67,mm10
TACATTCGTCTTCGAA-1,37,11,hg19
TACATTCGTTATGGTC-1,1,105,mm10
TACATTCTCGGTCGAC-1,0,56,mm10
TACCCACCATGGAATA-1,0,57,mm10
TACCCACGTGATATAG-1,0,24,mm10
TACCCACTCACCTTGC-1,0,13,mm10
TACCCACTCGAGCTGC-1,5834,15,Multiplet
TACCCGTAGAACCCGA-1,0,52,mm10
TACCCGTGTGAACGGT-1,6402,11,hg19
TACCCGTTCAGAATAG-1,1,17,mm10
TACCCGTTCAGTCTTT-1,0,30,mm10
TACCGAAAGTAGTGCG-1,0,23,mm10
TACCGAAAGTCTGTAC-1,0,23,mm10
TACCGAAGTCAGTCGC-1,0,17,mm10
TACCGAATCACTAGCA-1,1,69,mm10
TACCGAATCCAGTGCG-1,21,12,hg19
TACCGGGTCCGCACTT-1,6931,62,Multiplet
TACCGGGTCGTTGCCT-1,0,37,mm10
TACCTCGAGCTATCCA-1,9647,8,hg19
TACCTCGGTGAGACGT-1,1,47,mm10
TACCTCGTCAAAGACA-1,0,43,mm10
TACCTCGTCAGAACCT-1,2,20,mm10
TACCTCGTCCCGAGAC-1,5642,4,hg19
TACCTGCAGCTTGTTG-1,1,47,mm10
TACCTGCCACCAAATC-1,3,79,mm10
TACCTGCCATCTTTCA-1,6944,4,hg19
TACCTGCGTATACGGG-1,6354,15,Multiplet
TACCTGCGTGTTGACT-1,0,35,mm10
TACCTGCGTTTGATCG-1,10134,10,hg19
TACCTGCTCCATATGG-1,0,15,mm10
TACCTGCTCCTAAACG-1,1,59,mm10
TACGCTCAGAGTTGTA-1,0,84,mm10
TACGCTCCACACACTA-1,4,113,mm10
TACGCTCGTCCGGACT-1,0,63,mm10
TACGCTCTCTGAGGCC-1,7085,22,Multiplet
TACGGGCAGGTTGACG-1,5643,13,hg19
TACGGGCAGTGGATAT-1,7009,3,hg19
TACGGGCAGTTCCTGA-1,2,11,mm10
TACGGGCCACGATTCA-1,4281,4,hg19
TACGGGCCAGCCGTCA-1,0,80,mm10
TACGGGCGTGGGATTG-1,0,12,mm10
TACGGGCTCTCAACCC-1,0,17,mm10
TACGGTACACCCTAGG-1,5317,3,hg19
TACGGTACAGCCGTTG-1,1,11,mm10
TACGGTATCACCCTGT-1,0,44,mm10
TACGGTATCTACCTTA-1,1,37,mm10
TACTGCCTCAAACCCA-1,0,16,mm10
TACTGCCTCGGAAGGT-1,1,34,mm10
TACTTACAGAGAGCCT-1,0,27,mm10
TACTTACAGCGAGGAG-1,0,54,mm10
TACTTACCAGTAGATA-1,27,223,mm10
TACTTACCATGAAGCG-1,9585,15,Multiplet
TACTTACGTCATCGGC-1,1,13,mm10
TACTTACGTGACAGCA-1,2,14,mm10
TACTTACTCAGACCTA-1,7830,5,hg19
TACTTACTCATGGTAC-1,1097,5,hg19
TACTTACTCTATACGG-1,0,12,mm10
TACTTCAAGGAGATAG-1,0,40,mm10
TACTTCAGTATCGCTA-1,1,47,mm10
TACTTCAGTCCTGAAT-1,0,91,mm10
TACTTCAGTGCCCTTT-1,1,22,mm10
TACTTGTTCACGTAGT-1,2,27,mm10
TAGACCATCGTCAACA-1,4,27,mm10
TAGACTGAGCGACATG-1,0,95,mm10
TAGACTGGTCACTGAT-1,4663,23,Multiplet
TAGACTGGTCAGCGTC-1,3419,10,hg19
TAGACTGTCAAGTTGC-1,0,30,mm10
TAGAGTCAGACAACTA-1,0,72,mm10
TAGAGTCGTCTCACAA-1,0,50,mm10
TAGAGTCGTGGAAGTC-1,11411,2,hg19
TAGATCGAGGTCTGGA-1,1,36,mm10
TAGATCGAGTGACACG-1,1,25,mm10
TAGATCGCAAGAGGTC-1,0,11,mm10
TAGATCGCACGGGTAA-1,2,48,mm10
TAGATCGTCCCGAAAT-1,2693,2,hg19
TAGATCGTCGAGTTGT-1,0,27,mm10
TAGCACAAGAGTCCGA-1,2,92,mm10
TAGCACAGTTCAGCTA-1,1,25,mm10
TAGCACATCTAGCAAC-1,0,13,mm10
TAGGAGGCACAATCTG-1,2068,5,hg19
TAGGAGGCACATATCG-1,0,13,mm10
TAGGAGGCATGTGCCG-1,0,34,mm10
TAGGAGGGTACCAATC-1,0,57,mm10
TAGGAGGGTCCAGCCA-1,1,31,mm10
TAGGGTTAGCTAGAGC-1,502,4,hg19
TAGGGTTCAATAGTCC-1,6241,3,hg19
TAGGGTTCACGTACTA-1,0,98,mm10
TAGGGTTCAGAACATA-1,0,43,mm10
TAGGGTTGTTCAAGTC-1,0,23,mm10
TAGGTACAGACTCAAA-1,0,76,mm10
TAGGTACAGCAGGTCA-1,9640,9,hg19
TAGGTACCAAACGGCA-1,1,127,mm10
TAGGTACCAGGACGAT-1,2,29,mm10
TAGGTACTCTTCTCAA-1,1,17,mm10
TAGGTTGAGATGCGAC-1,0,29,mm10
TAGGTTGCATAATGAG-1,1,16,mm10
TAGTGCACAAGACCTT-1,4095,3,hg19
TAGTGCAGTACCGGCT-1,0,44,mm10
TAGTGCAGTTTGAACC-1,0,34,mm10
TATACCTAGATTGTGA-1,0,39,mm10
TATACCTCACCCTGAG-1,0,15,mm10
TATACCTCACCGGTCA-1,2,16,mm10
TATATCCCAAATTAGG-1,31,24,hg19
TATATCCCACGAAAGC-1,2892,6,hg19
TATATCCGTCTGATCA-1,2493,21,Multiplet
TATATCCGTGTGAATA-1,1,37,mm10
TATATCCGTGTTACAC-1,1,13,mm10
TATATCCGTTCAGTAC-1,0,47,mm10
TATATCCGTTCGGGTC-1,2,14,mm10
TATATCCGTTCGTTCC-1,3830,11,hg19
TATATCCTCCCGTGTT-1,2,64,mm10
TATCAGGAGGGTCACA-1,1,12,mm10
TATCAGGCATCCGGTG-1,0,42,mm10
TATCAGGCATCGAACT-1,0,27,mm10
TATCCTAAGACCAACG-1,0,32,mm10
TATCCTAAGACCCGCT-1,6274,6,hg19
TATCCTACACGGATCC-1,1,67,mm10
TATCCTATCAGAATAG-1,1,51,mm10
TATCGCCAGAATAACC-1,0,29,mm10
TATCGCCAGCCTTGAT-1,0,97,mm10
TATCGCCAGTATGACA-1,2,32,mm10
TATCGCCCACGGGCTT-1,4901,5,hg19
TATCGCCCAGCGCTTG-1,1,63,mm10
TATCGCCGTGTATCCA-1,10079,11,hg19
TATCGCCTCCGAGATT-1,0,20,mm10
TATCGCCTCGATGGAG-1,3887,3,hg19
TATCGCCTCTCGGCTT-1,0,37,mm10
TATCTGTCAGGTTTAC-1,1,86,mm10
TATCTGTTCCATACAG-1,0,16,mm10
TATCTGTTCTGTACAG-1,1,30,mm10
TATCTTGAGAGTCTGG-1,0,47,mm10
TATCTTGAGCACTTTG-1,0,48,mm10
TATCTTGCACTATCGA-1,2,32,mm10
TATCTTGGTTCAGCTA-1,0,11,mm10
TATCTTGTCAAACCTG-1,0,69,mm10
TATCTTGTCCCATAAG-1,0,32,mm10
TATCTTGTCCTGTAAG-1,6625,44,Multiplet
TATCTTGTCGCCGAGT-1,0,50,mm10
TATCTTGTCGGAGATG-1,9011,3,hg19
TATGTTCAGAGCAGTC-1,0,35,mm10
TATGTTCAGCCTCTCT-1,0,32,mm10
TATGTTCAGGAAGTAG-1,0,35,mm10
TATGTTCAGGCCACCT-1,15332,42,Multiplet
TATGTTCCAGGCGAAT-1,6152,11,hg19
TATGTTCGTCACAATC-1,0,35,mm10
TATGTTCTCACAACCA-1,0,17,mm10
TATGTTCTCTTTCTAG-1,5121,5,hg19
TATTCCACAGAAATCA-1,57,32,hg19
TATTCCAGTACGTGTT-1,0,20,mm10
TATTCCAGTAGCTTGT-1,5745,6,hg19
TATTCCATCGATTTCT-1,0,20,mm10
TATTGCTAGACAACTA-1,0,59,mm10
TATTGCTAGGCCTGAA-1,0,48,mm10
TATTGCTCAAACTCTG-1,3,48,mm10
TATTGCTCATTGTAGC-1,1,40,mm10
TATTGCTGTCGATTTG-1,0,41,mm10
TATTGGGAGTAGTCCT-1,5819,5,hg19
TATTGGGAGTCTGCAT-1,669,4,hg19
TATTGGGGTACGACAG-1,3467,3,hg19
TATTGGGGTCCTACGG-1,4869,79,Multiplet
TATTGGGTCCATCCGT-1,206,28,hg19
TATTGGGTCGAGAATA-1,1,88,mm10
TATTTCGAGAATACAC-1,6624,33,Multiplet
TATTTCGAGCTGACCC-1,1341,2,hg19
TATTTCGAGTGTGTTC-1,1,53,mm10
TATTTCGCAAACACGG-1,1,45,mm10
TATTTCGCACGTTCGG-1,0,61,mm10
TATTTCGGTCGCTCGA-1,0,24,mm10
TATTTCGTCTTACTGT-1,5429,36,Multiplet
TCAAGACAGCGAAACC-1,0,14,mm10
TCAAGACAGCGTCTGC-1,5571,7,hg19
TCAAGACGTCTACGAT-1,1,40,mm10
TCAAGACGTGAGAGGG-1,0,13,mm10
TCAAGACTCCGAGCTG-1,0,24,mm10
TCAAGCAGTAGCACAG-1,0,74,mm10
TCAAGCATCAGTCAGT-1,8599,9,hg19
TCAAGCATCTACGGGC-1,0,78,mm10
TCAAGTGGTCTCGGGT-1,4,56,mm10
TCAAGTGGTCTCTCCA-1,8328,5,hg19
TCAAGTGTCGTTGCCT-1,0,46,mm10
TCAAGTGTCTCGGTAA-1,0,38,mm10
TCAATCTAGGGCAAGG-1,2,48,mm10
TCAATCTCACCCTATC-1,0,25,mm10
TCAATCTGTCGTCATA-1,0,42,mm10
TCAATCTGTTGGCCTG-1,0,21,mm10
TCAATTCAGCTTCATG-1,2,61,mm10
TCAATTCGTAACCAGG-1,0,12,mm10
TCAATTCGTCGCCTAG-1,5565,9,hg19
TCAATTCGTGGTCCCA-1,3,98,mm10
TCAATTCGTGTTAGCT-1,1727,70,Multiplet
TCAATTCGTTGTCTAG-1,0,18,mm10
TCACAAGAGACGTCGA-1,0,40,mm10
TCACAAGAGTCCCAAT-1,0,14,mm10
TCACAAGAGTGGGAAA-1,3940,5,hg19
TCACAAGTCTGTCGTC-1,5510,3,hg19
TCACACCCAGGCGAAT-1,0,25,mm10
TCACACCTCCTGTTGC-1,2,43,mm10
TCACACCTCTGCATGA-1,1,64,mm10
TCACATTAGGCTATCT-1,0,12,mm10
TCACATTAGGTCACAG-1,1,61,mm10
TCACATTCAGCATGCC-1,2,102,mm10
TCACATTTCCTAAACG-1,1,76,mm10
TCACATTTCCTACAAG-1,0,13,mm10
TCACGCTCACAACGCC-1,2,47,mm10
TCACGCTGTCCCTAAA-1,1,62,mm10
TCACGCTTCCCGAACG-1,8037,2,hg19
TCACGGGCAGTTCACA-1,9112,20,Multiplet
TCACGGGGTAGCGTAG-1,0,39,mm10
TCACTATAGAAGCGGG-1,0,45,mm10
TCACTATAGTTCGCAT-1,1,42,mm10
TCACTATCAACGAGGT-1,0,77,mm10
TCACTATCATTAGGCT-1,1086,1,hg19
TCACTATGTAGGTTTC-1,0,40,mm10
TCACTATGTCACCACG-1,0,11,mm10
TCACTCGAGGTCACTT-1,1,11,mm10
TCACTCGAGTGGAATT-1,0,46,mm10
TCACTCGCAAAGCAAT-1,0,57,mm10
TCACTCGCAGATTCGT-1,0,32,mm10
TCAGCAACAATTCGTG-1,0,34,mm10
TCAGCAACATACTGAC-1,1,64,mm10
TCAGCAAGTGGCGTAA-1,0,11,mm10
TCAGCAATCAAGCCTA-1,0,60,mm10
TCAGCCTAGCCTATTG-1,0,37,mm10
TCAGCCTCACACCGCA-1,2,67,mm10
TCAGCCTCATGTGACT-1,0,27,mm10
TCAGCCTGTACCATAC-1,4907,87,Multiplet
TCAGCCTTCAAGGACG-1,0,46,mm10
TCAGCCTTCCCTTGTG-1,7751,2,hg19
TCAGCCTTCTAGTGAC-1,0,11,mm10
TCAGGGCCACGGGCTT-1,0,70,mm10
TCAGGGCCAGACTCTA-1,0,42,mm10
TCAGGGCGTGATGTAA-1,0,41,mm10
TCAGGTACACCGAATT-1,3,34,mm10
TCAGGTATCATTCATC-1,0,70,mm10
TCAGGTATCGGATAAA-1,0,44,mm10
TCAGTCCCAATAAGGT-1,7549,7,hg19
TCAGTCCGTAGGACTG-1,0,34,mm10
TCAGTCCGTGCCCTTT-1,5436,2,hg19
TCAGTCCTCAGCTGTA-1,0,11,mm10
TCAGTGAAGTAGTCAA-1,1,48,mm10
TCAGTTTCAGGTATGG-1,5879,9,hg19
TCAGTTTCATGTCAGT-1,0,37,mm10
TCAGTTTGTCCGATCG-1,12,13,mm10
TCAGTTTTCCACAGCG-1,2,86,mm10
TCAGTTTTCCGCAGTG-1,0,83,mm10
TCAGTTTTCTCATTGT-1,2,74,mm10
TCATACTAGTGACCTT-1,0,81,mm10
TCATACTCACTATGTG-1,1,86,mm10
TCATACTGTGAATTGA-1,3,25,mm10
TCATACTGTTCGTACA-1,1,19,mm10
TCATACTTCCTAACAG-1,5187,13,hg19
TCATATCCAAATCCCA-1,1,28,mm10
TCATATCGTGGCTACC-1,6721,11,hg19
TCATATCTCATTTACC-1,0,78,mm10
TCATCATAGCTCCACG-1,0,12,mm10
TCATCATAGTACTGTC-1,0,86,mm10
TCATCATGTGTTGATC-1,2,24,mm10
TCATCATGTTGTATGC-1,72,179,mm10
TCATCATTCGGACGTC-1,1,76,mm10
TCATCCGAGTCACACT-1,4940,9,hg19
TCATCCGCATCACAGT-1,7394,4,hg19
TCATCCGGTCTGTAAC-1,0,58,mm10
TCATCCGGTTGTACGT-1,5095,6,hg19
TCATCCGTCTGCAGCG-1,0,21,mm10
TCATGAGCAAAGGGTC-1,0,55,mm10
TCATGAGCACTGCACG-1,14604,10,hg19
TCATGAGCATGTGACT-1,0,22,mm10
TCATGAGGTCCATCTC-1,0,29,mm10
TCATGAGGTCGTGTTA-1,5984,4,hg19
TCATGAGGTGAATATG-1,4153,1,hg19
TCATGAGTCATCCCGT-1,0,91,mm10
TCATGCCAGCATTTGC-1,0,52,mm10
TCATGCCCAGCCCAGT-1,0,18,mm10
TCATGGAAGAGAAGGT-1,1,55,mm10
TCATGGACACGGCTAC-1,3944,7,hg19
TCATGGACATGATAGA-1,0,11,mm10
TCATGGAGTTGCCAAT-1,0,81,mm10
TCATGGATCCCTGTTG-1,3717,3,hg19
TCATGGATCGAGAATA-1,0,57,mm10
TCATGGATCGAGAGCA-1,0,23,mm10
TCATGGATCGCAATTG-1,1,68,mm10
TCATGTTCAGGCATGA-1,0,65,mm10
TCATGTTCATAATCGC-1,0,42,mm10
TCATTACGTGGCTGCT-1,0,104,mm10
TCATTACTCGCTCCTA-1,0,18,mm10
TCATTCACAGCTCATA-1,0,64,mm10
TCATTCAGTGTCTTGA-1,0,15,mm10
TCATTGTAGAACGCGT-1,0,16,mm10
TCATTGTAGTAACGAT-1,0,51,mm10
TCATTGTCAACGGGTA-1,1,71,mm10
TCATTGTCAATGCTCA-1,1,82,mm10
TCATTGTTCAGCGTCG-1,3,19,mm10
TCATTTGAGAAGCGAA-1,4787,0,hg19
TCATTTGCACACAGAG-1,0,14,mm10
TCCACCACACAAGTTC-1,1,68,mm10
TCCACCAGTTAGGACG-1,8841,15,Multiplet
TCCACCATCGGAGCAA-1,1,25,mm10
TCCACGTTCGCCGAAC-1,878,0,hg19
TCCACGTTCGGACAAG-1,0,51,mm10
TCCAGAAGTGGGAGAG-1,0,40,mm10
TCCAGAATCACGGACC-1,1,64,mm10
TCCAGAATCTAGTTCT-1,0,68,mm10
TCCATCGAGGTTCAGG-1,0,41,mm10
TCCATCGAGTGGACTG-1,12024,20,Multiplet
TCCATCGGTCAGTCCG-1,24,33,mm10
TCCATGCAGGATACCG-1,2,53,mm10
TCCATGCCACATTACG-1,0,15,mm10
TCCATGCGTCTTTCTA-1,5127,6,hg19
TCCCAGTCAAGCGAGT-1,3408,4,hg19
TCCCAGTCAGGTCAGA-1,5057,4,hg19
TCCCATGCAATCGAAA-1,0,114,mm10
TCCCATGGTGCAACGA-1,0,60,mm10
TCCCATGTCAGCATTG-1,0,42,mm10
TCCGAAACACACGTGC-1,1,74,mm10
TCCGAAACAGAGGCTA-1,0,154,mm10
TCCGAAACAGCAGTGA-1,0,76,mm10
TCCGAAAGTCCCTAAA-1,2,16,mm10
TCCGAAATCTGTCGTC-1,0,66,mm10
TCCGATCAGACTACCT-1,1,77,mm10
TCCGATCAGTTGTACC-1,0,28,mm10
TCCGATCCAATCGCAT-1,1,67,mm10
TCCGATCGTTATCCAG-1,0,49,mm10
TCCGATCTCATGGCCG-1,7201,27,Multiplet
TCCGATCTCGACATCA-1,15723,20,Multiplet
TCCGATCTCGCAGTTA-1,20,13,hg19
TCCGATCTCTGCGGCA-1,2,14,mm10
TCCGATCTCTTTGCAT-1,0,36,mm10
TCCGGGAAGCCAAGTG-1,1,25,mm10
TCCGGGATCCGTGGGT-1,0,24,mm10
TCCGTGTGTACTGAGG-1,4281,3,hg19
TCCGTGTGTTGTTGAC-1,1,59,mm10
TCCGTGTTCGGATTAC-1,0,16,mm10
TCCTAATAGCCTATCA-1,1,38,mm10
TCCTAATCACACTGGC-1,1,43,mm10
TCCTAATCATTACTCT-1,6919,7,hg19
TCCTAATGTGGGTCAA-1,13439,20,Multiplet
TCCTAATGTTGTGTAC-1,0,34,mm10
TCCTAATTCTGTAAGC-1,872,0,hg19
TCCTCCCCAACTGGTT-1,0,111,mm10
TCCTCCCCAAGCCTGC-1,7304,7,hg19
TCCTCCCGTCCTTAAG-1,0,19,mm10
TCCTCCCTCAATCAGC-1,0,76,mm10
TCCTCGAGTGACGCCT-1,0,62,mm10
TCCTCGAGTTCCGTTC-1,0,27,mm10
TCCTCGATCCCTTGGT-1,12534,9,hg19
TCCTCGATCTGTCCGT-1,1,51,mm10
TCCTCGATCTTCCACG-1,2,62,mm10
TCCTCTTGTACCCGAC-1,1,165,mm10
TCCTGCAGTAGTGATA-1,0,23,mm10
TCCTGCAGTGATTCAC-1,1932,3,hg19
TCCTTCTAGAGTGACC-1,1,19,mm10
TCCTTCTAGATCGCCC-1,2989,6,hg19
TCCTTCTCAATCGCGC-1,2,32,mm10
TCCTTCTCAGTTAAAG-1,2,80,mm10
TCCTTCTCATCAGCGC-1,30,14,hg19
TCCTTCTTCAGGCGAA-1,1,11,mm10
TCCTTCTTCGATTGGT-1,8790,1,hg19
TCCTTTCAGTAGGCCA-1,13913,8,hg19
TCCTTTCAGTTCCTGA-1,0,55,mm10
TCCTTTCCACGTACTA-1,0,13,mm10
TCCTTTCGTATCTCGA-1,1,28,mm10
TCCTTTCTCGGTTAGT-1,0,85,mm10
TCGAACAAGGCGCTTC-1,0,15,mm10
TCGAACAAGTAGATCA-1,0,63,mm10
TCGAACAAGTATGAAC-1,5723,12,hg19
TCGAACAAGTCTCCTC-1,0,57,mm10
TCGAACAGTCGTTATG-1,0,12,mm10
TCGAACAGTGTGGACA-1,0,45,mm10
TCGAAGTCAAGGCGTA-1,0,71,mm10
TCGACCTAGGTTCTAC-1,3930,6,hg19
TCGACCTCACCCTCTA-1,1,23,mm10
TCGACCTCATTGACCA-1,5349,6,hg19
TCGACGGAGAGGTCAC-1,5648,3,hg19
TCGACGGCAAGACGGT-1,0,24,mm10
TCGACGGCATCTCGTC-1,8582,1,hg19
TCGACGGTCGTCAAAC-1,0,29,mm10
TCGATTTAGGAAAGGT-1,0,12,mm10
TCGATTTCAGGCTACC-1,1,22,mm10
TCGATTTCATCATTGG-1,1,30,mm10
TCGATTTTCCGATAAC-1,3998,22,Multiplet
TCGCACTAGAATAACC-1,1,30,mm10
TCGCACTAGCCTGAGA-1,2,73,mm10
TCGCACTAGGCGTCCT-1,15,16,mm10
TCGCACTAGTAAATGC-1,3996,8,hg19
TCGCACTGTGCCCACA-1,7932,18,Multiplet
TCGCACTGTTAGGCTT-1,1,14,mm10
TCGCAGGCACGCGGTT-1,1,40,mm10
TCGCTCAAGTGGATAT-1,0,36,mm10
TCGCTCAGTGGCTCTG-1,2,52,mm10
TCGCTTGTCTACGCGG-1,1909,2,hg19
TCGGATACACGGCACT-1,1,46,mm10
TCGGATAGTACCTATG-1,7745,5,hg19
TCGGATAGTACTCGCG-1,0,52,mm10
TCGGATAGTTCCGTTC-1,4685,5,hg19
TCGGATATCAACTGAC-1,15508,26,Multiplet
TCGGATATCCCGTTCA-1,4665,8,hg19
TCGGATATCTCAACGA-1,5330,6,hg19
TCGGGACAGTTGGAGC-1,0,44,mm10
TCGGGACCACGGTCTG-1,1,14,mm10
TCGGGACGTCGTCATA-1,0,19,mm10
TCGGGCAAGAGTACCG-1,0,34,mm10
TCGGGCAAGTGGTTCT-1,1,21,mm10
TCGGGCAGTATCTCTT-1,0,11,mm10
TCGGGCAGTCTTACAG-1,1,73,mm10
TCGGGCATCCCTTTGG-1,1,63,mm10
TCGGGCATCGCGTGCA-1,5802,5,hg19
TCGGGTGAGACATGCG-1,798,0,hg19
TCGGGTGCAAGAGCTG-1,0,56,mm10
TCGGGTGCACGGATCC-1,1,61,mm10
TCGGGTGCAGGTCAAG-1,3938,3,hg19
TCGGGTGGTACTTGTG-1,0,26,mm10
TCGGTCTCACTAACGT-1,39,27,hg19
TCGGTCTCAGGTTCCG-1,18,43,mm10
TCGTAGAAGGCAGCTA-1,10213,35,Multiplet
TCGTAGACACGGTAGA-1,1,17,mm10
TCGTAGAGTAGCCCTG-1,1776,0,hg19
TCGTAGAGTAGGCAAC-1,5231,2,hg19
TCGTAGAGTGTATACC-1,0,37,mm10
TCGTAGATCTTCGGTC-1,4,11,mm10
TCGTCCAGTAAGAACT-1,0,74,mm10
TCGTGCTAGGCTCCCA-1,8,4525,mm10
TCGTGCTAGGCTCTCA-1,0,12,mm10
TCGTGCTCAATGCTCA-1,13,35,mm10
TCGTGCTCACAGCCTG-1,0,17,mm10
TCGTGGGAGGTGCTTT-1,0,15,mm10
TCGTGGGAGTAGGCCA-1,0,22,mm10
TCGTGGGCAGACACAG-1,0,21,mm10
TCGTGGGCATAGGTTC-1,0,53,mm10
TCGTGGGGTAGCTGCC-1,0,11,mm10
TCGTGGGTCAGACCTA-1,1,17,mm10
TCTAACTAGCTGTCCG-1,596,3,hg19
TCTAACTAGGCGTTAG-1,0,32,mm10
TCTAACTTCATGCCAA-1,8075,5,hg19
TCTAACTTCTGGCTGG-1,0,19,mm10
TCTACATAGCGAGGAG-1,0,12,mm10
TCTACATTCGCAATTG-1,1,52,mm10
TCTACATTCTCGGGAC-1,1,68,mm10
TCTACCGAGCAATTCC-1,2639,7,hg19
TCTACCGGTCCGTACG-1,4922,8,hg19
TCTACCGGTCGAACAG-1,1,36,mm10
TCTACCGGTGACGTCC-1,16,44,mm10
TCTACCGGTTAGAAGT-1,0,11,mm10
TCTACCGTCAGCGCAC-1,0,45,mm10
TCTATACGTGCATCTA-1,6630,6,hg19
TCTATACTCTATTTCG-1,0,58,mm10
TCTATCAAGGGAGTTC-1,1,43,mm10
TCTATCACACCTCTAC-1,0,86,mm10
TCTATCAGTATCGAAA-1,2034,29,Multiplet
TCTATCAGTCCAACGC-1,0,52,mm10
TCTATCAGTTGAGGAC-1,0,39,mm10
TCTATCATCAGGGATG-1,0,64,mm10
TCTATCATCCGATCTC-1,22,13,hg19
TCTCACGGTGATCGTT-1,0,39,mm10
TCTCACGGTTATCCAG-1,0,51,mm10
TCTCACGTCGGTAGGA-1,0,32,mm10
TCTCAGCGTTACCCAA-1,1,56,mm10
TCTCAGCGTTGTAGCT-1,1,54,mm10
TCTCAGCTCTGTCGTC-1,6447,5,hg19
TCTCCGATCCGTATGA-1,1,95,mm10
TCTCCGATCCTGGGAC-1,0,58,mm10
TCTCTGGAGGGCAAGG-1,0,11,mm10
TCTCTGGGTATCGATC-1,4580,10,hg19
TCTCTGGGTGTCCGTG-1,0,20,mm10
TCTGCCAAGTTGAATG-1,0,12,mm10
TCTGCCAGTAGAGCTG-1,2,66,mm10
TCTGCCAGTTAAGACA-1,0,44,mm10
TCTGGCTCATGCAGCC-1,2,51,mm10
TCTGGCTTCACTTATC-1,0,14,mm10
TCTGTCGGTACGTGTT-1,8039,17,Multiplet
TCTTAGTCAGGTAGTG-1,0,24,mm10
TCTTAGTGTCTTCATT-1,0,12,mm10
TCTTAGTGTGTACAGG-1,0,30,mm10
TCTTAGTGTGTCGATT-1,0,13,mm10
TCTTAGTGTTCCACAA-1,6424,2,hg19
TCTTAGTTCATTGCTT-1,0,13,mm10
TCTTAGTTCTAACGGT-1,3,58,mm10
TCTTCCTAGTTTCGGT-1,1448,5,hg19
TCTTCCTCAGCGACCT-1,11814,19,Multiplet
TCTTCCTCAGTAACGG-1,0,16,mm10
TCTTCCTCATACATCG-1,0,66,mm10
TCTTCCTGTTCGGTCG-1,1,55,mm10
TCTTCCTTCTGGTGCG-1,6196,5,hg19
TCTTGCGAGGACTGGT-1,11214,3,hg19
TCTTGCGCACTTTATC-1,0,11,mm10
TCTTGCGGTGTTTGCA-1,0,26,mm10
TCTTGCGGTTTCGACA-1,0,43,mm10
TCTTGCGTCGATACTG-1,7250,4,hg19
TCTTTGACAAGTCCAT-1,0,35,mm10
TCTTTGAGTAGAGATT-1,1,21,mm10
TCTTTGATCCATTGGA-1,1,53,mm10
TGAACGTAGATAACGT-1,4,45,mm10
TGAACGTAGGGATCAC-1,1,27,mm10
TGAACGTCAACGTAAA-1,4724,5,hg19
TGAACGTCAAGCACAG-1,3426,4,hg19
TGAACGTCAGCCATTA-1,1,97,mm10
TGAACGTGTCGTCAGC-1,10591,1,hg19
TGAACGTTCTGATGGT-1,0,28,mm10
TGAATCGAGCCGTCGT-1,1,18,mm10
TGAATCGCAACGCATT-1,0,35,mm10
TGAATCGCACTTGACA-1,0,15,mm10
TGAATCGCAGGCTACC-1,5098,5,hg19
TGAATCGCATGTCTAG-1,0,27,mm10
TGAATCGGTTTCGTTT-1,1,32,mm10
TGAATCGTCTAACGGT-1,0,14,mm10
TGAATGCAGTATGGCG-1,0,21,mm10
TGACAGTAGGTGCAGT-1,3488,6,hg19
TGACAGTCAATTAGGA-1,4103,11,hg19
TGACAGTGTGTAGGAC-1,0,21,mm10
TGACAGTTCACTGGTA-1,1,46,mm10
TGACCCTAGAATCTAG-1,1,61,mm10
TGACCCTAGGTAAGAG-1,0,64,mm10
TGACCCTTCAAGCTGT-1,1,61,mm10
TGACCCTTCGATACTG-1,1,17,mm10
TGACGCGAGACCAGCA-1,0,16,mm10
TGACGCGAGACTAGAT-1,0,19,mm10
TGACGCGCAGGGAATC-1,1,59,mm10
TGACGCGGTTAGGGAC-1,4566,5,hg19
TGACTCCAGCCGAACA-1,3,104,mm10
TGACTCCGTCAATGGG-1,0,33,mm10
TGACTCCTCGGTCTGG-1,0,141,mm10
TGAGACTAGACAACTA-1,0,51,mm10
TGAGACTCACAAATCC-1,0,43,mm10
TGAGACTTCGAAGGAC-1,0,28,mm10
TGAGCATAGCGGTAGT-1,13,25,mm10
TGAGCATAGCGTCGAA-1,3,30,mm10
TGAGCATCAATCAAGA-1,0,71,mm10
TGAGCATGTGCAACAG-1,0,53,mm10
TGAGCGCAGCTACTGT-1,0,42,mm10
TGAGGAGAGGTAAGAG-1,21068,28,Multiplet
TGAGGAGCAGGACGAT-1,0,69,mm10
TGAGGAGGTCAGGAGT-1,1,16,mm10
TGAGGAGTCGGTCGGT-1,0,43,mm10
TGAGGAGTCTGGACCG-1,8902,4,hg19
TGAGGGAAGAAATCCA-1,6826,5,hg19
TGAGGGAAGCTGCGAA-1,1460,12,hg19
TGAGGGAGTAACATGA-1,0,54,mm10
TGAGGGAGTACGACAG-1,7395,19,Multiplet
TGAGGGAGTCCATACA-1,0,43,mm10
TGAGGGATCATTTCGT-1,6743,6,hg19
TGAGGGATCTCGGTAA-1,30,51,mm10
TGAGGTTCACGGTCTG-1,0,13,mm10
TGAGGTTCATTCTTCA-1,0,31,mm10
TGAGGTTGTATAGGGC-1,4938,1,hg19
TGAGGTTGTCCTCCTA-1,4190,1,hg19
TGAGGTTTCCGGCTTT-1,0,11,mm10
TGAGTCAAGAACCCGA-1,0,21,mm10
TGAGTCAAGTCATCCA-1,4137,11,hg19
TGAGTCAGTGCTCTTC-1,1,11,mm10
TGAGTCATCATCCCGT-1,0,44,mm10
TGAGTCATCGGACGTC-1,3093,2,hg19
TGAGTCATCGTGAGAG-1,1,104,mm10
TGAGTCATCTGGTTGA-1,0,33,mm10
TGATCAGAGAAGGCTC-1,0,33,mm10
TGATCAGAGTCCCAAT-1,0,12,mm10
TGATCAGCAGATTCGT-1,3937,3,hg19
TGATCAGTCAACACGT-1,0,12,mm10
TGATCTTAGGATGGCT-1,0,43,mm10
TGATCTTCATCATTTC-1,4852,18,Multiplet
TGATCTTTCCAGTGTA-1,0,16,mm10
TGATGCAAGACCACGA-1,0,70,mm10
TGATGCAAGCCGAACA-1,0,55,mm10
TGATGCAGTATAGGGC-1,6308,18,Multiplet
TGATGCAGTGTGTACT-1,0,72,mm10
TGATGCATCGTAGTGT-1,6442,8,hg19
TGATGGTAGTTGTCGT-1,5645,21,Multiplet
TGATGGTCACAGGATG-1,0,65,mm10
TGATGGTGTCACCGCA-1,1,33,mm10
TGATGGTGTCGTTGGC-1,0,18,mm10
TGATGGTGTTCCACGG-1,539,1,hg19
TGATGGTGTTGTATGC-1,0,14,mm10
TGATGGTTCAGTAGGG-1,24,83,mm10
TGATTCTAGCAGGTCA-1,0,52,mm10
TGATTCTCAAGACAAT-1,0,44,mm10
TGATTCTGTCTTAGTG-1,1,83,mm10
TGATTTCAGACTCGAG-1,1,39,mm10
TGATTTCGTGGATTTC-1,6782,7,hg19
TGCACGGAGCGCCTCA-1,8767,21,Multiplet
TGCACGGGTTCCGCTT-1,1,39,mm10
TGCACGGTCTAGTTCT-1,0,94,mm10
TGCAGATAGCTCGGCT-1,0,37,mm10
TGCAGATAGTCACGCC-1,8668,20,Multiplet
TGCAGATAGTTGGACG-1,1,39,mm10
TGCAGATCATCACAGT-1,0,65,mm10
TGCAGATGTCCACTCT-1,0,13,mm10
TGCAGATTCCCAACTC-1,0,49,mm10
TGCAGATTCCTCTCTT-1,0,13,mm10
TGCAGGCCATCGGAAG-1,4810,3,hg19
TGCAGGCTCAAATGCC-1,11737,13,hg19
TGCAGTAAGGCACCAA-1,35,91,mm10
TGCAGTAAGGTCCAGA-1,8478,29,Multiplet
TGCAGTAAGTGCACTT-1,2,36,mm10
TGCAGTAGTGGGACAT-1,0,72,mm10
TGCAGTAGTGTTACAC-1,6292,4,hg19
TGCATCCAGTGAACAT-1,0,54,mm10
TGCATCCCACACAGCC-1,536,17,hg19
TGCATCCGTGATACAA-1,7222,12,hg19
TGCATCCTCAGTAGGG-1,5174,21,Multiplet
TGCATCCTCCCAGCGA-1,0,42,mm10
TGCATGACATGGATCT-1,1,64,mm10
TGCATGAGTAACTAAG-1,2,21,mm10
TGCATGATCAAGATAG-1,0,37,mm10
TGCATGATCTGGCTGG-1,1,40,mm10
TGCCGAGAGCGACATG-1,1003,3,hg19
TGCCGAGCATCCGATA-1,4648,3,hg19
TGCCGAGTCACTCACC-1,6976,9,hg19
TGCGACGAGCGTGAGT-1,5549,10,hg19
TGCGACGCAACACGTT-1,0,43,mm10
TGCGACGTCCGTCACT-1,0,25,mm10
TGCGACGTCGAGAAGC-1,1,47,mm10
TGCGATAAGATGTTAG-1,0,12,mm10
TGCGATAAGTCATAGA-1,1,53,mm10
TGCGATATCAGACAAA-1,0,40,mm10
TGCGATATCTGAACGT-1,8777,8,hg19
TGCGGCAAGAGTACCG-1,3853,4,hg19
TGCGGCAAGTATTCCG-1,5622,19,Multiplet
TGCGGCACATGGAATA-1,1,54,mm10
TGCGGCAGTCGAGTTT-1,1,42,mm10
TGCGGCATCCGATCTC-1,5149,3,hg19
TGCGGGTAGCTAAACA-1,5019,7,hg19
TGCGGGTCAATAGTCC-1,5686,8,hg19
TGCGGGTGTATGGGAC-1,2977,8,hg19
TGCTCCACACAGTCAT-1,1,11,mm10
TGCTCCAGTCCGGATC-1,2,28,mm10
TGCTCCAGTGGCCTCA-1,3898,4,hg19
TGCTCCAGTGTTAAAG-1,26,27,mm10
TGCTCCATCTCATGCC-1,3267,1,hg19
TGCTCCATCTCGGTCT-1,4,58,mm10
TGCTCCATCTGAGATC-1,0,31,mm10
TGCTCGTAGCTCGGCT-1,1,30,mm10
TGCTCGTCAGTCTCTC-1,0,57,mm10
TGCTCGTTCGACACCG-1,0,16,mm10
TGCTGAACAAACTAAG-1,0,47,mm10
TGCTGAACAAGGCTTT-1,1,23,mm10
TGCTGAACACCGGAAA-1,1,23,mm10
TGCTGAACATGTCAGT-1,1,29,mm10
TGCTGAAGTGAGGAAA-1,0,97,mm10
TGCTGAAGTTGCACGC-1,33,11,hg19
TGCTTCGAGAAGGTAG-1,5089,4,hg19
TGCTTCGCAACAGCCC-1,0,85,mm10
TGCTTCGCAGGTTCGC-1,1,16,mm10
TGCTTCGGTAGCTCGC-1,1,13,mm10
TGCTTCGGTTCCAGGC-1,2,27,mm10
TGCTTCGTCGCTTGAA-1,0,92,mm10
TGCTTCGTCTGGGCGT-1,3295,4,hg19
TGCTTCGTCTTACACT-1,0,33,mm10
TGCTTGCAGGCACTCC-1,0,110,mm10
TGCTTGCAGTCACGAG-1,0,44,mm10
TGCTTGCCACGGAAGT-1,0,21,mm10
TGCTTGCCAGCTCTGG-1,1,27,mm10
TGGAACTAGGGATCTG-1,0,73,mm10
TGGAACTCACCAGCTG-1,0,83,mm10
TGGAACTCATCATCCC-1,5432,3,hg19
TGGAACTTCGTCAGAT-1,3915,4,hg19
TGGAGAGAGCATTTGC-1,0,58,mm10
TGGAGAGCACCCAACG-1,0,16,mm10
TGGAGAGGTACCGGAA-1,0,43,mm10
TGGAGGACACCCTAAA-1,4861,8,hg19
TGGAGGACATGACAGG-1,0,87,mm10
TGGAGGAGTGAGGCAT-1,0,18,mm10
TGGATCATCCTACCAC-1,1295,19,Multiplet
TGGATGTAGACCATGG-1,3713,6,hg19
TGGATGTCACGGATCC-1,0,59,mm10
TGGATGTCATGAATAG-1,6864,4,hg19
TGGATGTTCCCAGTGG-1,5733,5,hg19
TGGCGTGGTTCCACGG-1,4,59,mm10
TGGCGTGGTTTGGAAA-1,1,81,mm10
TGGGAGATCCTCTCTT-1,0,93,mm10
TGGGAGATCTAAGGAA-1,0,37,mm10
TGGGATTGTTAATGAG-1,0,30,mm10
TGGGATTTCATATGGC-1,1,42,mm10
TGGGATTTCCTACGAA-1,0,21,mm10
TGGGATTTCGAGAGAC-1,1,83,mm10
TGGGCGTAGAGATTCA-1,11,22,mm10
TGGGCGTAGTAACGAT-1,3410,6,hg19
TGGGCGTCACAATGAA-1,4015,3,hg19
TGGGCTGAGCTGGCCT-1,7747,6,hg19
TGGGCTGAGGGCATGT-1,0,52,mm10
TGGGCTGAGGTCCCGT-1,0,26,mm10
TGGGCTGAGTGCACAG-1,0,79,mm10
TGGGCTGCAACACAAA-1,33,20,hg19
TGGGCTGGTCTTCAAG-1,1,64,mm10
TGGGCTGGTTTCGTAG-1,4303,8,hg19
TGGGCTGTCGTAACAC-1,0,62,mm10
TGGGTTACACTGTGAT-1,3,28,mm10
TGGGTTAGTCCTATAG-1,10700,9,hg19
TGGGTTATCTTCTCAA-1,5891,0,hg19
TGGTACACAGGCCTGT-1,8667,14,Multiplet
TGGTACATCCACGTGG-1,1747,1,hg19
TGGTACATCCATACTT-1,48,11,hg19
TGGTACATCTCAGTCC-1,2594,2,hg19
TGGTAGTAGCTCTATG-1,1,32,mm10
TGGTAGTCATCTTAGG-1,0,27,mm10
TGGTAGTGTGTTACAC-1,11351,15,Multiplet
TGGTGATGTGGCTGCT-1,4,46,mm10
TGGTTAGAGCTAGTTC-1,2318,3,hg19
TGGTTAGGTGTGAGCA-1,1350,5,hg19
TGGTTAGTCAGCGCAC-1,5,110,mm10
TGGTTAGTCGCTTTAT-1,0,23,mm10
TGTAACGAGACAGTCG-1,0,44,mm10
TGTAACGAGCGATTCT-1,5784,8,hg19
TGTAAGCCACGACTAT-1,0,33,mm10
TGTAAGCCATAAGATG-1,1670,1,hg19
TGTAAGCGTCGTTCAA-1,5274,3,hg19
TGTAAGCGTCTACACA-1,22,11,hg19
TGTAAGCTCACATCAG-1,0,30,mm10
TGTAAGCTCCGTGGCA-1,1,52,mm10
TGTAAGCTCGGTAGGA-1,508,4,hg19
TGTAAGCTCTCATGCC-1,8280,7,hg19
TGTACAGGTCGTGATT-1,0,63,mm10
TGTACAGTCCCTCTCC-1,0,93,mm10
TGTAGACAGAAATTCG-1,4450,4,hg19
TGTAGACCAAATGGAT-1,3538,11,hg19
TGTAGACGTGAACTAA-1,0,47,mm10
TGTAGACGTTTACGTG-1,4260,5,hg19
TGTCAGAGTGTAAACA-1,0,69,mm10
TGTCCACGTACTCGTA-1,0,38,mm10
TGTCCACGTGTGTACT-1,0,12,mm10
TGTCCACTCCCGTGTT-1,19,56,mm10
TGTCCCAGTTAAACAG-1,0,51,mm10
TGTCCCATCACCTGGG-1,0,45,mm10
TGTCCCATCGCTCTAC-1,4956,5,hg19
TGTCCTGAGACCTTTG-1,7785,31,Multiplet
TGTCCTGAGTCAGGGT-1,0,29,mm10
TGTCCTGAGTTAACGA-1,23,27,mm10
TGTCCTGCACTTCATT-1,1,27,mm10
TGTGAGTAGTTCGGTT-1,17,22,mm10
TGTGAGTAGTTGGAAT-1,0,46,mm10
TGTGAGTGTTAGGGAC-1,3151,5,hg19
TGTGAGTGTTATGACC-1,2918,3,hg19
TGTGAGTTCCATCTGC-1,1,43,mm10
TGTGATGAGATCCGAG-1,5886,7,hg19
TGTGATGTCTCAGAAC-1,1,36,mm10
TGTGGCGAGTTGCTCA-1,4,48,mm10
TGTGGCGCAGGGAATC-1,0,13,mm10
TGTGGCGGTATACCCA-1,0,41,mm10
TGTGGCGGTCCAGCCA-1,0,12,mm10
TGTGGCGGTGGCGCTT-1,0,70,mm10
TGTGGCGGTTCGGCGT-1,0,42,mm10
TGTGTGAAGCGTATGG-1,0,50,mm10
TGTGTGAGTAAGGCTG-1,7955,3,hg19
TGTGTGATCCACATAG-1,2,29,mm10
TGTGTGATCGGCTGTG-1,0,47,mm10
TGTGTGATCTCGGTAA-1,4874,5,hg19
TGTTACTGTCATAGTC-1,0,38,mm10
TGTTACTGTGGTCAAG-1,2545,3,hg19
TGTTACTTCATCTACT-1,0,60,mm10
TGTTACTTCGTGGAAG-1,0,84,mm10
TGTTACTTCGTTCCCA-1,0,21,mm10
TGTTACTTCTGAGTCA-1,1,58,mm10
TGTTCATAGGGTCAAC-1,0,82,mm10
TGTTCATGTCATAGTC-1,1,30,mm10
TGTTCATGTTAAGGGC-1,9018,15,Multiplet
TGTTCATTCTGTCCCA-1,3430,0,hg19
TGTTCCGAGACGCATG-1,1,13,mm10
TGTTCCGGTACACGCC-1,5004,3,hg19
TGTTCCGGTATGAAGT-1,9141,12,hg19
TGTTCCGGTTGGACTT-1,3548,2,hg19
TGTTCCGTCGATTGAC-1,15,13,hg19
TGTTCTAAGTTGAATG-1,5912,4,hg19
TGTTCTATCCAACCAA-1,4341,3,hg19
TGTTGAGCAAGTACCT-1,1,12,mm10
TGTTGAGGTAGGCTCC-1,742,60,hg19
TGTTGAGGTTCCAGGC-1,2,48,mm10
TGTTGGAAGAGCAGCT-1,9868,4,hg19
TGTTGGAAGATGAATC-1,0,16,mm10
TGTTGGAAGTATGCAA-1,0,32,mm10
TGTTGGACATCCGTTC-1,0,28,mm10
TGTTGGAGTCATGACT-1,1,57,mm10
TGTTGGATCATCTATC-1,0,15,mm10
TGTTTGTAGCATCCCG-1,6792,9,hg19
TGTTTGTGTAGAATGT-1,5801,10,hg19
TGTTTGTTCAAATAGG-1,0,53,mm10
TGTTTGTTCTAGACCA-1,0,12,mm10
TGTTTGTTCTTCCACG-1,0,18,mm10
TTAATCCAGAGCAGAA-1,0,19,mm10
TTAATCCTCAATCTTC-1,0,56,mm10
TTAATCCTCGTGCACG-1,0,25,mm10
TTACAGGCATCCGGCA-1,8473,9,hg19
TTACAGGTCCGTTGAA-1,1,63,mm10
TTACAGGTCTGAGATC-1,0,37,mm10
TTACCATCAGACTCTA-1,1,14,mm10
TTACCGCAGATAACAC-1,0,102,mm10
TTACCGCAGGACAGTC-1,1,70,mm10
TTACCGCCACTGAGTT-1,1,68,mm10
TTACCGCGTGAATAAC-1,0,34,mm10
TTACCGCGTTCGGCCA-1,1,37,mm10
TTACCGCTCCAAACCA-1,2132,2,hg19
TTACGCCAGAGAGTTT-1,0,23,mm10
TTACGCCCAAACTCTG-1,5242,12,hg19
TTACGCCCAATCGCGC-1,8687,3,hg19
TTACGCCCAGTTTCGA-1,18,34,mm10
TTACGCCGTCGCTCGA-1,6813,1,hg19
TTACGCCGTGAGCTCC-1,1,11,mm10
TTACGCCTCGAATCCA-1,1,31,mm10
TTACGCCTCGGAAACG-1,0,21,mm10
TTACGTTAGCTCCCTT-1,18,61,mm10
TTACGTTCAAAGGATT-1,2,51,mm10
TTACGTTCAAAGGGCT-1,0,20,mm10
TTACGTTCAGCAGTCC-1,2,23,mm10
TTACGTTTCTCATGGA-1,0,35,mm10
TTACGTTTCTCATTTG-1,28,11,hg19
TTACGTTTCTGCGTCT-1,0,23,mm10
TTACTGTAGCTGAGTG-1,10850,9,hg19
TTACTGTCAAAGGGCT-1,1,16,mm10
TTACTGTCAACCTATG-1,0,24,mm10
TTACTGTGTCCGTACG-1,5390,4,hg19
TTACTGTGTTAGGCCC-1,3454,1,hg19
TTACTGTGTTTAGACC-1,1,13,mm10
TTAGGCAAGTTGGGAC-1,0,76,mm10
TTAGGCAAGTTTGCTG-1,6064,15,Multiplet
TTAGGCAGTATCGAGG-1,0,46,mm10
TTAGGCAGTCAGGTGA-1,0,11,mm10
TTAGGCATCTGTTCAT-1,0,33,mm10
TTAGGGTAGTCGAGGT-1,0,38,mm10
TTAGGGTCAAAGGGCT-1,0,24,mm10
TTAGGGTTCTCCTGCA-1,1,29,mm10
TTAGTCTGTGAGATCG-1,1603,5,hg19
TTAGTCTTCAGCTTGA-1,0,78,mm10
TTATTGCGTACAATAG-1,7412,8,hg19
TTATTGCGTACTCGTA-1,1,51,mm10
TTATTGCTCACGGGCT-1,0,31,mm10
TTATTGCTCGCTCTAC-1,0,66,mm10
TTCAATCAGATCACCT-1,0,13,mm10
TTCAATCAGATCCTAC-1,10818,3,hg19
TTCAATCAGATGACAT-1,29,19,hg19
TTCAATCGTCCAGCCA-1,1,13,mm10
TTCAATCGTCTACGAT-1,4566,9,hg19
TTCACCGGTCTCGACG-1,0,13,mm10
TTCACCGGTCTCTCCA-1,8461,35,Multiplet
TTCACGCCAGGTCTCG-1,4287,2,hg19
TTCACGCTCCAAATGC-1,4081,8,hg19
TTCAGGAAGACGGTTG-1,1262,4,hg19
TTCAGGAAGGTTAGTA-1,1,32,mm10
TTCAGGACAATCTGCA-1,0,29,mm10
TTCAGGACAGCAAGAC-1,7916,6,hg19
TTCAGGAGTACTAAGA-1,0,21,mm10
TTCAGGAGTCCTATAG-1,1,13,mm10
TTCAGGATCAACTGAC-1,2,57,mm10
TTCATTGAGCAAGTCG-1,0,55,mm10
TTCATTGAGCCTCTCT-1,0,50,mm10
TTCATTGCAGACGGAT-1,5270,4,hg19
TTCATTGGTACGGTTT-1,0,11,mm10
TTCATTGTCGCTGACG-1,0,29,mm10
TTCCAATAGCCTCACG-1,0,43,mm10
TTCCAATCACGGATCC-1,1,43,mm10
TTCCAATGTTTCGTAG-1,0,60,mm10
TTCCACGCATTCATCT-1,0,43,mm10
TTCCACGGTGTTCCAA-1,0,17,mm10
TTCCACGTCAGGTGTT-1,0,37,mm10
TTCCACGTCTAACACG-1,1,148,mm10
TTCCGGTAGAACTCCT-1,24,18,hg19
TTCCGGTCAAAGGCTG-1,0,13,mm10
TTCCGGTCAAAGGGCT-1,43,34091,mm10
TTCCGGTCAAAGGGTC-1,1,16,mm10
TTCCGGTGTCACGACC-1,2,40,mm10
TTCCGGTTCTCCCTAG-1,5287,6,hg19
TTCCGTGGTAACATCC-1,0,12,mm10
TTCCGTGGTTTCGACA-1,0,57,mm10
TTCCGTGTCCTACACC-1,0,31,mm10
TTCCGTGTCGAGTGAG-1,758,1,hg19
TTCCTAATCTAAGCGT-1,6494,6,hg19
TTCCTCTAGATTTGCC-1,0,11,mm10
TTCCTCTAGCCAAGGT-1,5199,12,hg19
TTCCTCTGTAAGTCAA-1,1,96,mm10
TTCCTTCCACTCAGAT-1,9437,24,Multiplet
TTCCTTCCATTCTCCG-1,7228,0,hg19
TTCCTTCTCGACCACG-1,2,43,mm10
TTCCTTCTCGCCGATG-1,15348,74,Multiplet
TTCCTTCTCTCATGCC-1,1,55,mm10
TTCGATTAGGATTTGA-1,1,88,mm10
TTCGATTCAACGACAG-1,994,2,hg19
TTCGATTGTTTCTATC-1,5507,7,hg19
TTCGATTTCCCAACTC-1,7131,2,hg19
TTCGATTTCTGAGAAA-1,0,18,mm10
TTCGCTGCACTATCCC-1,4597,5,hg19
TTCGCTGCAGAACTCT-1,1,34,mm10
TTCGCTGGTATGACAA-1,1,86,mm10
TTCGCTGGTTCAATCG-1,0,34,mm10
TTCGCTGTCAGTCTTT-1,4,35,mm10
TTCGCTGTCTCCTACG-1,4858,3,hg19
TTCGGTCGTACGCGTC-1,2173,3,hg19
TTCTAACAGTCGCCAC-1,1,79,mm10
TTCTAACAGTGATCGG-1,2041,4,hg19
TTCTAACGTCCTGGTG-1,0,49,mm10
TTCTAACGTCGCTCGA-1,4051,4,hg19
TTCTAACGTGCCCAGT-1,0,45,mm10
TTCTAACTCGCCTTTG-1,0,37,mm10
TTCTAACTCGGACTGC-1,0,51,mm10
TTCTCTCAGCACCCAC-1,1,32,mm10
TTCTCTCAGGAGAATG-1,0,32,mm10
TTCTCTCTCCTGTAGA-1,0,17,mm10
TTCTGTAAGGATGCGT-1,0,16,mm10
TTCTGTACAGATAAAC-1,4723,12,hg19
TTCTGTATCGAGTGGA-1,0,19,mm10
TTCTTCCAGATACAGT-1,23,71,mm10
TTCTTCCCACTAACGT-1,0,15,mm10
TTCTTCCCAGTCCGTG-1,3,30,mm10
TTCTTCCGTATTGACC-1,0,57,mm10
TTCTTCCGTCCACAGC-1,2,85,mm10
TTCTTCCTCAGTGTGT-1,4983,3,hg19
TTCTTCCTCCATCTGC-1,1,105,mm10
TTCTTCCTCGCATTAG-1,29,139,mm10
TTCTTCCTCTCGGCTT-1,6824,4,hg19
TTCTTGAAGAGCATCG-1,0,19,mm10
TTCTTGACAAGACGAC-1,0,65,mm10
TTCTTGACAATCTAGC-1,0,12,mm10
TTCTTGATCGAGAATA-1,19,15,hg19
TTGAACGAGCTAGAGC-1,4816,2,hg19
TTGAACGCATTCTCTA-1,0,78,mm10
TTGAACGGTACGTTCA-1,35,443,mm10
TTGAACGGTAGATCCT-1,1,16,mm10
TTGAACGGTCCCAAAT-1,0,29,mm10
TTGAACGGTCGTACAT-1,1,64,mm10
TTGAACGGTTTACCTT-1,1,76,mm10
TTGAACGTCATTTGGG-1,2,39,mm10
TTGAACGTCGGAAGGT-1,0,16,mm10
TTGACCCCACGCCACA-1,5318,3,hg19
TTGACCCGTACAACGG-1,1,76,mm10
TTGACCCGTCCACATA-1,0,29,mm10
TTGACCCGTGCTGTCG-1,0,24,mm10
TTGACCCGTTTGCAGT-1,3981,8,hg19
TTGACCCTCAAGGCTT-1,0,31,mm10
TTGAGTGCATTCTGTT-1,1,99,mm10
TTGAGTGGTCCCTCAT-1,4787,4,hg19
TTGAGTGGTCTGGTTA-1,0,86,mm10
TTGATGGAGTCATTGC-1,0,29,mm10
TTGATGGCAACCACGC-1,0,43,mm10
TTGATGGCAATGGGTG-1,0,57,mm10
TTGATGGCACCAGTAT-1,39,29,hg19
TTGATGGGTTCTCTCG-1,2,18,mm10
TTGATGGTCCGATCTC-1,0,30,mm10
TTGATGGTCGCATGAT-1,0,11,mm10
TTGCATTAGAGCCGAT-1,4963,2,hg19
TTGCATTAGTTGTAGA-1,1,33,mm10
TTGCATTCAACTAGAA-1,5031,9,hg19
TTGCATTTCCTGGGAC-1,6582,4,hg19
TTGCCTGCACAGTCCG-1,0,25,mm10
TTGCCTGCACCAGCGT-1,0,75,mm10
TTGCCTGTCGTCGGGT-1,5123,5,hg19
TTGCGTCAGCCTATCA-1,0,45,mm10
TTGCGTCAGGAACTAT-1,1,44,mm10
TTGCGTCAGTGGTTCT-1,0,20,mm10
TTGCGTCCATCGCTCT-1,8753,7,hg19
TTGCGTCTCACTGTTT-1,2,31,mm10
TTGCGTCTCCACAGGC-1,5488,4,hg19
TTGCTGCGTCTTCGAA-1,4982,2,hg19
TTGCTGCTCAGGGATG-1,1,100,mm10
TTGCTGCTCGCACGGT-1,2,29,mm10
TTGGATGAGGGCGAAG-1,1,26,mm10
TTGGATGGTGCATCTA-1,0,74,mm10
TTGGATGTCCTTATCA-1,0,28,mm10
TTGGGATAGGTGGCTA-1,6603,5,hg19
TTGGGATCAATAGTCC-1,0,51,mm10
TTGGGATGTTCTGACA-1,11494,4,hg19
TTGGGCGTCAACTGGT-1,0,62,mm10
TTGGGCGTCAGAACCT-1,0,11,mm10
TTGGGTAAGCAAATCA-1,1,29,mm10
TTGGGTAAGCAATAGT-1,0,37,mm10
TTGGGTAGTCTCTCAC-1,0,13,mm10
TTGGGTAGTGTATTCG-1,0,26,mm10
TTGGGTAGTGTTGACT-1,0,19,mm10
TTGGGTATCCACCCTA-1,0,35,mm10
TTGGGTATCGTTCCCA-1,6419,7,hg19
TTGGTTTAGAAATTGC-1,7546,5,hg19
TTGGTTTAGCAAGTCG-1,3868,2,hg19
TTGGTTTCACCAAATC-1,0,51,mm10
TTGGTTTGTAAGCGGT-1,1,12,mm10
TTGGTTTTCAATCTCT-1,0,19,mm10
TTGGTTTTCACGATCA-1,0,61,mm10
TTGGTTTTCGTAGAGG-1,0,20,mm10
TTGTGGACAGGCAATG-1,0,49,mm10
TTGTGGATCCCAATAG-1,0,60,mm10
TTGTGTTTCGGTGCAC-1,3908,3,hg19
TTGTGTTTCTGTAAGC-1,0,24,mm10
TTGTTCAAGCAACTTC-1,6239,10,hg19
TTGTTCAAGCAGCGAT-1,0,72,mm10
TTGTTCAAGTGCAACG-1,1,12,mm10
TTGTTCACAACCGGAA-1,0,58,mm10
TTGTTCACACTTGTGA-1,0,95,mm10
TTGTTCACAGCGACCT-1,0,20,mm10
TTGTTCACAGGAGACT-1,0,35,mm10
TTGTTCAGTCTGTGGC-1,0,55,mm10
TTGTTCAGTGTGTGTT-1,0,29,mm10
TTGTTCATCGACATCA-1,6446,6,hg19
TTGTTTGAGAGTTCGG-1,0,41,mm10
TTGTTTGAGCATATGA-1,0,11,mm10
TTGTTTGAGCATGAAT-1,0,25,mm10
TTGTTTGAGCGTATGG-1,4821,8,hg19
TTGTTTGCAGAGGTAC-1,0,45,mm10
TTGTTTGCAGTTTCAG-1,7364,8,hg19
TTGTTTGGTTCCTAGA-1,4554,2,hg19
TTGTTTGTCCATTTAC-1,5589,8,hg19
TTGTTTGTCTACCAGA-1,5595,21,Multiplet
TTTACCAAGATTAGCA-1,1,82,mm10
TTTACCACACACGTGC-1,0,16,mm10
TTTACGTAGGGAGTTC-1,0,61,mm10
TTTACGTCAATGAGCG-1,1,59,mm10
TTTACGTCACCGTGCA-1,0,53,mm10
TTTACGTCAGGTCTCG-1,0,32,mm10
TTTACGTTCAATCCAG-1,0,27,mm10
TTTACGTTCACGGTCG-1,10037,21,Multiplet
TTTACGTTCCATTGGA-1,0,39,mm10
TTTACGTTCCTCTCTT-1,25,29,mm10
TTTACTGTCGATACTG-1,2474,2,hg19
TTTACTGTCTAAGCCA-1,2,45,mm10
TTTAGTCCAACGATCT-1,0,22,mm10
TTTAGTCCAGCAGTAG-1,2,31,mm10
TTTAGTCGTGTTCATG-1,0,34,mm10
TTTAGTCTCGGACCAC-1,1,64,mm10
TTTATGCAGCCTCAGC-1,8299,6,hg19
TTTATGCCATAATGAG-1,2578,5,hg19
TTTATGCGTTACCCTC-1,6960,1,hg19
TTTATGCGTTTGACAC-1,0,57,mm10
TTTCACAAGATACTGA-1,5333,9,hg19
TTTCACACAAGTTCGT-1,19,14,hg19
TTTCACAGTTGAAGTA-1,3335,15,Multiplet
TTTCAGTAGACGGTTG-1,2,49,mm10
TTTCAGTCACCGGTCA-1,0,44,mm10
TTTCAGTCATGCGTGC-1,2,89,mm10
TTTCATGAGCTGAGCA-1,0,15,mm10
TTTCATGCAACTGATC-1,5969,9,hg19
TTTCATGTCCAATCCC-1,0,37,mm10
TTTCCTCCACCCAACG-1,0,73,mm10
TTTCCTCCATGGCCAC-1,4234,14,Multiplet
TTTCCTCTCCTTCTTC-1,37,13,hg19
TTTCGATAGTTACGTC-1,1,42,mm10
TTTCGATCACTGAGTT-1,0,13,mm10
TTTCGATCACTTCAGA-1,0,20,mm10
TTTCGATGTATCGGTT-1,0,32,mm10
TTTCGATGTCAACATC-1,0,22,mm10
TTTCGATTCAATGCAC-1,0,48,mm10
TTTCGATTCTTTCAGT-1,3194,16,Multiplet
TTTGACTGTAGTCGGA-1,6994,10,hg19
TTTGACTTCACAGAGG-1,1,23,mm10
TTTGATCCAAGATCCT-1,0,115,mm10
TTTGATCTCAACGAGG-1,3635,1,hg19
TTTGATCTCAGTGTCA-1,1,59,mm10
TTTGGAGAGCCGATTT-1,443,17,hg19
TTTGGAGCACAGCCAC-1,2,68,mm10
TTTGGAGTCAAGAATG-1,1,57,mm10
TTTGGAGTCCTTGACC-1,2,17,mm10
TTTGGTTAGACGCATG-1,0,11,mm10
TTTGGTTAGGTAAGTT-1,0,29,mm10
TTTGGTTTCCACGTGG-1,1,87,mm10
TTTGTTGAGCCTCCAG-1,0,56,mm10
TTTGTTGAGTGCCCGT-1,0,44,mm10
TTTGTTGAGTGGAATT-1,2,49,mm10
TTTGTTGCAGGACATG-1,4589,10,hg19
TTTGTTGCATCGAAGG-1,4773,3,hg19
TTTGTTGGTATGGTAA-1,4359,7,hg19
TTTGTTGGTGCCCGTA-1,0,42,mm10
TTTGTTGTCTCCGAAA-1,1,10,mm10
