barcode,hg19,mm10,call
AAACCCAAGCAATTCC-1,3,67,mm10
AAACCCAAGGTTGAGC-1,0,59,mm10
AAACCCACACCTTCCA-1,0,14,mm10
AAACCCAGTACCTTCC-1,1,38,mm10
AAACCCAGTAGAGACC-1,1,63,mm10
AAACCCAGTATCTTCT-1,0,22,mm10
AAACGAACATACAGAA-1,0,34,mm10
AAACGAACATCCTTGC-1,0,52,mm10
AAACGAACATCGATAC-1,1,70,mm10
AAACGAATCAGTGGGA-1,2,53,mm10
AAACGAATCCGGACGT-1,809,2,hg19
AAACGCTCAATAGTAG-1,0,46,mm10
AAACGCTGTATCGGTT-1,4647,5,hg19
AAACGCTTCCCAGGAC-1,0,58,mm10
AAACGCTTCCTAGAGT-1,0,138,mm10
AAACGCTTCTCCTGTG-1,6226,16,hg19
AAAGAACCAGTTCTAG-1,4,58,mm10
AAAGAACTCCGGACGT-1,0,14,mm10
AAAGGATCAAATGGTA-1,0,25,mm10
AAAGGATGTCCCTGAG-1,1,35,mm10
AAAGGATGTGCGGTAA-1,0,25,mm10
AAAGGGCAGCATCCCG-1,5886,1,hg19
AAAGGGCAGGGTTGCA-1,1,48,mm10
AAAGGGCCAAATGGAT-1,1,46,mm10
AAAGGGCCACCAGCCA-1,77,7999,mm10
AAAGGGCCATGAGTAA-1,0,22,mm10
AAAGGGCGTTGCGTAT-1,1529,0,hg19
AAAGGTACACGTCATA-1,1125,4,hg19
AAAGGTACAGTCCCGA-1,2,47,mm10
AAAGGTACAGTTGTCA-1,0,34,mm10
AAAGGTACATCCTATT-1,1,78,mm10
AAAGGTAGTTCCGCAG-1,1,21,mm10
AAAGTCCGTGAGATTA-1,0,28,mm10
AAAGTCCTCACCACAA-1,0,105,mm10
AAAGTGAAGAAATTCG-1,0,50,mm10
AAAGTGAAGTCGGCAA-1,0,34,mm10
AAAGTGAAGTGCAGGT-1,1,33,mm10
AAAGTGAGTCAGTCTA-1,0,39,mm10
AAAGTGATCAAACCTG-1,4062,91,Multiplet
AAAGTGATCAATGTCG-1,3283,12,hg19
AAAGTGATCCGGTAAT-1,2,73,mm10
AAAGTGATCTGAGGCC-1,1,31,mm10
AACAAAGCAGTTACCA-1,0,58,mm10
AACAAAGGTCCTCCTA-1,13,27,mm10
AACAAAGGTGGAACCA-1,5688,8,hg19
AACAAAGTCATGAGTC-1,1,25,mm10
AACAACCAGACCTTTG-1,0,28,mm10
AACAACCGTCGATGCC-1,3839,7,hg19
AACAACCGTCGCCACA-1,2,76,mm10
AACAACCGTTAGGCTT-1,0,91,mm10
AACAAGAAGGATCATA-1,0,20,mm10
AACAAGACATGGAAGC-1,0,18,mm10
AACAAGATCGGCAGTC-1,5146,23,Multiplet
AACACACCACTTGTGA-1,0,13,mm10
AACACACCAGCACCCA-1,5643,8,hg19
AACAGGGAGAGGATGA-1,3822,4,hg19
AACAGGGAGTAGTCTC-1,0,40,mm10
AACAGGGGTATCGAGG-1,0,20,mm10
AACAGGGGTGCCGTTG-1,1,83,mm10
AACAGGGTCCTTGGAA-1,0,68,mm10
AACCAACCACCAGTTA-1,0,37,mm10
AACCAACGTGCAATGG-1,0,82,mm10
AACCACAAGATGTAGT-1,0,17,mm10
AACCACACAAACACCT-1,1,98,mm10
AACCACACAAGAGGCT-1,2,58,mm10
AACCACACAATCTAGC-1,0,58,mm10
AACCATGAGTATGTAG-1,0,49,mm10
AACCATGCAGCACCCA-1,1,38,mm10
AACCATGGTAACATCC-1,1,67,mm10
AACCATGGTTGGGACA-1,27,47,mm10
AACCATGTCCGGTAAT-1,1,57,mm10
AACCATGTCGACGATT-1,8134,10,hg19
AACCATGTCTGCTTTA-1,2066,7,hg19
AACCCAAAGTAACGTA-1,2843,8,hg19
AACCCAACATTGTCGA-1,0,22,mm10
AACCTGAAGGCCCAAA-1,0,47,mm10
AACCTGACAACACAGG-1,3572,10,hg19
AACCTGACACGTATAC-1,13066,4,hg19
AACCTGAGTTGTGTAC-1,0,24,mm10
AACCTGATCCGTTTCG-1,1,72,mm10
AACCTTTAGGTACTGG-1,0,64,mm10
AACCTTTCATACAGCT-1,2,69,mm10
AACCTTTTCCTTATAC-1,1,62,mm10
AACCTTTTCGATACGT-1,0,51,mm10
AACCTTTTCTTCCCAG-1,1,28,mm10
AACGAAAAGTCTTGGT-1,1,42,mm10
AACGAAAGTGAGTTGG-1,4754,1,hg19
AACGGGAAGGACAACC-1,1,45,mm10
AACGGGAGTGCAATAA-1,0,57,mm10
AACGTCAGTTATTCTC-1,0,33,mm10
AACGTCATCAGAGTTC-1,0,18,mm10
AACTTCTAGAGAGGTA-1,0,52,mm10
AACTTCTCAAGAGCTG-1,0,83,mm10
AACTTCTCACCCTGAG-1,0,37,mm10
AACTTCTGTAATTGGA-1,0,35,mm10
AACTTCTGTCCGGTGT-1,0,13,mm10
AACTTCTGTGGATTTC-1,0,72,mm10
AAGAACAAGAAGCGAA-1,0,32,mm10
AAGAACAAGCTGACCC-1,5593,6,hg19
AAGAACAAGCTGAGCA-1,3,36,mm10
AAGAACAAGGTTCTAC-1,4223,8,hg19
AAGAACACATCGATAC-1,1,73,mm10
AAGAACAGTGTGTCCG-1,0,68,mm10
AAGAACAGTTAGAAAC-1,0,26,mm10
AAGAACATCAAGAGGC-1,0,55,mm10
AAGACAAAGTGATTCC-1,0,26,mm10
AAGACAAGTACACTCA-1,6448,9,hg19
AAGACAAGTCAACCTA-1,986,4,hg19
AAGACAATCACTGCTC-1,0,25,mm10
AAGACAATCCGAAGGA-1,2,67,mm10
AAGACAATCTCGGTAA-1,2,47,mm10
AAGACTCAGCAATAGT-1,1,106,mm10
AAGACTCAGCGACATG-1,0,27,mm10
AAGACTCCACAACCGC-1,0,87,mm10
AAGACTCGTTGAAGTA-1,0,65,mm10
AAGACTCTCAATGCAC-1,0,47,mm10
AAGACTCTCTCTTGCG-1,0,31,mm10
AAGATAGCACGATTCA-1,0,41,mm10
AAGATAGGTTGTTGAC-1,2,76,mm10
AAGCATCCACCATTCC-1,3350,5,hg19
AAGCATCCAGCAGTTT-1,1,95,mm10
AAGCATCGTCGGCTAC-1,4829,45,Multiplet
AAGCATCTCATTCATC-1,5313,15,hg19
AAGCCATCATGACCCG-1,0,39,mm10
AAGCCATGTGGGCTTC-1,0,75,mm10
AAGCCATGTTCTGACA-1,1,47,mm10
AAGCCATTCTCGTGAA-1,1,74,mm10
AAGCGAGAGCGTATGG-1,1,25,mm10
AAGCGAGAGTGTACAA-1,13,14010,mm10
AAGCGAGAGTGTACAG-1,0,248,mm10
AAGCGAGAGTGTGCAA-1,1,271,mm10
AAGCGAGCAACGGCTC-1,0,20,mm10
AAGCGAGCAGTGAGCA-1,7224,9,hg19
AAGCGAGGTCTGCCTT-1,0,36,mm10
AAGCGTTAGTTGCGAG-1,0,18,mm10
AAGCGTTCAAACTGCT-1,13400,10,hg19
AAGCGTTCAGGGAGAG-1,2,52,mm10
AAGCGTTCATAGGCGA-1,0,62,mm10
AAGCGTTTCTCTGCTG-1,3,53,mm10
AAGGTAAAGTGCGTCC-1,2,68,mm10
AAGGTAAAGTGCTAGG-1,1,43,mm10
AAGGTAAGTATAGGAT-1,0,35,mm10
AAGGTAAGTGTCCTAA-1,0,53,mm10
AAGTACCGTGTCATTG-1,1,36,mm10
AAGTCGTAGATGTAGT-1,1,45,mm10
AAGTCGTAGCGTGAAC-1,2,30,mm10
AAGTCGTCAAGTGGTG-1,1,31,mm10
AAGTCGTTCGCAATTG-1,1,20,mm10
AAGTGAAAGCAGTACG-1,0,21,mm10
AAGTGAAAGGCATCTT-1,0,25,mm10
AAGTGAAAGGTTCTAC-1,0,39,mm10
AAGTGAAGTTCCTAGA-1,1,33,mm10
AAGTTCGAGTTCACTG-1,0,45,mm10
AAGTTCGCAGAACGCA-1,0,42,mm10
AAGTTCGTCGGATAAA-1,0,28,mm10
AAGTTCGTCGGTAGAG-1,1,38,mm10
AATAGAGCATGTTTGG-1,1,50,mm10
AATAGAGGTGACAGGT-1,3,42,mm10
AATAGAGTCCTCGATC-1,0,48,mm10
AATCACGAGAATTGCA-1,3492,4,hg19
AATCACGCACCCAATA-1,0,35,mm10
AATCACGGTGCCGTTG-1,0,13,mm10
AATCACGTCGCTACAA-1,0,17,mm10
AATCACGTCGGCTCTT-1,0,37,mm10
AATCACGTCTCAGTCC-1,2,77,mm10
AATCGACAGACTAAGT-1,3630,4,hg19
AATCGACCACCCGTAG-1,2825,5,hg19
AATCGACGTAATGATG-1,0,58,mm10
AATCGTGAGAGTCACG-1,1,74,mm10
AATCGTGGTGAGACGT-1,0,24,mm10
AATGAAGAGAGGCGTT-1,0,41,mm10
AATGAAGAGTGCACTT-1,1,34,mm10
AATGAAGTCCGAGGCT-1,2,43,mm10
AATGACCAGCGTGTCC-1,0,19,mm10
AATGACCAGGTAGCCA-1,6800,8,hg19
AATGACCAGTGGCAGT-1,1,71,mm10
AATGACCCAACAGCTT-1,0,135,mm10
AATGACCGTGAAGCGT-1,2939,8,hg19
AATGACCGTTACACTG-1,5745,11,hg19
AATGCCAAGGTCATCT-1,0,13,mm10
AATGCCATCCCTATTA-1,2,38,mm10
AATGGAAAGCATTTGC-1,971,7,hg19
AATGGAAGTGAGATCG-1,2,44,mm10
AATGGAATCGAGAACG-1,1,85,mm10
AATGGCTGTGTTCCTC-1,4675,2,hg19
AATGGCTTCACAGTGT-1,1,21,mm10
AATGGCTTCACTGGTA-1,1,88,mm10
AATTCCTAGAGAAGGT-1,4263,17,Multiplet
AATTCCTAGTAAGACT-1,6201,6,hg19
AATTCCTCATAGTCAC-1,0,13,mm10
AATTCCTGTAAGTTAG-1,0,55,mm10
AATTCCTTCATTGCTT-1,1,31,mm10
AATTCCTTCCGTCCTA-1,0,20,mm10
AATTTCCAGGGTACAC-1,0,16,mm10
ACAAAGAAGTCGAGGT-1,0,16,mm10
ACAAAGAGTAAGTTGA-1,0,14,mm10
ACAAAGAGTGAATTAG-1,4572,3,hg19
ACAAAGAGTTAGTCGT-1,0,115,mm10
ACAAAGAGTTCTTGCC-1,0,35,mm10
ACAAAGATCTAACGCA-1,5901,11,hg19
ACAACCAAGATACAGT-1,3037,3,hg19
ACAACCAAGCCTTCTC-1,2,106,mm10
ACAACCACAGCACGAA-1,0,30,mm10
ACAACCATCCGTTTCG-1,0,17,mm10
ACAACCATCGGTCTAA-1,7499,3,hg19
ACAAGCTAGACTTCGT-1,1,47,mm10
ACAAGCTAGCATTGAA-1,18,57,mm10
ACAAGCTAGTCCCGGT-1,2132,6,hg19
ACAAGCTGTTAGCTAC-1,7859,5,hg19
ACACAGTAGACGCTCC-1,0,65,mm10
ACACAGTAGGTAAAGG-1,10057,6,hg19
ACACAGTAGTTGTAGA-1,3,46,mm10
ACACAGTGTCCCGCAA-1,33,40,mm10
ACACAGTGTCCGGTCA-1,1,15,mm10
ACACAGTGTGTAAATG-1,5,30,mm10
ACACCAACAATAAGGT-1,3,51,mm10
ACACCAAGTGTTTGCA-1,7166,7,hg19
ACACCAAGTTCTCGCT-1,0,17,mm10
ACACCAAGTTGCTAGT-1,1,52,mm10
ACACGCGAGGCATCAG-1,0,32,mm10
ACACGCGCAGCTGAGA-1,0,14,mm10
ACACGCGTCGCCGATG-1,0,50,mm10
ACACGCGTCTAGTGAC-1,0,34,mm10
ACACTGAAGCAGCCTC-1,1,35,mm10
ACACTGATCAACGTGT-1,0,35,mm10
ACACTGATCGAGAAGC-1,5428,6,hg19
ACAGAAAAGCTACTGT-1,0,30,mm10
ACAGAAATCTGCTCTG-1,1,77,mm10
ACAGAAATCTTCCCGA-1,0,36,mm10
ACAGCCGAGGACTATA-1,0,61,mm10
ACAGCCGGTACCTGTA-1,0,28,mm10
ACAGCCGTCAAAGAAC-1,0,26,mm10
ACAGCCGTCATTTCCA-1,23,85,mm10
ACAGCCGTCTTGGGCG-1,0,67,mm10
ACAGGGAGTACAGTCT-1,0,38,mm10
ACATCCCAGACATCCT-1,1,59,mm10
ACATCCCTCCGTAGGC-1,0,28,mm10
ACATCCCTCCTCGCAC-1,0,33,mm10
ACATCCCTCCTCGCAT-1,63,2535,mm10
ACATCGAAGGACATCG-1,516,2,hg19
ACATCGAGTATCCCAA-1,0,68,mm10
ACATCGATCGTCCTCA-1,1536,3,hg19
ACATGCAAGGTAAGAG-1,0,35,mm10
ACATGCAAGTCAGAGC-1,1,60,mm10
ACATGCAGTCCAGCCA-1,1,74,mm10
ACATGCATCCATCGTC-1,2,49,mm10
ACATGCATCGTCGCTT-1,1,58,mm10
ACATTTCAGTATGGCG-1,0,28,mm10
ACATTTCTCACCCTTG-1,0,48,mm10
ACATTTCTCCGTTGGG-1,1,91,mm10
ACATTTCTCGCTCCTA-1,0,18,mm10
ACCAAACGTCGTACAT-1,0,32,mm10
ACCAAACGTGGCATCC-1,0,57,mm10
ACCAACACAAATCAAG-1,0,37,mm10
ACCAACACAGAGGTTG-1,1,88,mm10
ACCAACAGTACCGTGC-1,0,14,mm10
ACCAACAGTGCAACAG-1,6845,9,hg19
ACCAACATCCACTAGA-1,0,67,mm10
ACCACAAAGGAACTAT-1,0,57,mm10
ACCACAACACCTCCTA-1,0,24,mm10
ACCACAAGTCCTCCAT-1,0,19,mm10
ACCACAAGTCCTCCTA-1,131,38286,mm10
ACCACAAGTCGTCATA-1,0,14,mm10
ACCACAATCACTCTTA-1,0,49,mm10
ACCACAATCCACACAA-1,1,45,mm10
ACCACAATCCATCCTA-1,0,13,mm10
ACCACAATCCTCGATC-1,880,4,hg19
ACCACAATCGGAGTGA-1,0,50,mm10
ACCACAATCTGAATGC-1,0,23,mm10
ACCATTTAGGGTGGGA-1,0,33,mm10
ACCATTTCACAAGCTT-1,0,84,mm10
ACCCAAACACAGACGA-1,1,15,mm10
ACCCAAATCATTACCT-1,1,56,mm10
ACCCAAATCCCGAATA-1,7586,8,hg19
ACCCTCAAGTCCCGGT-1,6170,7,hg19
ACCCTCACAGGATCTT-1,3,86,mm10
ACCCTCAGTGTAGTGG-1,0,43,mm10
ACCCTTGCACACCTAA-1,0,25,mm10
ACCCTTGGTCGGCTAC-1,1,48,mm10
ACCCTTGTCAGATGCT-1,0,42,mm10
ACCCTTGTCTCGCTTG-1,4408,0,hg19
ACCGTTCGTCTAATCG-1,5352,14,hg19
ACCGTTCGTTATGTGC-1,1,38,mm10
ACCGTTCTCCACACCT-1,1,82,mm10
ACCTACCTCAGAGTTC-1,0,23,mm10
ACCTGAAAGACTACGG-1,3805,3,hg19
ACCTGAATCAGCTTCC-1,2,59,mm10
ACCTGTCAGTCATTGC-1,1,59,mm10
ACGATCACAAGGTTGG-1,4403,1,hg19
ACGATCACACTTGTCC-1,0,16,mm10
ACGATCACATAGAGGC-1,0,74,mm10
ACGATGTAGAGCAGTC-1,0,28,mm10
ACGATGTCATAGAGGC-1,0,60,mm10
ACGATGTTCCAAGCAT-1,0,13,mm10
ACGCACGTCCTAGCTC-1,5,45,mm10
ACGGAAGAGTTCATCG-1,2,21,mm10
ACGGAAGCACCGTCGA-1,4852,6,hg19
ACGGAAGCACTACCGG-1,0,34,mm10
ACGGAAGCATGACTGT-1,3708,5,hg19
ACGGAAGGTGACAACG-1,2822,10,hg19
ACGGAAGTCCTGTACC-1,0,67,mm10
ACGGGTCAGCCGATTT-1,0,75,mm10
ACGGGTCAGGCTCACC-1,5985,3,hg19
ACGGGTCAGTGCTCGC-1,0,14,mm10
ACGGGTCCATCATGAC-1,8864,21,Multiplet
ACGGGTCGTTCGAAGG-1,0,44,mm10
ACGGGTCTCCAACTAG-1,1,42,mm10
ACGGTCGCACCGGTCA-1,0,13,mm10
ACGGTCGCATTCTTCA-1,2,45,mm10
ACGGTCGGTTGCGTAT-1,0,81,mm10
ACGGTCGTCGGTTGTA-1,0,31,mm10
ACGGTCGTCTCGTCGT-1,1187,0,hg19
ACGGTTAAGTGGACGT-1,5452,4,hg19
ACGGTTACACAAGCAG-1,0,41,mm10
ACGTAACAGGAACATT-1,1,23,mm10
ACGTAACGTCATCTAG-1,0,13,mm10
ACGTAACGTGTTCGTA-1,0,164,mm10
ACGTACAAGCGTCTGC-1,0,32,mm10
ACGTACAGTAGCGTCC-1,0,78,mm10
ACGTACATCGATTCCC-1,1,57,mm10
ACGTAGTCATCAGCAT-1,1,58,mm10
ACGTAGTTCCCACAGG-1,0,101,mm10
ACGTCCTCATCGAACT-1,22,14,hg19
ACGTCCTTCACTCTTA-1,1,68,mm10
ACGTTCCAGACGCCAA-1,5261,6,hg19
ACGTTCCAGGAACGCT-1,0,18,mm10
ACGTTCCAGTTGTCGT-1,1,57,mm10
ACGTTCCCACCGTGGT-1,0,50,mm10
ACTACGACAATTGAAG-1,2,47,mm10
ACTACGACATGAGAAT-1,3008,6,hg19
ACTACGATCCACACAA-1,4644,4,hg19
ACTATCTGTTGGCCGT-1,3,76,mm10
ACTATCTTCACCTCGT-1,1,74,mm10
ACTATGGAGAGAATCT-1,0,14,mm10
ACTATGGAGAGCTGAC-1,4068,9,hg19
ACTATGGAGCACCGTC-1,0,14,mm10
ACTATGGAGCCTGTCG-1,0,36,mm10
ACTATGGCACGGTGAA-1,0,80,mm10
ACTATTCAGTGCCAGA-1,10,58,mm10
ACTATTCCATTCTGTT-1,2,83,mm10
ACTATTCGTTATTCTC-1,0,64,mm10
ACTATTCGTTGGGTTT-1,0,31,mm10
ACTATTCTCCTGGGTG-1,1195,13,hg19
ACTCCCAAGAAGCGGG-1,1,73,mm10
ACTCCCAAGCCTTGAT-1,0,73,mm10
ACTCCCACACGCGCAT-1,6043,9,hg19
ACTCCCAGTTCTTGTT-1,0,17,mm10
ACTCTCGAGTCACTAC-1,0,42,mm10
ACTCTCGCAGCGCGTT-1,3993,4,hg19
ACTCTCGGTCCACAGC-1,4891,1,hg19
ACTCTCGGTCTGCAAT-1,0,45,mm10
ACTCTCGGTGGTAACG-1,0,37,mm10
ACTGATGCAAGAGTTA-1,0,38,mm10
ACTGATGCACACAGCC-1,557,27,hg19
ACTGATGCAGGTGAGT-1,0,25,mm10
ACTGATGGTGTCGATT-1,6594,6,hg19
ACTGATGTCATGTCTT-1,5429,6,hg19
ACTGATGTCGAGATGG-1,0,129,mm10
ACTGCAACAGATACTC-1,2,23,mm10
ACTGCAACATCTCATT-1,0,29,mm10
ACTGCAACATTAAGCC-1,0,26,mm10
ACTGCAAGTAGCCAGA-1,4908,11,hg19
ACTGCAATCTGGACCG-1,9220,13,hg19
ACTGTCCCAAGTGATA-1,11,24,mm10
ACTGTCCCAGAAGTGC-1,0,59,mm10
ACTGTCCGTAGCTTTG-1,1,51,mm10
ACTGTCCTCGTTCAGA-1,0,34,mm10
ACTGTGAAGAGAGCGG-1,0,28,mm10
ACTGTGAAGGACTAAT-1,3327,10,hg19
ACTGTGACAATGGGTG-1,0,19,mm10
ACTGTGACACGGGCTT-1,1,64,mm10
ACTGTGATCTCGAGTA-1,0,25,mm10
ACTTATCAGTCAGCGA-1,5882,2,hg19
ACTTATCCAGCACCCA-1,0,27,mm10
ACTTATCCATTCACAG-1,2,43,mm10
ACTTATCGTCATCAGT-1,4630,4,hg19
ACTTATCGTGCGCTCA-1,0,32,mm10
ACTTATCTCACAATGC-1,0,162,mm10
ACTTCCGCAGTACTAC-1,1,69,mm10
ACTTCGCAGTTCATCG-1,0,41,mm10
ACTTCGCTCCAATGCA-1,0,23,mm10
ACTTTCAAGCACTCTA-1,1,33,mm10
ACTTTCAAGCTCTGTA-1,0,67,mm10
ACTTTCACAACCCTAA-1,0,26,mm10
ACTTTCACACCGTACG-1,0,39,mm10
ACTTTGTAGCTCTTCC-1,0,33,mm10
ACTTTGTGTCAATCTG-1,0,35,mm10
ACTTTGTGTTGATGTC-1,0,25,mm10
ACTTTGTTCGCTCCTA-1,1,30,mm10
AGAAATGAGACTCCGC-1,1745,5,hg19
AGAAATGAGCTAGTTC-1,0,37,mm10
AGAAATGCAATGACCT-1,0,91,mm10
AGAAATGCACAGTATC-1,1,34,mm10
AGAAATGCATACCATG-1,0,25,mm10
AGAAATGTCAACCGAT-1,1,34,mm10
AGAAATGTCATCGCTC-1,0,47,mm10
AGAACAAAGACCAGCA-1,0,43,mm10
AGAACAAAGGACAACC-1,0,27,mm10
AGAACAAAGTAAGCAT-1,1,48,mm10
AGAACAAGTTCTTAGG-1,5784,4,hg19
AGAACCTAGCTGAAGC-1,5157,9,hg19
AGAACCTAGGCTGTAG-1,1,52,mm10
AGAACCTAGGTCATAA-1,7777,15,hg19
AGAACCTCACCCAAGC-1,1,86,mm10
AGAACCTCACGCTATA-1,3285,17,Multiplet
AGAACCTTCCGTCAAA-1,2,60,mm10
AGAAGCGAGGACTAAT-1,1,13,mm10
AGAAGCGAGGTTACAA-1,0,21,mm10
AGAAGCGTCCGACGGT-1,0,14,mm10
AGAAGTAAGGTGCCTC-1,2599,2,hg19
AGAAGTAGTCCATCTC-1,0,33,mm10
AGACAAAAGAGGGTAA-1,1886,4,hg19
AGACAAAAGGTAGGCT-1,5595,5,hg19
AGACAAACAATCCAGT-1,1,50,mm10
AGACACTAGCATCTTG-1,5155,19,Multiplet
AGACACTAGCCGTAAG-1,0,91,mm10
AGACACTAGTCTGGAG-1,5245,4,hg19
AGACACTGTTAAGGAT-1,1,51,mm10
AGACACTGTTACACAC-1,0,83,mm10
AGACAGGAGCGAGAAA-1,0,13,mm10
AGACAGGAGCTAGAGC-1,0,32,mm10
AGACAGGCATATCGGT-1,0,54,mm10
AGACAGGGTACACGTT-1,5748,14,hg19
AGACAGGGTATCGTTG-1,0,52,mm10
AGACAGGGTGGCCCAT-1,3233,4,hg19
AGACAGGTCCTGGTCT-1,6441,13,hg19
AGACAGGTCTAAGGAA-1,0,105,mm10
AGACCATAGCTACGTT-1,0,49,mm10
AGACCATAGTAAACTG-1,0,75,mm10
AGACCATAGTGCCTCG-1,0,31,mm10
AGACCATCAAAGACGC-1,0,57,mm10
AGACCATGTACCGGCT-1,1,55,mm10
AGACCCGAGATCGGTG-1,0,78,mm10
AGACCCGGTAGCGTTT-1,0,51,mm10
AGACCCGGTTTAGAGA-1,2810,7,hg19
AGACTCAAGTAACAGT-1,0,81,mm10
AGACTCACACACAGCC-1,336,14,hg19
AGACTCACAGAGCCCT-1,3626,5,hg19
AGACTCACAGATCATC-1,0,19,mm10
AGACTCATCAAGTCGT-1,0,14,mm10
AGACTCATCTACACAG-1,1,48,mm10
AGAGAATCAACCGCTG-1,0,85,mm10
AGAGAATGTGGAGAAA-1,1,25,mm10
AGAGAATTCTCACTCG-1,0,60,mm10
AGAGAGCAGGAGCAAA-1,1,54,mm10
AGAGAGCAGTGGTTGG-1,0,15,mm10
AGAGAGCTCAGGGATG-1,664,4,hg19
AGAGAGCTCGCACTCT-1,14045,21,Multiplet
AGAGCAGAGGGTCTTT-1,6135,5,hg19
AGAGCAGCACATATGC-1,0,28,mm10
AGAGCAGCATCATTTC-1,0,36,mm10
AGAGCAGGTAGCGCTC-1,1,94,mm10
AGAGCCCCACATGGTT-1,4578,24,Multiplet
AGATAGAAGCATACTC-1,2379,1,hg19
AGATAGAAGTCCCGAC-1,0,74,mm10
AGATAGACAGAGTAAT-1,3153,5,hg19
AGATAGATCGGAAACG-1,4606,2,hg19
AGATAGATCTCACGAA-1,0,56,mm10
AGATAGATCTCGGTCT-1,0,28,mm10
AGATAGATCTGCGATA-1,0,17,mm10
AGATCCAAGCTAAATG-1,5899,28,Multiplet
AGATCCAGTCACTCTC-1,0,20,mm10
AGATCGTAGAGGGTAA-1,1,133,mm10
AGATCGTCACAAAGTA-1,1,22,mm10
AGATGAAGTCAATGGG-1,1,34,mm10
AGATGAATCAGTCACA-1,1,50,mm10
AGATGCTGTTGTGGCC-1,0,45,mm10
AGATGCTTCCGCGAGT-1,0,19,mm10
AGCATCAAGCACTAAA-1,0,44,mm10
AGCATCACACTTGTCC-1,0,59,mm10
AGCATCAGTCAAAGAT-1,0,70,mm10
AGCATCAGTCCAGCCA-1,0,62,mm10
AGCCAATAGAGCAGCT-1,0,33,mm10
AGCCAATAGAGTCAGC-1,0,54,mm10
AGCCAATAGGAAAGGT-1,2510,2,hg19
AGCCAATCAAATTGCC-1,0,34,mm10
AGCCAATGTGATTCTG-1,11,22,mm10
AGCCACGAGTACTGGG-1,0,14,mm10
AGCCACGCACCCAAGC-1,0,58,mm10
AGCCACGGTAGTCACT-1,0,51,mm10
AGCCACGGTATGACAA-1,0,38,mm10
AGCCACGGTCTAGTGT-1,0,33,mm10
AGCCAGCGTCTTGCTC-1,2095,66,Multiplet
AGCCAGCTCTAAGGAA-1,1,71,mm10
AGCGATTGTACGATTC-1,1,51,mm10
AGCGATTGTACTCGAT-1,0,18,mm10
AGCGATTTCGAACTCA-1,1,99,mm10
AGCGATTTCGATACAC-1,6275,8,hg19
AGCGCCAAGAATAGTC-1,5672,5,hg19
AGCGCCAAGGTGCCTC-1,0,62,mm10
AGCGCCAGTCTGCCTT-1,2,33,mm10
AGCGCCAGTGCCTACG-1,2,26,mm10
AGCGCCATCGCCAGTG-1,1770,3,hg19
AGCGCTGAGACGGAAA-1,0,24,mm10
AGCGCTGAGGTCATTC-1,1,34,mm10
AGCGCTGTCAGAACCT-1,3,46,mm10
AGCGCTGTCGGTTGTA-1,1,40,mm10
AGCGTATAGACAAGCC-1,646,15,hg19
AGCGTATAGATCCTAC-1,1,117,mm10
AGCGTATGTATCGCTA-1,0,62,mm10
AGCGTATGTTCAATCG-1,0,18,mm10
AGCGTATTCACTCTTA-1,0,17,mm10
AGCGTCGAGAGGCCAT-1,0,17,mm10
AGCGTCGCAGGCGAAT-1,4253,2,hg19
AGCTACAAGATCGGGC-1,0,13,mm10
AGCTACAAGATTGGGC-1,18,869,mm10
AGCTACAAGCTGGCCT-1,2915,1,hg19
AGCTACAAGGGTATAT-1,0,48,mm10
AGCTACAAGGTAAAGG-1,0,51,mm10
AGCTACAAGTCATTGC-1,0,15,mm10
AGCTACAGTCGAAGCA-1,0,19,mm10
AGCTACATCAACACCA-1,0,24,mm10
AGCTCAAAGCAATTCC-1,0,13,mm10
AGCTCAACAGCATCTA-1,1,89,mm10
AGCTCAAGTCACCTTC-1,0,36,mm10
AGCTTCCTCCGTGTGG-1,0,36,mm10
AGGAAATAGGAAAGTG-1,0,28,mm10
AGGAAATTCGTCTAAG-1,0,31,mm10
AGGAATAAGACGTCGA-1,1,45,mm10
AGGAATACAGACAAAT-1,0,107,mm10
AGGACGAAGAACCCGA-1,1,44,mm10
AGGACGAAGCATGCAG-1,1,25,mm10
AGGACGAGTCCTGGGT-1,0,58,mm10
AGGACGAGTCTAGGTT-1,5079,0,hg19
AGGACGAGTGCAACAG-1,0,47,mm10
AGGACGAGTGTAGTGG-1,0,48,mm10
AGGACTTCAGCTTTCC-1,0,35,mm10
AGGACTTGTACCTGTA-1,0,63,mm10
AGGAGGTAGAAACCAT-1,0,16,mm10
AGGAGGTCACTCCTTG-1,0,58,mm10
AGGATAAAGAAGTCTA-1,4604,1,hg19
AGGATAACATGAGATA-1,7921,14,hg19
AGGATAATCATGACAC-1,1,16,mm10
AGGATAATCCATGAGT-1,0,31,mm10
AGGATCTCACCTTCGT-1,0,32,mm10
AGGATCTGTACCGGAA-1,0,56,mm10
AGGATCTGTATTTCTC-1,17,63,mm10
AGGCATTCATCGTTCC-1,1,31,mm10
AGGCATTTCATCTATC-1,7049,20,Multiplet
AGGCTGCCACCAGTTA-1,1,64,mm10
AGGCTGCCAGAGACTG-1,2958,1,hg19
AGGCTGCGTTGGAGGT-1,0,32,mm10
AGGCTGCTCCTCATAT-1,1,33,mm10
AGGGAGTAGCTCTATG-1,0,22,mm10
AGGGAGTAGGAGGTTC-1,2,49,mm10
AGGGAGTAGGCTCAAG-1,0,27,mm10
AGGGAGTGTCGACTGC-1,4873,2,hg19
AGGGCCTAGGTTACAA-1,5670,3,hg19
AGGGCCTCAGGACTAG-1,0,15,mm10
AGGGCCTTCCACATAG-1,1,64,mm10
AGGGCCTTCTGGTCAA-1,0,44,mm10
AGGGCTCTCATGGAGG-1,0,41,mm10
AGGGCTCTCCTGGTCT-1,1,39,mm10
AGGGTCCAGTAGCATA-1,0,73,mm10
AGGGTCCTCTCCTACG-1,0,42,mm10
AGGGTCCTCTTGGATG-1,2,74,mm10
AGGGTGACATACAGGG-1,1,54,mm10
AGGGTTTCACCGTGCA-1,0,55,mm10
AGGGTTTGTATCCTCC-1,8340,10,hg19
AGGGTTTTCAGTCTTT-1,1,44,mm10
AGGGTTTTCGTTGTGA-1,0,84,mm10
AGGGTTTTCTTTCCAA-1,0,23,mm10
AGGTAGGAGCCAGAGT-1,0,22,mm10
AGGTAGGCACGTAGAG-1,1,20,mm10
AGGTAGGCAGTCGCTG-1,6212,3,hg19
AGGTAGGGTCCAGAAG-1,4305,13,hg19
AGGTAGGGTGACTAAA-1,2,30,mm10
AGGTAGGTCGAGCCTG-1,9886,4,hg19
AGGTCATAGTCGTCTA-1,10869,6,hg19
AGGTCATCAAGAGTGC-1,0,19,mm10
AGGTCATGTCAGTCCG-1,1,39,mm10
AGGTCATTCAAATAGG-1,0,21,mm10
AGGTCATTCTAGATCG-1,0,46,mm10
AGGTCTAAGAGGCCAT-1,1,87,mm10
AGGTCTAGTAGTGGCA-1,0,20,mm10
AGGTCTAGTGACGTCC-1,1,72,mm10
AGGTCTATCAGCTCTC-1,3941,8,hg19
AGGTCTATCCTCTCGA-1,0,55,mm10
AGGTGTTCATACCAGT-1,1,41,mm10
AGGTGTTGTAGATCGG-1,63,69,mm10
AGGTGTTTCTTGCGCT-1,0,36,mm10
AGGTTACAGGTAGATT-1,0,43,mm10
AGGTTACCACGCACCA-1,0,16,mm10
AGGTTACCATGAAGCG-1,0,46,mm10
AGGTTACTCTTTGCGC-1,1,55,mm10
AGGTTGTCAATACAGA-1,0,15,mm10
AGGTTGTCACGACCTG-1,1,61,mm10
AGGTTGTCATCCGTTC-1,0,100,mm10
AGTAACCCAATTGAGA-1,0,33,mm10
AGTAACCCACTTGACA-1,3981,4,hg19
AGTAACCCAGGTTTAC-1,5373,8,hg19
AGTAACCTCGGTCATA-1,0,18,mm10
AGTACCAAGCCGGATA-1,0,64,mm10
AGTACCAGTACAACGG-1,0,46,mm10
AGTACCAGTCTTTCTA-1,0,65,mm10
AGTACCATCAATCCAG-1,0,14,mm10
AGTACCATCTTCACGC-1,17,40,mm10
AGTACTGAGAACGCGT-1,0,23,mm10
AGTACTGCAACCGTAT-1,0,49,mm10
AGTACTGTCCGTGGCA-1,33,326,mm10
AGTAGCTCACTTGTGA-1,0,16,mm10
AGTAGCTCATAACGGG-1,0,57,mm10
AGTAGCTGTCGCAGTC-1,0,44,mm10
AGTAGTCTCACAAGGG-1,1,53,mm10
AGTCAACAGGCATCTT-1,6052,15,hg19
AGTCAACAGGGAGTGG-1,1,73,mm10
AGTCAACAGGTGCCAA-1,2,77,mm10
AGTCAACCAAGGGTCA-1,1,88,mm10
AGTCAACGTAAGCTCT-1,5427,1,hg19
AGTCAACGTTGCATAC-1,0,38,mm10
AGTCACAGTCAGGCAA-1,0,57,mm10
AGTCACAGTCCAGAAG-1,0,16,mm10
AGTCATGCAATGACCT-1,0,45,mm10
AGTCATGTCCATTTAC-1,0,32,mm10
AGTCATGTCCCAATAG-1,4362,14,hg19
AGTCATGTCGCCGTGA-1,0,65,mm10
AGTCTCCAGAGTACCG-1,5862,6,hg19
AGTCTCCAGGTAAGAG-1,0,41,mm10
AGTCTCCCAGAAATTG-1,834,2,hg19
AGTCTCCGTACTCGCG-1,0,18,mm10
AGTGACTAGTAAAGCT-1,0,20,mm10
AGTGACTAGTAGGGTC-1,2588,4,hg19
AGTGACTCAACGTAAA-1,5197,5,hg19
AGTGACTCAAGGATGC-1,1,33,mm10
AGTGACTCACGCGGTT-1,8177,6,hg19
AGTGACTCATACTGTG-1,1,41,mm10
AGTGACTTCTTTGGAG-1,11,70,mm10
AGTGATCCAGGCACAA-1,5478,3,hg19
AGTGATCGTACCATAC-1,0,180,mm10
AGTGATCTCTATTTCG-1,0,34,mm10
AGTGCCGAGAAGAACG-1,0,82,mm10
AGTGCCGGTAGGAGGG-1,0,35,mm10
AGTGCCGGTCCTCAGG-1,1,22,mm10
AGTGCCGGTTACCCAA-1,1,30,mm10
AGTGTTGAGCCATTGT-1,0,53,mm10
AGTGTTGGTGTTTCTT-1,4213,3,hg19
AGTTAGCAGGTTAGTA-1,1,69,mm10
AGTTAGCAGTGTTGAA-1,3405,1,hg19
AGTTAGCGTGCGTGCT-1,0,58,mm10
AGTTAGCGTTGGGTTT-1,0,20,mm10
AGTTAGCTCTGAGGCC-1,1,26,mm10
AGTTCCCAGCTGCCAC-1,1,43,mm10
AGTTCCCAGTCGTCTA-1,1,28,mm10
AGTTCCCCAGGAATCG-1,0,46,mm10
AGTTCCCGTATCAAGA-1,0,72,mm10
AGTTCCCGTCAACACT-1,2,61,mm10
AGTTCCCTCCACACAA-1,6122,17,Multiplet
AGTTCGAAGGGCCTCT-1,1,30,mm10
AGTTCGACACGTCATA-1,7796,25,Multiplet
ATACCGAAGATGGTAT-1,1,31,mm10
ATACCGACAACTGCCG-1,0,15,mm10
ATACCGACACTACGGC-1,0,62,mm10
ATACCGAGTGGTCTGC-1,0,56,mm10
ATACCGATCCTCTAAT-1,0,52,mm10
ATACCGATCTAGTGTG-1,1,25,mm10
ATACCTTCATATGGCT-1,1,48,mm10
ATACCTTGTACAAGCG-1,0,14,mm10
ATACCTTTCAACACCA-1,0,48,mm10
ATACCTTTCCGTCCTA-1,18,303,mm10
ATACTTCCACAGAAGC-1,0,14,mm10
ATACTTCTCTCAGTCC-1,0,103,mm10
ATAGACCAGACGACTG-1,0,17,mm10
ATAGACCAGTGGACGT-1,3308,14,hg19
ATAGACCGTAGTAAGT-1,0,15,mm10
ATAGACCGTCTTACTT-1,5576,4,hg19
ATAGACCGTGGCTAGA-1,6810,8,hg19
ATAGACCTCCATACAG-1,0,38,mm10
ATAGAGAGTACTCCCT-1,0,29,mm10
ATAGAGAGTCGCTTAA-1,0,18,mm10
ATAGAGATCTTGTGCC-1,0,55,mm10
ATAGGCTCAAACTAAG-1,0,54,mm10
ATAGGCTGTAACATCC-1,0,18,mm10
ATATCCTCACGCACCA-1,1,14,mm10
ATATCCTCATGTGCCG-1,0,13,mm10
ATATCCTGTTTCCATT-1,0,63,mm10
ATATCCTGTTTGGGAG-1,0,103,mm10
ATATCCTTCCTACACC-1,0,77,mm10
ATATCCTTCTGCCTCA-1,0,95,mm10
ATCACAGCATCCTAAG-1,9992,6,hg19
ATCACAGTCTGGGTCG-1,4801,6,hg19
ATCACGACACACACTA-1,0,38,mm10
ATCACGACACTCATAG-1,0,45,mm10
ATCACGAGTAGTATAG-1,0,60,mm10
ATCACGATCATGAGAA-1,3815,4,hg19
ATCACTTAGCAACAGC-1,1,32,mm10
ATCACTTAGCTGAGTG-1,0,55,mm10
ATCACTTCACTCACTC-1,0,37,mm10
ATCACTTGTGCACGCT-1,0,69,mm10
ATCACTTGTGCCGAAA-1,4691,9,hg19
ATCACTTTCGTCGACG-1,1680,1,hg19
ATCAGGTCAAGAGGTC-1,0,14,mm10
ATCAGGTGTACAGTTC-1,15,105,mm10
ATCAGGTTCTATACGG-1,0,69,mm10
ATCATTCAGTGGTGAC-1,1,30,mm10
ATCCACCCAAGTGATA-1,4551,5,hg19
ATCCATTAGTCATGCT-1,0,51,mm10
ATCCATTCAATTCACG-1,1,74,mm10
ATCCCTGGTTCGGCGT-1,2,55,mm10
ATCCGTCCAACCAATC-1,0,78,mm10
ATCCGTCGTATCTCGA-1,3537,3,hg19
ATCCGTCGTCCGGACT-1,5421,2,hg19
ATCCGTCGTTGCAACT-1,3327,14,hg19
ATCCGTCTCGTGACTA-1,0,19,mm10
ATCCTATCACTACGGC-1,2215,1,hg19
ATCCTATGTCCTTAAG-1,0,31,mm10
ATCCTATGTGGATTTC-1,0,40,mm10
ATCCTATGTTGTTGTG-1,5914,9,hg19
ATCGATGAGACTTCAC-1,0,88,mm10
ATCGATGAGATCGCCC-1,2,44,mm10
ATCGATGAGCAAACAT-1,0,20,mm10
ATCGATGAGGATCATA-1,0,47,mm10
ATCGATGCACGCACCA-1,1,98,mm10
ATCGATGTCATTCATC-1,0,29,mm10
ATCGATGTCGGTGCAC-1,1767,4,hg19
ATCGCCTAGGTGCAGT-1,2,58,mm10
ATCGCCTGTCACATTG-1,0,59,mm10
ATCGCCTGTCGAACGA-1,0,17,mm10
ATCGCCTGTTCGAGCC-1,0,50,mm10
ATCGCCTTCATGAGAA-1,2373,5,hg19
ATCGGATAGCCATTGT-1,3018,0,hg19
ATCGGATAGTCCCAGC-1,1,85,mm10
ATCGGATGTAGTTAGA-1,6105,16,hg19
ATCGGCGCATAATCCG-1,0,33,mm10
ATCGGCGGTGAGGCAT-1,33,258,mm10
ATCGTAGCAGTAACGG-1,2,77,mm10
ATCGTAGCATCATCCC-1,5754,5,hg19
ATCGTAGTCAGAGCGA-1,2072,1,hg19
ATCGTCCCAGGACTAG-1,0,29,mm10
ATCGTCCCATGACAGG-1,3525,3,hg19
ATCGTCCGTAACGTTC-1,0,44,mm10
ATCGTCCGTAGCTGCC-1,0,49,mm10
ATCGTCCTCTGTCAGA-1,0,13,mm10
ATCGTGAAGGTATCTC-1,0,65,mm10
ATCGTGAAGGTCGACA-1,6407,4,hg19
ATCGTGACACGAGGTA-1,6358,17,Multiplet
ATCGTGACACGGCCAT-1,0,47,mm10
ATCGTGAGTGGCCTCA-1,6489,8,hg19
ATCGTGATCACGAGGA-1,0,37,mm10
ATCGTGATCGTGGCTG-1,0,46,mm10
ATCTCTAAGGACAACC-1,1,65,mm10
ATCTCTACAAGGTTGG-1,8461,1,hg19
ATCTCTACAGCGGTCT-1,0,34,mm10
ATCTCTAGTCTGCAAT-1,4162,3,hg19
ATCTCTAGTGTCCACG-1,0,26,mm10
ATCTTCAGTAAGGTCG-1,1,58,mm10
ATCTTCAGTACACGCC-1,0,73,mm10
ATCTTCAGTACACTCA-1,0,69,mm10
ATCTTCATCGACTCCT-1,0,19,mm10
ATCTTCATCGAGAAAT-1,0,23,mm10
ATCTTCATCGTCAAAC-1,5883,17,Multiplet
ATGAAAGAGAGTGTGC-1,0,17,mm10
ATGAAAGCACGTGAGA-1,0,13,mm10
ATGAAAGCATGACACT-1,0,14,mm10
ATGAAAGGTCAGTCTA-1,0,78,mm10
ATGAAAGGTCTTCTAT-1,0,13,mm10
ATGAAAGGTTGAGAGC-1,0,22,mm10
ATGAAAGGTTTAGACC-1,0,17,mm10
ATGACCAAGGAATTAC-1,25,41,mm10
ATGACCACAATTGCGT-1,2175,5,hg19
ATGACCAGTGGTTCTA-1,0,36,mm10
ATGAGGGCACGAGAAC-1,0,35,mm10
ATGAGGGCATTGGCAT-1,1440,2,hg19
ATGAGGGGTACAAACA-1,0,46,mm10
ATGAGGGTCACTCACC-1,1,97,mm10
ATGAGTCAGCTCCACG-1,1808,5,hg19
ATGAGTCAGGAACGTC-1,0,63,mm10
ATGAGTCAGTTCCGTA-1,2,23,mm10
ATGATCGAGAAGCTCG-1,0,26,mm10
ATGATCGAGCATGGGT-1,0,36,mm10
ATGCATGAGTCATGGG-1,542,4,hg19
ATGCATGCAATTGGTC-1,0,50,mm10
ATGCATGCACTTCCTG-1,15,62,mm10
ATGCATGCAGGTTCCG-1,4957,4,hg19
ATGCATGGTATCAGCT-1,0,117,mm10
ATGCATGTCTCTTCAA-1,0,37,mm10
ATGCCTCCAGGCTTGC-1,0,53,mm10
ATGCCTCCATAATGCC-1,1,45,mm10
ATGCCTCGTCCAATCA-1,1,98,mm10
ATGCGATAGGGCAGAG-1,1,35,mm10
ATGCGATAGTTGTAAG-1,0,43,mm10
ATGCGATCACAACCGC-1,0,36,mm10
ATGCGATCACGGATCC-1,0,29,mm10
ATGCGATGTTACCCTC-1,0,17,mm10
ATGGAGGAGCACTCGC-1,0,40,mm10
ATGGAGGAGGACGGAG-1,3415,4,hg19
ATGGAGGAGTAAATGC-1,10206,5,hg19
ATGGAGGGTGACGCCT-1,0,116,mm10
ATGGATCAGTCCTACA-1,0,24,mm10
ATGGATCCAGATTAAG-1,3069,1,hg19
ATGGATCTCATTGCCC-1,0,41,mm10
ATGGGAGCAAGCTCTA-1,5857,3,hg19
ATGGGAGGTCCGGATC-1,0,62,mm10
ATGGGAGGTTGCCGAC-1,0,50,mm10
ATGGGTTAGGCAGGGA-1,0,44,mm10
ATGGGTTAGTCCTGCG-1,0,79,mm10
ATGGGTTGTCTACGAT-1,6540,7,hg19
ATGGTTGCATGGGAAC-1,0,17,mm10
ATGGTTGTCAGCCCAG-1,1,77,mm10
ATGTCCCAGATCCAAA-1,0,81,mm10
ATGTCCCAGATGTTGA-1,0,30,mm10
ATGTCCCAGTCTGTAC-1,0,44,mm10
ATGTCCCCAGGGAGAG-1,0,38,mm10
ATGTCTTAGACTCTTG-1,0,49,mm10
ATGTCTTAGGACGGAG-1,1,18,mm10
ATGTCTTCAGTATACC-1,0,45,mm10
ATGTCTTGTTAAACAG-1,2,83,mm10
ATTACCTAGAGGTCAC-1,1,31,mm10
ATTACCTCAACCACGC-1,2,72,mm10
ATTACCTCAATTGAGA-1,0,58,mm10
ATTACCTGTCGCTTAA-1,23301,17,Multiplet
ATTACTCTCTGGGCAC-1,12,21,mm10
ATTATCCAGGATAATC-1,974,3,hg19
ATTATCCCACCTTCGT-1,2,19,mm10
ATTATCCGTCGCCACA-1,2715,6,hg19
ATTATCCGTGCTTATG-1,1,36,mm10
ATTATCCTCTTTGCGC-1,2,99,mm10
ATTCACTGTAAGTTAG-1,0,20,mm10
ATTCACTGTGATGAAT-1,1,61,mm10
ATTCACTTCAACCGAT-1,1,95,mm10
ATTCACTTCCATACAG-1,0,14,mm10
ATTCAGGCAAGCGCTC-1,0,30,mm10
ATTCAGGCAAGGCAAC-1,0,69,mm10
ATTCATCAGAAGCGCT-1,3539,8,hg19
ATTCATCCAAGCCATT-1,0,64,mm10
ATTCATCCACGGTGAA-1,1,82,mm10
ATTCATCGTGACAGCA-1,1,77,mm10
ATTCATCTCTGCGGGT-1,0,61,mm10
ATTCCATGTCAACCAT-1,0,39,mm10
ATTCCATTCGAGAGCA-1,1,59,mm10
ATTCCCGGTAAGTAGT-1,0,40,mm10
ATTCCCGTCACGATCA-1,2,69,mm10
ATTCCTAAGTTGAAAC-1,1,31,mm10
ATTCCTACATAATCCG-1,0,28,mm10
ATTCCTACATCGCTAA-1,0,54,mm10
ATTCCTAGTACGCGTC-1,1,20,mm10
ATTCCTAGTTACGATC-1,444,168,hg19
ATTCCTATCGATACGT-1,1,30,mm10
ATTCGTTCACTTGAGT-1,4043,16,hg19
ATTCGTTCATCAGCAT-1,614,7,hg19
ATTCGTTCATGACACT-1,0,18,mm10
ATTCGTTGTGCCCGTA-1,6412,0,hg19
ATTCTACAGCAAGTCG-1,1035,7,hg19
ATTCTACAGGAGACCT-1,0,91,mm10
ATTCTACAGTGCGCTC-1,0,43,mm10
ATTCTACCACTGCTTC-1,0,39,mm10
ATTCTACCATAATGAG-1,0,74,mm10
ATTCTACCATGGAACG-1,7,23,mm10
ATTCTTGAGTAGTCCT-1,0,71,mm10
ATTCTTGCAGAAATCA-1,6856,5,hg19
ATTCTTGCAGTAGTGG-1,0,32,mm10
ATTCTTGCATAGGCGA-1,0,37,mm10
ATTCTTGTCCCGAAAT-1,3,67,mm10
ATTGGGTAGGTAGACC-1,3030,4,hg19
ATTGGGTCAGATCCAT-1,1,78,mm10
ATTGGGTCATCGAACT-1,0,24,mm10
ATTGTTCAGACTCCGC-1,0,16,mm10
ATTGTTCAGCAGATAT-1,1,39,mm10
ATTTACCAGTGACACG-1,1,23,mm10
ATTTACCGTGAATGAT-1,4319,1,hg19
ATTTCACAGATGGTCG-1,0,61,mm10
ATTTCACAGGAACATT-1,5508,7,hg19
ATTTCACAGTATTCCG-1,2884,5,hg19
ATTTCACCAGTAACCT-1,1076,17,hg19
ATTTCACCATCAGTGT-1,2,99,mm10
ATTTCACGTAGTCCTA-1,0,40,mm10
ATTTCACTCAGTCTTT-1,1,36,mm10
ATTTCTGGTATGGAGC-1,3700,3,hg19
ATTTCTGGTCATCCCT-1,3861,13,hg19
CAAAGAAAGGTGCCTC-1,4680,4,hg19
CAAAGAAAGTAGACAT-1,0,22,mm10
CAAAGAACAGAGTGTG-1,1625,1,hg19
CAAAGAACAGCACACC-1,0,83,mm10
CAAAGAATCTCTCTAA-1,1,53,mm10
CAACAACCAACTCCCT-1,1,56,mm10
CAACAACCACAGTCAT-1,1608,5,hg19
CAACAACCATCTCCCA-1,0,91,mm10
CAACAACTCCGCAAAT-1,0,43,mm10
CAACAGTAGAGGCCAT-1,0,49,mm10
CAACAGTAGATGAATC-1,0,34,mm10
CAACAGTAGCGTTCCG-1,2662,9,hg19
CAACAGTTCCATACAG-1,0,67,mm10
CAACAGTTCTAGTCAG-1,2916,4,hg19
CAACCTCAGAAGGATG-1,0,46,mm10
CAACCTCCAAGGCTTT-1,0,17,mm10
CAACCTCTCCGGCAAC-1,4,23,mm10
CAACGATAGCGTCTCG-1,1,45,mm10
CAACGATCAACGACAG-1,0,20,mm10
CAACGATCAGAGCCCT-1,0,93,mm10
CAACGATGTCTAGATC-1,0,52,mm10
CAACGGCCAACTCCAA-1,3365,4,hg19
CAACGGCGTCATGACT-1,1,21,mm10
CAACGGCGTCATTGCA-1,1,56,mm10
CAACGGCGTGTTAGCT-1,3031,4,hg19
CAAGACTCATCCGGTG-1,0,100,mm10
CAAGACTGTCTAGGTT-1,10828,5,hg19
CAAGACTTCTATACGG-1,1,102,mm10
CAAGAGGAGCCAACCC-1,0,29,mm10
CAAGAGGAGTCTTGGT-1,1,43,mm10
CAAGAGGGTAACGTTC-1,0,57,mm10
CAAGAGGGTACGGTTT-1,12,40,mm10
CAAGAGGGTGGAGGTT-1,0,70,mm10
CAAGCTAAGGCGTTGA-1,0,17,mm10
CAAGCTACAAAGAGTT-1,8615,8,hg19
CAAGCTAGTAGCGTAG-1,1,15,mm10
CAAGCTATCTGTTCAT-1,0,19,mm10
CAAGGGAAGTACAGAT-1,0,63,mm10
CAAGGGAAGTTCCATG-1,4456,11,hg19
CAAGGGAAGTTTGGCT-1,3,35,mm10
CAAGGGACAGCGAACA-1,0,64,mm10
CAAGGGAGTTGTGGCC-1,0,46,mm10
CAAGGGATCTATCACT-1,1280,4,hg19
CAATACGAGCCTATTG-1,0,16,mm10
CAATACGCAACTCGAT-1,0,66,mm10
CAATACGTCTGGCTGG-1,1,59,mm10
CAATACGTCTTCCAGC-1,0,28,mm10
CAATCGAAGACGGATC-1,0,80,mm10
CAATCGAAGCTCGACC-1,5006,14,hg19
CAATCGAAGCTGACTT-1,17572,13,hg19
CAATCGAAGTTTCGGT-1,0,65,mm10
CAATCGACAAAGCTAA-1,7864,14,hg19
CAATCGACAAGCTACT-1,4,86,mm10
CAATGACAGATAGTGT-1,6453,5,hg19
CAATTTCAGAGTTCGG-1,6759,8,hg19
CAATTTCAGCCATCCG-1,1,20,mm10
CAATTTCCAGCCTTCT-1,1,97,mm10
CAATTTCGTGACATCT-1,0,36,mm10
CAATTTCGTGAGTAAT-1,1,69,mm10
CAATTTCTCAAACGAA-1,1,63,mm10
CAATTTCTCACTAGCA-1,10708,2,hg19
CAATTTCTCCACGGGT-1,0,93,mm10
CAATTTCTCGCAATTG-1,8476,22,Multiplet
CAATTTCTCGGTGTAT-1,1,50,mm10
CAATTTCTCTAGTGTG-1,3063,2,hg19
CACAACATCACTTCTA-1,0,29,mm10
CACACAACACACAGCC-1,262,16,hg19
CACACAAGTCCTCCTA-1,0,14,mm10
CACACAAGTCGATGCC-1,27,32,mm10
CACACAAGTTGGACTT-1,3590,14,hg19
CACAGATAGTGGAAAG-1,12,41,mm10
CACAGATCAGTCTACA-1,0,46,mm10
CACAGATGTTAGCTAC-1,6359,22,Multiplet
CACAGATTCTGTTGGA-1,1,26,mm10
CACAGGCGTATGAGAT-1,0,63,mm10
CACAGGCTCAGGAACG-1,0,49,mm10
CACATGAAGGTAGATT-1,0,14,mm10
CACATGAGTCTTGAAC-1,0,15,mm10
CACATGATCGCTACGG-1,3440,10,hg19
CACCAAAAGAATTGCA-1,1,104,mm10
CACCAAAAGTAACAGT-1,1,57,mm10
CACCAAACAATCTAGC-1,3544,8,hg19
CACCGTTGTATTCCTT-1,2717,1,hg19
CACCGTTGTCTGTTAG-1,0,47,mm10
CACCGTTTCCTTTAGT-1,7128,9,hg19
CACCGTTTCTTGATTC-1,4855,4,hg19
CACGAATCATCTCGTC-1,0,35,mm10
CACGAATTCTTGGCTC-1,1815,3,hg19
CACGGGTAGTCTTGGT-1,2844,1,hg19
CACGGGTCAGCTACTA-1,0,13,mm10
CACGGGTGTTACCGTA-1,20,21,mm10
CACGGGTTCAAGGCTT-1,3,71,mm10
CACGGGTTCAGGTGTT-1,2,28,mm10
CACGGGTTCATTGCTT-1,5428,10,hg19
CACGGGTTCGTCGCTT-1,1,169,mm10
CACGTGGTCTCCCTAG-1,1069,1,hg19
CACGTTCAGTATGCAA-1,1,102,mm10
CACGTTCCAAGGCGTA-1,0,32,mm10
CACGTTCCAGTCAGAG-1,0,54,mm10
CACGTTCCATGTTACG-1,1716,10,hg19
CACGTTCTCGAAGAAT-1,0,14,mm10
CACGTTCTCGTTCATT-1,4684,2,hg19
CACTAAGAGGAGACCT-1,1,27,mm10
CACTAAGCACCTGAAT-1,0,48,mm10
CACTAAGGTAGTGCGA-1,0,14,mm10
CACTAAGTCAAGCTGT-1,1,44,mm10
CACTAAGTCACGATCA-1,0,32,mm10
CACTAAGTCCTGTACC-1,1,52,mm10
CACTAAGTCGATGCTA-1,0,13,mm10
CACTAAGTCGGCTCTT-1,0,65,mm10
CACTGAAGTGGCTGCT-1,1,41,mm10
CACTGGGAGAATCCCT-1,0,14,mm10
CACTGGGAGTCTCTGA-1,1,46,mm10
CACTGGGCACACCTGG-1,1,85,mm10
CACTGTCAGTTACTCG-1,5731,2,hg19
CACTGTCCACAACGTT-1,0,113,mm10
CACTGTCCAGCTGCCA-1,6314,12,hg19
CACTGTCCAGGACAGT-1,0,18,mm10
CACTGTCGTGGAACAC-1,0,15,mm10
CACTGTCGTGTCTTGA-1,1,28,mm10
CACTGTCGTTTCGTAG-1,0,14,mm10
CACTTCGCAAGGAGTC-1,2779,10,hg19
CACTTCGCACCAATTG-1,0,38,mm10
CACTTCGGTACTCCCT-1,0,103,mm10
CACTTCGGTACTGCGC-1,0,25,mm10
CACTTCGGTTCAAGGG-1,0,19,mm10
CACTTCGTCCTCTGCA-1,0,39,mm10
CAGAGCCAGATAGTCA-1,3877,3,hg19
CAGAGCCAGGGAGTGG-1,0,33,mm10
CAGAGCCAGTGTTGAA-1,5710,4,hg19
CAGAGCCTCATTTGCT-1,14398,32,Multiplet
CAGATACAGAGGTGCT-1,0,52,mm10
CAGATACGTCACTGAT-1,1112,1,hg19
CAGATACTCACAAGGG-1,8398,11,hg19
CAGATCACATCGCTCT-1,0,39,mm10
CAGATCATCCCAGCGA-1,0,33,mm10
CAGATCATCGTGCACG-1,4757,7,hg19
CAGATTGAGCCATGCC-1,8275,8,hg19
CAGATTGCATGTGACT-1,3182,8,hg19
CAGATTGGTGTCCTAA-1,0,74,mm10
CAGATTGTCAAACGTC-1,1,60,mm10
CAGATTGTCAAAGGAT-1,0,18,mm10
CAGATTGTCTAAGAAG-1,0,13,mm10
CAGCAATCACTTTAGG-1,1,36,mm10
CAGCAATGTCAAAGCG-1,0,49,mm10
CAGCAATGTGTCATGT-1,0,48,mm10
CAGCACGCACACAGCC-1,349,13,hg19
CAGCACGTCGACCCAG-1,0,49,mm10
CAGCAGCGTGCCGGTT-1,2,94,mm10
CAGCAGCGTGGACTGA-1,0,30,mm10
CAGCAGCGTTAGTTCG-1,1,33,mm10
CAGCCAGAGAGGGCGA-1,0,171,mm10
CAGCCAGAGCGTTCCG-1,0,14,mm10
CAGCCAGGTATCGTTG-1,2588,10,hg19
CAGCCAGGTCGCGGTT-1,0,32,mm10
CAGCCAGGTGGTTTAC-1,2,49,mm10
CAGCCAGTCGACATAC-1,0,43,mm10
CAGCGTGCACAAGCTT-1,5721,5,hg19
CAGCGTGTCATACGGT-1,13,19,mm10
CAGGCCAAGTCCCTAA-1,0,16,mm10
CAGGCCACAGAGCTAG-1,0,53,mm10
CAGGCCAGTTAAGGGC-1,5429,3,hg19
CAGGCCATCGTCTCAC-1,1,73,mm10
CAGGCCATCTCGTGAA-1,1,32,mm10
CAGGGCTAGGCATTTC-1,2773,3,hg19
CAGGGCTCAAGAGCTG-1,2754,1,hg19
CAGGGCTTCATTGCCC-1,0,66,mm10
CAGGGCTTCCGCTAGG-1,15421,17,Multiplet
CAGGGCTTCCTAGCGG-1,1,61,mm10
CAGGGCTTCGGAGTAG-1,3841,5,hg19
CAGGGCTTCTAAGCCA-1,1,18,mm10
CAGGGCTTCTTCACAT-1,0,19,mm10
CAGGTATCACGCTTAA-1,0,38,mm10
CAGGTATCAGAGATTA-1,1,64,mm10
CAGTGCGCATGGCTGC-1,1,41,mm10
CAGTTAGAGGTTAGTA-1,1,55,mm10
CAGTTAGGTTTACCTT-1,0,122,mm10
CAGTTCCAGACATATG-1,0,31,mm10
CAGTTCCGTCATAACC-1,1,55,mm10
CAGTTCCGTTCATCTT-1,0,18,mm10
CAGTTCCTCGTAATGC-1,0,68,mm10
CATAAGCAGGGCAGAG-1,0,29,mm10
CATAAGCAGTAATTGG-1,0,28,mm10
CATACAGAGGAGACCT-1,0,35,mm10
CATACAGCACTATGTG-1,0,70,mm10
CATACAGGTATCGTGT-1,13,437,mm10
CATACAGGTGCCGTTG-1,0,67,mm10
CATACAGGTGGTACAG-1,2,64,mm10
CATACCCGTACGTAGG-1,0,13,mm10
CATACCCTCCCGATCT-1,1,22,mm10
CATACCCTCCTTGGAA-1,2,39,mm10
CATACTTGTTGCCATA-1,0,17,mm10
CATACTTTCAAGCTGT-1,1,63,mm10
CATACTTTCTGTCCCA-1,7976,14,hg19
CATAGACAGTACTCGT-1,1730,3,hg19
CATAGACCAGTCGTTA-1,0,55,mm10
CATAGACTCAAAGGTA-1,0,42,mm10
CATCAAGCATAGCTGT-1,1,72,mm10
CATCAAGGTACGAGCA-1,0,34,mm10
CATCAAGGTACGTGTT-1,2,52,mm10
CATCAAGTCGCTGTTC-1,1,69,mm10
CATCAAGTCTTACTGT-1,1,102,mm10
CATCCACAGAGTTGCG-1,0,115,mm10
CATCCACCAACAGCCC-1,3,215,mm10
CATCCACCAGGTGTTT-1,0,53,mm10
CATCCACCAGTCTCTC-1,0,18,mm10
CATCCACTCTGTCGCT-1,3,50,mm10
CATCCGTAGCTCCCTT-1,0,43,mm10
CATCCGTAGGCTGAAC-1,0,54,mm10
CATCCGTGTATCAGCT-1,0,59,mm10
CATCCGTGTATTGGCT-1,1,57,mm10
CATCCGTGTCTGTGTA-1,1,28,mm10
CATCCGTTCCAAAGGG-1,1,107,mm10
CATCGCTAGCGTCAGA-1,1,70,mm10
CATCGCTAGGATCATA-1,6496,3,hg19
CATCGCTCACTAGGCC-1,4,66,mm10
CATCGGGCACACAGCC-1,164,13,hg19
CATCGGGCACGGCTAC-1,0,33,mm10
CATCGGGGTTACACAC-1,0,28,mm10
CATCGGGTCGGTCTGG-1,2492,1,hg19
CATCGTCCACAGAAGC-1,6786,15,hg19
CATCGTCTCATCACCC-1,8341,26,Multiplet
CATCGTCTCGACGTCG-1,0,13,mm10
CATGAGTCACGCACCA-1,0,23,mm10
CATGAGTGTAGTGTGG-1,1,47,mm10
CATGAGTTCCTCTAAT-1,7908,3,hg19
CATGCAAGTGACGCCT-1,0,54,mm10
CATGCAAGTGTTAGCT-1,2517,3,hg19
CATGCAATCTACCAGA-1,0,43,mm10
CATGCCTAGCCAGTAG-1,0,20,mm10
CATGCCTAGCTGGCCT-1,0,17,mm10
CATGCGGAGACCGTTT-1,0,79,mm10
CATGCGGAGAGAATCT-1,0,40,mm10
CATGCGGCATACTGTG-1,0,22,mm10
CATGCGGCATTACTCT-1,0,75,mm10
CATGCGGGTATCATGC-1,0,30,mm10
CATGCGGGTTGCCAAT-1,1,48,mm10
CATGCGGTCGTTCCCA-1,11773,18,Multiplet
CATGCTCAGGTTGACG-1,1,53,mm10
CATGCTCAGTACGTCT-1,1903,7,hg19
CATGCTCCAACTTGGT-1,4653,17,Multiplet
CATGCTCCAGACCAGA-1,0,61,mm10
CATGCTCCATCGCTAA-1,1,73,mm10
CATGCTCGTACTGGGA-1,0,65,mm10
CATGCTCGTCGCGGTT-1,0,33,mm10
CATGGATAGTCGCTAT-1,1,43,mm10
CATGGATTCACGGAGA-1,5410,7,hg19
CATGGTACACCAACAT-1,0,60,mm10
CATGGTATCGAATGCT-1,4050,2,hg19
CATTCATCAGTCACGC-1,11119,29,Multiplet
CATTCATGTTCCGCGA-1,0,63,mm10
CATTCCGCATATGCGT-1,0,63,mm10
CATTCCGCATCGGTTA-1,0,21,mm10
CATTCCGCATGTACGT-1,0,78,mm10
CATTCCGGTTTGCCGG-1,0,14,mm10
CATTCCGTCGAGCCAC-1,0,83,mm10
CATTCTAAGTATCTGC-1,0,26,mm10
CATTCTACAGTCAGCC-1,0,39,mm10
CATTCTAGTCAGGCAA-1,1469,2,hg19
CATTGAGAGTCCCAGC-1,2222,7,hg19
CATTGAGCACCCTGAG-1,0,60,mm10
CATTGAGCACTCCCTA-1,0,15,mm10
CATTGAGTCAACGTGT-1,0,19,mm10
CATTGCCAGTACTCGT-1,0,48,mm10
CATTGCCCAGGTCAGA-1,910,3,hg19
CATTGCCGTACGTGTT-1,0,32,mm10
CATTGCCTCCATAGAC-1,0,52,mm10
CATTGTTAGAGGGCGA-1,0,93,mm10
CATTGTTGTCAATGGG-1,5857,6,hg19
CATTTCACAGAGATTA-1,0,72,mm10
CATTTCACATCAGCGC-1,0,18,mm10
CATTTCACATGTGCCG-1,4532,1,hg19
CATTTCAGTCTCGCGA-1,0,38,mm10
CCAAGCGCAGTTCTAG-1,1446,2,hg19
CCAAGCGCATGCGTGC-1,0,14,mm10
CCAATGAAGCATCCTA-1,0,87,mm10
CCAATGACAACAAGTA-1,0,16,mm10
CCAATGACATAGTCGT-1,0,128,mm10
CCAATGATCGCTGATA-1,4700,8,hg19
CCAATGATCGGTGAAG-1,0,43,mm10
CCAATTTAGAATTCAG-1,0,59,mm10
CCAATTTAGCCGTTAT-1,0,43,mm10
CCAATTTAGCTTTCCC-1,0,38,mm10
CCACAAACAGCTGCCA-1,1,49,mm10
CCACAAACAGTTTGGT-1,0,55,mm10
CCACAAATCATCCTGC-1,13,454,mm10
CCACACTGTCCACTCT-1,0,20,mm10
CCACACTTCAAACGAA-1,42,65,mm10
CCACCATAGAGAGCGG-1,0,72,mm10
CCACCATCACTCAGAT-1,0,26,mm10
CCACCATCATAAGCGG-1,0,39,mm10
CCACCATGTAGGACCA-1,0,28,mm10
CCACCATTCGTTGTTT-1,0,62,mm10
CCACGAGCAACTTCTT-1,0,70,mm10
CCACGAGCACTTTATC-1,24,14,hg19
CCACGAGCATAACGGG-1,4629,3,hg19
CCACGAGCATTGCTTT-1,0,57,mm10
CCACGAGGTGATTCAC-1,0,14,mm10
CCACGAGTCATTGTTC-1,2,54,mm10
CCACGAGTCTAATTCC-1,1,85,mm10
CCACGAGTCTCTGACC-1,0,19,mm10
CCACGTTTCATGCAGT-1,8361,5,hg19
CCACTTGAGCTCTTCC-1,5104,6,hg19
CCACTTGAGGCTGAAC-1,0,18,mm10
CCACTTGGTCTCTCAC-1,0,53,mm10
CCACTTGGTTGACTAC-1,3389,11,hg19
CCATAAGAGCATGAAT-1,0,79,mm10
CCATAAGAGGCCTGAA-1,1719,5,hg19
CCATAAGCAGTGGCTC-1,0,57,mm10
CCATAAGGTCCCGTGA-1,0,75,mm10
CCATAAGGTGAATAAC-1,0,72,mm10
CCATAAGGTGAATATG-1,0,16,mm10
CCATAAGTCCAGCACG-1,0,68,mm10
CCATCACAGATCCTAC-1,0,72,mm10
CCATCACAGGGAGGAC-1,6641,17,Multiplet
CCATCACCAAGGTTGG-1,4638,3,hg19
CCATCACCACCCAACG-1,1,33,mm10
CCATCACCACCGGCTA-1,1,14,mm10
CCATCACGTCGATTCA-1,0,14,mm10
CCATCACGTTACACTG-1,0,18,mm10
CCATCACTCCCGTAAA-1,1,166,mm10
CCATCACTCGATTGAC-1,0,20,mm10
CCCAACTAGCCAAGTG-1,0,61,mm10
CCCAACTAGCGTGTCC-1,0,38,mm10
CCCAACTGTACTCAAC-1,1,109,mm10
CCCAACTGTGTCTCCT-1,1,21,mm10
CCCAACTTCATACGAC-1,7366,1,hg19
CCCATTGAGATAGTCA-1,6241,12,hg19
CCCATTGCAGAACTCT-1,3794,3,hg19
CCCATTGTCGAACTCA-1,1449,4,hg19
CCCGAAGCACCAATTG-1,1,87,mm10
CCCGAAGGTGCGGTAA-1,0,18,mm10
CCCGAAGGTGGAACAC-1,0,74,mm10
CCCGAAGTCGCATTGA-1,0,59,mm10
CCCGAAGTCGCCAACG-1,0,51,mm10
CCCGGAAAGGAAGTGA-1,4095,23,Multiplet
CCCGGAAAGTAGTCAA-1,3125,3,hg19
CCCGGAACATCCGTTC-1,0,39,mm10
CCCGGAATCTTGATTC-1,2,26,mm10
CCCTAACAGCTGAGCA-1,0,89,mm10
CCCTAACCATGTGCTA-1,1,64,mm10
CCCTAACTCATAGAGA-1,3,82,mm10
CCCTAACTCCATCTCG-1,4,75,mm10
CCCTAACTCCGGACGT-1,0,20,mm10
CCCTAACTCCTTTAGT-1,0,53,mm10
CCCTCAAAGTTCCTGA-1,0,47,mm10
CCCTCAAGTTACCCTC-1,1,71,mm10
CCCTCAAGTTTATGCG-1,0,20,mm10
CCCTCAATCAAAGGTA-1,17,67,mm10
CCCTCTCCATACGCAT-1,0,36,mm10
CCCTCTCGTCGCACGT-1,0,94,mm10
CCCTGATAGCAGTAAT-1,1,73,mm10
CCCTGATAGCAGTCTT-1,4135,1,hg19
CCCTGATCAAGAGTTA-1,87,6683,mm10
CCCTGATTCGTGGGTC-1,0,23,mm10
CCCTTAGAGACTGAGC-1,6266,9,hg19
CCCTTAGGTGATCATC-1,1,44,mm10
CCGAACGCACAAAGTA-1,7925,15,hg19
CCGAACGGTGGAACCA-1,2833,2,hg19
CCGATCTAGCGAACTG-1,1,52,mm10
CCGATCTCACAGTCAT-1,0,57,mm10
CCGATCTGTAGGACTG-1,2381,7,hg19
CCGATCTGTATTGCCA-1,8175,12,hg19
CCGATCTGTGACTAAA-1,0,46,mm10
CCGATGGAGACTTCCA-1,1039,4,hg19
CCGATGGCAGTGACCC-1,0,26,mm10
CCGATGGCATCCCGTT-1,0,13,mm10
CCGATGGGTCCTGTCT-1,0,40,mm10
CCGGACAAGGTCCCGT-1,1,42,mm10
CCGGACACAAGCAGGT-1,6306,9,hg19
CCGGACATCTCCGAAA-1,0,57,mm10
CCGGGTACAGCGACAA-1,1,68,mm10
CCGGGTAGTGGGCTTC-1,0,15,mm10
CCGGGTATCCGATGCG-1,1,54,mm10
CCGGGTATCTCAATCT-1,0,13,mm10
CCGGGTATCTTGAGCA-1,0,36,mm10
CCGGTAGAGCAAGTCG-1,1,58,mm10
CCGGTAGGTGGACCTC-1,11,139,mm10
CCGGTGACAAAGGCTG-1,6414,9,hg19
CCGGTGAGTTATAGCC-1,4443,12,hg19
CCGTAGGAGACGCTCC-1,0,40,mm10
CCGTAGGCAATTTCCT-1,0,27,mm10
CCGTGAGAGATTGAGT-1,2921,3,hg19
CCGTGAGAGGATATAC-1,0,20,mm10
CCGTGAGAGTTTGAGA-1,0,87,mm10
CCGTGAGCACAGTGAG-1,1648,4,hg19
CCGTGAGGTTACGTAC-1,1,35,mm10
CCGTGAGTCGTGGGTC-1,888,0,hg19
CCGTTCAGTTGCTCGG-1,0,97,mm10
CCGTTCATCGGATTAC-1,3516,7,hg19
CCTAACCGTAGCTGTT-1,0,19,mm10
CCTAAGAAGGACAGTC-1,5228,6,hg19
CCTAAGACATACCACA-1,1,49,mm10
CCTAAGAGTTTACCTT-1,2,100,mm10
CCTACGTAGCCTTCTC-1,2,51,mm10
CCTACGTAGCTTGTTG-1,1,64,mm10
CCTACGTAGGCATTTC-1,1,23,mm10
CCTACGTCAACACGAG-1,1,24,mm10
CCTACGTGTTGTACGT-1,0,47,mm10
CCTACGTTCCTGGGAC-1,0,13,mm10
CCTATCGAGCGCCTCA-1,0,18,mm10
CCTATCGCATTGACCA-1,7322,2,hg19
CCTATCGTCAAGATAG-1,1,18,mm10
CCTATCGTCCGCAACG-1,0,75,mm10
CCTCAACAGGATTCAA-1,0,50,mm10
CCTCAACTCAAGCCCG-1,1,68,mm10
CCTCAACTCGGACAAG-1,0,34,mm10
CCTCACAAGTGGTGAC-1,0,31,mm10
CCTCACATCCCAGCGA-1,0,46,mm10
CCTCAGTAGACGATAT-1,0,117,mm10
CCTCAGTCAGGCGAAT-1,2,86,mm10
CCTCAGTGTTGTTGAC-1,0,83,mm10
CCTCAGTTCGTTCGCT-1,0,25,mm10
CCTCAGTTCTTAGCAG-1,0,29,mm10
CCTCATGAGATAGTGT-1,4340,4,hg19
CCTCATGCATTCTTCA-1,6115,5,hg19
CCTCCTCGTGACGTCC-1,1,57,mm10
CCTCCTCGTGAGCGAT-1,8,48,mm10
CCTCCTCGTTTGAACC-1,6761,7,hg19
CCTCCTCTCCTGGGTG-1,1,44,mm10
CCTCTAGAGTGGTTGG-1,6972,4,hg19
CCTCTAGTCAGTAGGG-1,1,42,mm10
CCTCTCCCAGTTAGAA-1,0,52,mm10
CCTCTCCGTCTACAAC-1,0,15,mm10
CCTCTCCGTGGTGATG-1,1,59,mm10
CCTCTCCTCCTGTAAG-1,3285,7,hg19
CCTGCATTCGGAGTAG-1,0,29,mm10
CCTGCATTCTAGCAAC-1,3,70,mm10
CCTGTTGAGCGGTAGT-1,0,118,mm10
CCTGTTGCACTTGGCG-1,0,53,mm10
CCTGTTGTCAAACCTG-1,2,73,mm10
CCTGTTGTCTTCACAT-1,5962,5,hg19
CCTTCAGAGAATACAC-1,0,62,mm10
CCTTCAGAGCCACCGT-1,0,77,mm10
CCTTCAGCAATACCTG-1,0,16,mm10
CCTTCAGCAATTCTCT-1,8378,33,Multiplet
CCTTCAGTCGGAAGGT-1,1,95,mm10
CCTTGTGGTGCCTGCA-1,0,42,mm10
CCTTTGGAGACTCCGC-1,0,21,mm10
CCTTTGGAGAGAGCGG-1,0,30,mm10
CCTTTGGCATCCAATG-1,11,56,mm10
CCTTTGGGTTTGATCG-1,0,16,mm10
CGAAGGATCCATTTGT-1,0,77,mm10
CGAAGGATCGTTGTGA-1,3,41,mm10
CGAAGTTAGCAATTCC-1,1,83,mm10
CGAAGTTTCCGAGTGC-1,6074,9,hg19
CGAAGTTTCGCAGATT-1,1,56,mm10
CGAATTGAGACCTCAT-1,34,248,mm10
CGAATTGAGGATCACG-1,0,110,mm10
CGAATTGGTGTACAGG-1,0,62,mm10
CGAATTGTCACAGAGG-1,0,22,mm10
CGAATTGTCCAGTGCG-1,0,45,mm10
CGAATTGTCTTCCCAG-1,2,72,mm10
CGAGAAGCAACCGCCA-1,0,55,mm10
CGAGAAGCACACCTAA-1,1,27,mm10
CGAGAAGCACCCTCTA-1,2816,2,hg19
CGAGAAGCAGTTCTAG-1,0,13,mm10
CGAGAAGCATGGCCCA-1,0,23,mm10
CGAGGAAGTATCAGCT-1,6774,3,hg19
CGAGGAAGTGGACAGT-1,0,29,mm10
CGAGGCTGTATGAGGC-1,1,62,mm10
CGAGGCTGTCCATCTC-1,0,51,mm10
CGAGGCTGTCGGCTAC-1,3611,2,hg19
CGAGTGCAGATCGCTT-1,3703,17,Multiplet
CGAGTGCAGGTTGGAC-1,2,20,mm10
CGAGTGCGTCCAACGC-1,3,57,mm10
CGAGTGCTCATTACTC-1,0,44,mm10
CGAGTGCTCCTATTGT-1,2,50,mm10
CGAGTGCTCTAGAACC-1,0,53,mm10
CGAGTTACACAGTCGC-1,0,75,mm10
CGAGTTAGTTTGAACC-1,0,70,mm10
CGAGTTATCAGGAAAT-1,0,50,mm10
CGATCGGAGAATTCAG-1,0,24,mm10
CGATCGGAGACTCATC-1,5502,6,hg19
CGATCGGAGCAGAAAG-1,0,30,mm10
CGATCGGAGCATGATA-1,1558,3,hg19
CGATCGGAGGCTAACG-1,0,50,mm10
CGATCGGAGGCTCATC-1,940,0,hg19
CGATCGGAGTGATAAC-1,3746,4,hg19
CGATCGGGTGTAGCAG-1,1191,15,hg19
CGATGCGCAACAGATA-1,0,17,mm10
CGATGCGCAAGGTCAG-1,0,48,mm10
CGATGGCAGACGCAGT-1,0,40,mm10
CGATGGCAGCACCGTC-1,0,58,mm10
CGATGGCCACCTGCGA-1,1,23,mm10
CGATGGCGTCTTGAAC-1,1,40,mm10
CGATGGCGTTCGGCCA-1,0,37,mm10
CGATGGCTCTACGCGG-1,2,88,mm10
CGCAGGTAGAGTTGAT-1,1,63,mm10
CGCAGGTCAATTGAAG-1,0,18,mm10
CGCATAAAGATACAGT-1,1875,2,hg19
CGCATAAAGCCGATAG-1,0,29,mm10
CGCATAAAGTTGGAGC-1,0,17,mm10
CGCATAATCCGCTTAC-1,2,40,mm10
CGCATAATCGAACACT-1,5463,34,Multiplet
CGCCAGAAGAGCACTG-1,511,8,hg19
CGCCAGAAGGGACACT-1,0,55,mm10
CGCCAGACAAAGCTAA-1,0,30,mm10
CGCCAGAGTAATGCGG-1,0,69,mm10
CGCCAGATCGCAATGT-1,0,70,mm10
CGCCATTAGACTTGTC-1,0,39,mm10
CGCCATTAGAGCCGTA-1,2,44,mm10
CGCCATTAGGATAATC-1,2134,3,hg19
CGCCATTCAACTGTGT-1,5097,3,hg19
CGCGTGAGTGTAAACA-1,3061,7,hg19
CGGAACCGTGACCGTC-1,0,65,mm10
CGGAACCGTGAGAGGG-1,877,1,hg19
CGGAACCTCATAAGGA-1,7124,6,hg19
CGGAACCTCCGAAATC-1,0,26,mm10
CGGACACAGGCCACTC-1,1,17,mm10
CGGACACAGTGCCAGA-1,0,67,mm10
CGGACACAGTGGCAGT-1,0,66,mm10
CGGACACCAACAGTGG-1,2,118,mm10
CGGACACGTCTCCCTA-1,0,49,mm10
CGGACACTCCTCATAT-1,1,77,mm10
CGGACACTCGGTCGGT-1,2649,3,hg19
CGGAGAAAGGACTATA-1,1,68,mm10
CGGAGAACAAATTGGA-1,1,28,mm10
CGGAGAACAGATGCGA-1,5358,5,hg19
CGGAGAATCGTGCAGC-1,0,69,mm10
CGGCAGTCACCCTATC-1,0,27,mm10
CGGCAGTTCAGTGTGT-1,0,32,mm10
CGGCAGTTCCTCCACA-1,1,74,mm10
CGGGACTCAGAAGTGC-1,1,46,mm10
CGGGACTTCGAAACAA-1,12,30,mm10
CGGGTCAAGCGCTGAA-1,3702,3,hg19
CGGGTCAGTGAGTTTC-1,0,37,mm10
CGGGTGTAGTATGATG-1,0,80,mm10
CGGGTGTCAGTTAGGG-1,0,71,mm10
CGGGTGTTCACGGACC-1,5739,2,hg19
CGGGTGTTCAGTGCGC-1,0,54,mm10
CGGGTGTTCATCGACA-1,0,76,mm10
CGGGTGTTCGCGTGAC-1,531,3,hg19
CGGTCAGCAAGAATGT-1,1,23,mm10
CGTAAGTAGCCGATTT-1,0,67,mm10
CGTAAGTTCGAGTCTA-1,7,37,mm10
CGTAATGCAAGGGTCA-1,0,52,mm10
CGTAATGCACGTCTCT-1,0,57,mm10
CGTAATGTCCCGTTCA-1,1,73,mm10
CGTAGTATCGTTCTCG-1,0,64,mm10
CGTCAAAAGCACTTTG-1,0,29,mm10
CGTCAAACAACCAACT-1,0,22,mm10
CGTCAAACAAGAGAGA-1,3337,1,hg19
CGTCAAACACTTTATC-1,1,14,mm10
CGTCCATAGATCGACG-1,5786,5,hg19
CGTCCATAGGCATGCA-1,2,107,mm10
CGTCCATAGTAGGAAG-1,0,29,mm10
CGTCCATGTAACGTTC-1,0,48,mm10
CGTCCATGTCCGGATC-1,0,51,mm10
CGTCCATTCAATCCGA-1,6399,2,hg19
CGTGAATAGGTCTTTG-1,0,72,mm10
CGTGAATCATAGGTTC-1,0,25,mm10
CGTGAATCATCTCATT-1,2601,2,hg19
CGTGAATGTATTGACC-1,0,15,mm10
CGTGATAAGAGGCCAT-1,0,24,mm10
CGTGATAAGGCTATCT-1,0,41,mm10
CGTGATAAGTATCTGC-1,0,20,mm10
CGTGATAAGTGCACTT-1,0,48,mm10
CGTGATACAAGAGGCT-1,1,17,mm10
CGTGATAGTGCCCGTA-1,0,23,mm10
CGTGATATCTTAAGGC-1,0,19,mm10
CGTGCTTCAATCCTAG-1,0,45,mm10
CGTGCTTCATGCCGGT-1,0,38,mm10
CGTGCTTTCCGCCTAT-1,0,30,mm10
CGTGCTTTCTCATTAC-1,0,30,mm10
CGTGTCTCAGCTACAT-1,0,20,mm10
CGTTAGATCCCATGGG-1,0,35,mm10
CGTTCTGCAGTGCCTG-1,2,55,mm10
CGTTCTGGTGGCGCTT-1,1,83,mm10
CGTTCTGTCCTCTAAT-1,0,26,mm10
CGTTGGGAGCTGCCAC-1,1,59,mm10
CGTTGGGAGGACAAGA-1,1,20,mm10
CGTTGGGAGGCGACAT-1,0,21,mm10
CGTTGGGCAGGACATG-1,1,112,mm10
CGTTGGGTCTGTAAGC-1,6180,2,hg19
CTAACCCAGGCGCTTC-1,1,57,mm10
CTAACCCGTAGGGAGG-1,0,31,mm10
CTAACCCGTTAAGCAA-1,0,26,mm10
CTAACTTAGTCTGGTT-1,3486,2,hg19
CTAACTTCAAGTCGTT-1,1,18,mm10
CTAACTTTCACGTCCT-1,0,72,mm10
CTAACTTTCAGCCTCT-1,0,21,mm10
CTAAGTGAGATTCGCT-1,7441,19,Multiplet
CTAAGTGAGTCTAACC-1,0,65,mm10
CTAAGTGCAATACGAA-1,0,36,mm10
CTAAGTGCAGAGTAAT-1,0,62,mm10
CTACAGAAGAGAGGGC-1,4034,5,hg19
CTACAGACAGCTGAGA-1,0,66,mm10
CTACAGAGTAGACAGC-1,0,16,mm10
CTACAGATCGTTGTTT-1,1,67,mm10
CTACATTCATCAACCA-1,0,127,mm10
CTACATTTCATCGCAA-1,0,48,mm10
CTACCCAGTCAAAGTA-1,1,57,mm10
CTACCCATCAACGAGG-1,0,37,mm10
CTACCTGAGGTAAGAG-1,1,26,mm10
CTACCTGAGGTCCAGA-1,2,74,mm10
CTACCTGGTCACTCAA-1,6212,8,hg19
CTACCTGTCTCCCAAC-1,0,90,mm10
CTACGGGAGTGTCATC-1,0,50,mm10
CTACGGGCATTGCAAC-1,1,104,mm10
CTACGGGGTACCGCGT-1,3826,2,hg19
CTACGGGGTGACGCCT-1,0,58,mm10
CTACTATAGCATGCGA-1,37,20,hg19
CTACTATCAACGGCTC-1,1,66,mm10
CTACTATCAGATTAAG-1,7000,4,hg19
CTACTATCATGAGTAA-1,1584,28,Multiplet
CTACTATGTCATACCA-1,0,19,mm10
CTAGACAAGAGCCATG-1,5163,7,hg19
CTAGACAAGATGCTTC-1,0,84,mm10
CTAGGTAAGGTTCCAT-1,0,56,mm10
CTAGGTAAGTCACTGT-1,744,2,hg19
CTAGGTAGTTAGGGAC-1,0,20,mm10
CTAGGTATCATCTACT-1,3,28,mm10
CTATCCGAGATAGCAT-1,0,83,mm10
CTATCCGAGTATAGGT-1,0,23,mm10
CTATCCGCAGGACATG-1,0,66,mm10
CTATCTACAGAGCTAG-1,4668,5,hg19
CTATCTATCAAAGGTA-1,0,19,mm10
CTATCTATCGGCTCTT-1,0,96,mm10
CTCAACCTCTTGCGCT-1,0,18,mm10
CTCAAGACAAATACAG-1,0,70,mm10
CTCAAGAGTGTCTTAG-1,0,48,mm10
CTCAAGATCATGGATC-1,7196,6,hg19
CTCAATTCACAGTGTT-1,0,85,mm10
CTCAATTGTCGCTCGA-1,8451,19,Multiplet
CTCAATTTCACTGAAC-1,4687,13,hg19
CTCAATTTCGCACTCT-1,2891,4,hg19
CTCACTGAGTAATACG-1,3,65,mm10
CTCACTGCAAAGCACG-1,0,20,mm10
CTCACTGCACTGAGTT-1,1,99,mm10
CTCACTGCAGCACCCA-1,1,49,mm10
CTCACTGGTCACGTGC-1,4134,18,Multiplet
CTCACTGGTCTAATCG-1,1,75,mm10
CTCACTGGTGGAACCA-1,35,13,hg19
CTCAGAAAGACAGTCG-1,14,13,hg19
CTCAGAAGTGTAAACA-1,0,28,mm10
CTCAGAATCGAACACT-1,1,25,mm10
CTCAGGGAGGTAATCA-1,0,15,mm10
CTCAGGGAGTATTGCC-1,0,64,mm10
CTCAGGGCAAGACCGA-1,0,20,mm10
CTCAGGGCACCTGCGA-1,4414,13,hg19
CTCAGGGGTGGAAGTC-1,2,13,mm10
CTCAGTCAGCGCTGAA-1,0,36,mm10
CTCAGTCAGGGCGAAG-1,4313,5,hg19
CTCAGTCAGGTATCTC-1,10,18,mm10
CTCAGTCAGGTCTACT-1,1,78,mm10
CTCAGTCAGTCCTACA-1,3912,3,hg19
CTCAGTCCAGATCATC-1,0,32,mm10
CTCAGTCCAGCAAGAC-1,0,69,mm10
CTCAGTCGTAAGATTG-1,0,18,mm10
CTCATCGAGGTATTGA-1,249,20,hg19
CTCATCGAGTGCAGCA-1,0,51,mm10
CTCATCGAGTTGCTGT-1,0,16,mm10
CTCATGCAGCGGGTTA-1,0,20,mm10
CTCATGCCACCATAAC-1,1,73,mm10
CTCATGCGTGGCCCAT-1,3,21,mm10
CTCATTAAGTGAGCCA-1,0,42,mm10
CTCATTAGTAGATTAG-1,0,76,mm10
CTCCAACAGTAGAGTT-1,3222,16,hg19
CTCCAACCAGTTTCGA-1,0,14,mm10
CTCCAACTCCAGTGCG-1,0,30,mm10
CTCCACAAGCTGTGCC-1,1,17,mm10
CTCCACAGTGTTCATG-1,1,34,mm10
CTCCACATCAGGCGAA-1,0,60,mm10
CTCCACATCTCTTCAA-1,0,67,mm10
CTCCATGAGGCCATAG-1,1,58,mm10
CTCCATGCATAGAGGC-1,0,57,mm10
CTCCATGGTCAAAGTA-1,1,20,mm10
CTCCATGGTGTTCGTA-1,5207,10,hg19
CTCCCAAAGAATTGCA-1,1,42,mm10
CTCCCAAAGCACCCAC-1,5209,7,hg19
CTCCCAAAGCTTAAGA-1,1,20,mm10
CTCCCAACAAATGAAC-1,0,30,mm10
CTCCCAACATAGGCGA-1,6360,3,hg19
CTCCCAAGTGGCTTGC-1,0,49,mm10
CTCCCAATCTTTCCGG-1,0,45,mm10
CTCCCTCCATTGGATC-1,4366,17,Multiplet
CTCCCTCTCACTTATC-1,1,147,mm10
CTCCGATAGGCTGGAT-1,4049,6,hg19
CTCCGATTCGAGGCAA-1,4502,6,hg19
CTCCGATTCTGTGCAA-1,0,56,mm10
CTCCTCCAGACATAGT-1,39,9248,mm10
CTCCTCCAGACGTAGT-1,0,143,mm10
CTCCTCCAGGCATAGT-1,0,182,mm10
CTCCTCCCAACCGACC-1,0,37,mm10
CTCCTCCCATCTGGGC-1,0,18,mm10
CTCCTTTAGACCCGCT-1,2,36,mm10
CTCCTTTGTGGAGGTT-1,0,66,mm10
CTCCTTTGTGGTCCGT-1,0,97,mm10
CTCGAGGCAAGCGCTC-1,0,19,mm10
CTCGAGGGTCGTAATC-1,1,29,mm10
CTCGAGGGTTGTATGC-1,6928,12,hg19
CTCGAGGTCCGAGATT-1,5530,3,hg19
CTCGAGGTCGATACGT-1,1,20,mm10
CTCTCGAAGACACACG-1,3341,5,hg19
CTCTCGACAATACGAA-1,0,35,mm10
CTCTCGAGTGCATACT-1,5,55,mm10
CTCTCGAGTTAAAGTG-1,0,18,mm10
CTCTGGTAGCAATTAG-1,1,97,mm10
CTCTGGTGTGAGAACC-1,1485,6,hg19
CTGAATGGTATAGCTC-1,3040,3,hg19
CTGAATGTCGATGCAT-1,0,74,mm10
CTGAGCGAGCAATTAG-1,0,51,mm10
CTGAGCGCACCCTGTT-1,2155,1,hg19
CTGAGCGGTCAGCGTC-1,0,53,mm10
CTGAGCGGTCTGCGCA-1,5340,4,hg19
CTGAGCGGTTCGGCGT-1,1,46,mm10
CTGAGCGGTTGATCGT-1,0,23,mm10
CTGAGCGTCATATGGC-1,4519,1,hg19
CTGAGCGTCCTCGATC-1,3023,3,hg19
CTGAGCGTCTCAGGCG-1,0,21,mm10
CTGAGGCAGCTCAGAG-1,1,25,mm10
CTGAGGCCAGAGAAAG-1,0,13,mm10
CTGATCCTCATCTATC-1,2,53,mm10
CTGCAGGAGTTCCGGC-1,1,79,mm10
CTGCAGGGTCGCGTCA-1,0,29,mm10
CTGCAGGTCATTCACT-1,1,66,mm10
CTGCAGGTCCGATAAC-1,0,50,mm10
CTGCATCAGACTGTTC-1,0,86,mm10
CTGCATCGTCTGTCCT-1,0,51,mm10
CTGCATCGTGGCACTC-1,0,44,mm10
CTGCCATCACAAAGCG-1,0,30,mm10
CTGCCTAAGAAACTCA-1,0,47,mm10
CTGCCTAGTTGGGTTT-1,1,51,mm10
CTGCCTATCGCTGATA-1,1,28,mm10
CTGCGAGCAGGCTACC-1,645,3,hg19
CTGCGAGTCTTCTAAC-1,0,43,mm10
CTGCTCAAGCCGCTTG-1,0,64,mm10
CTGCTCAAGGACAGCT-1,1,23,mm10
CTGCTCAAGGTTCAGG-1,0,29,mm10
CTGCTCAAGTAATACG-1,1427,3,hg19
CTGCTCATCGCCTTTG-1,0,29,mm10
CTGGACGAGTCAGCGA-1,2,75,mm10
CTGGACGCAGTCGCTG-1,6516,5,hg19
CTGGCAGCAATACCCA-1,0,78,mm10
CTGGCAGCAATACGCT-1,0,26,mm10
CTGGCAGCAGAACCGA-1,6664,5,hg19
CTGGCAGCAGCTGAGA-1,8302,9,hg19
CTGGCAGGTACACGCC-1,0,55,mm10
CTGGCAGGTGCATTAC-1,3,95,mm10
CTGGCAGGTTCCGCGA-1,3783,4,hg19
CTGGTCTCAAACCGGA-1,0,34,mm10
CTGGTCTGTACCAGAG-1,868,2,hg19
CTGGTCTGTGAATGAT-1,2862,1,hg19
CTGGTCTGTTATTCCT-1,4001,1,hg19
CTGTACCTCACCGCTT-1,0,81,mm10
CTGTAGAAGGGAGTTC-1,0,18,mm10
CTGTATTAGCATTGTC-1,3014,0,hg19
CTGTATTCAAGTTCCA-1,0,36,mm10
CTGTCGTCAAAGGTTA-1,1,24,mm10
CTGTCGTCATGGCGCT-1,4,52,mm10
CTGTCGTGTGACTAAA-1,1,45,mm10
CTGTGAACATGGGCAA-1,4680,8,hg19
CTGTGAACATTAGGCT-1,0,14,mm10
CTGTGGGAGCTTACGT-1,1648,7,hg19
CTGTGGGGTACCAGAG-1,0,37,mm10
CTTACCGAGATTGACA-1,0,64,mm10
CTTACCGAGTGGGAAA-1,0,41,mm10
CTTACCGCACCGGTCA-1,1,39,mm10
CTTACCGGTCCGTTTC-1,1,35,mm10
CTTAGGAAGGGTTGCA-1,1,48,mm10
CTTAGGAGTCAGGCAA-1,8,55,mm10
CTTAGGAGTCTGTCAA-1,1,34,mm10
CTTCAATAGAGGTGCT-1,3773,4,hg19
CTTCAATCACCCAAGC-1,25,15,hg19
CTTCAATCATTAAGCC-1,4397,5,hg19
CTTCAATGTGATTCAC-1,25,14,hg19
CTTCCGAAGCACTTTG-1,0,26,mm10
CTTCCGACATGCCGCA-1,0,45,mm10
CTTCCGATCGCTGTTC-1,0,22,mm10
CTTCCTTAGAGAGAAC-1,0,13,mm10
CTTCCTTCAAACTCTG-1,0,52,mm10
CTTCCTTCAAAGAGTT-1,0,47,mm10
CTTCGGTCATCAGTCA-1,1939,2,hg19
CTTCGGTGTGTTGACT-1,0,67,mm10
CTTCGGTTCCTTTAGT-1,6959,2,hg19
CTTCTAACATCCTATT-1,3871,7,hg19
CTTCTAACATCTGGGC-1,0,24,mm10
CTTCTAAGTGCCTACG-1,0,28,mm10
CTTCTAATCAAACGAA-1,0,49,mm10
CTTCTAATCCTTTGAT-1,1,35,mm10
CTTCTAATCTCTGCTG-1,0,84,mm10
CTTCTCTAGGCATTTC-1,1,50,mm10
CTTCTCTCACCGTCTT-1,0,33,mm10
CTTCTCTCACGCGGTT-1,1,87,mm10
CTTCTCTGTCCCTAAA-1,0,25,mm10
CTTCTCTTCGACACTA-1,0,21,mm10
CTTGAGAAGACTAGAT-1,0,44,mm10
CTTGAGAAGGGCAACT-1,1,80,mm10
CTTGAGAAGGTACAAT-1,3409,2,hg19
CTTGAGACAGCGCGTT-1,0,13,mm10
CTTGATTGTCGTGGTC-1,1,40,mm10
CTTGATTTCAAATAGG-1,3419,2,hg19
CTTTCAAAGGCCCACT-1,2,102,mm10
CTTTCGGAGCACACCC-1,0,32,mm10
CTTTCGGAGCAGCCTC-1,0,36,mm10
CTTTCGGAGTCATGCT-1,4952,10,hg19
CTTTCGGCACTGATTG-1,3566,0,hg19
CTTTCGGGTCATCCGG-1,2,89,mm10
GAAACCTCAACAGCCC-1,5,44,mm10
GAAACCTCAGACAAGC-1,11,21,mm10
GAAACCTCAGTGACCC-1,0,58,mm10
GAAACCTCAGTTGTTG-1,2921,5,hg19
GAAACCTCATCATTGG-1,0,46,mm10
GAAACCTGTATCACCA-1,0,21,mm10
GAAACCTTCACATCAG-1,0,94,mm10
GAAACCTTCCTCATAT-1,0,22,mm10
GAAACCTTCGAGTCCG-1,0,81,mm10
GAAACCTTCGCCTCTA-1,0,14,mm10
GAAATGAAGGGACAGG-1,0,16,mm10
GAAATGACAGGGAATC-1,0,71,mm10
GAAATGATCCATGAGT-1,0,38,mm10
GAAATGATCGCAGTCG-1,10,66,mm10
GAACACTAGACTCCGC-1,1,28,mm10
GAACACTAGAGAGCCT-1,0,17,mm10
GAACACTCAGCGTATT-1,1,26,mm10
GAACACTCAGGGAATC-1,0,40,mm10
GAACACTTCGAACTCA-1,2,14,mm10
GAACGTTAGCTACAAA-1,0,53,mm10
GAACGTTAGTTGCTCA-1,0,64,mm10
GAACGTTGTCAAACGG-1,1461,15,hg19
GAACGTTGTCCTACAA-1,1,77,mm10
GAACGTTGTCGAACGA-1,0,42,mm10
GAACGTTTCGATACGT-1,17,67,mm10
GAACTGTAGGTAGCCA-1,0,37,mm10
GAACTGTAGTAATACG-1,0,73,mm10
GAACTGTCAGAACGCA-1,0,30,mm10
GAACTGTCATGTGCTA-1,0,39,mm10
GAACTGTTCCCGTTGT-1,0,113,mm10
GAAGAATAGTAGCTCT-1,6999,5,hg19
GAAGAATAGTGTTCAC-1,0,49,mm10
GAAGAATGTATTTCGG-1,0,47,mm10
GAAGAATGTTGGAGAC-1,0,44,mm10
GAAGCCCCAATCGCGC-1,0,13,mm10
GAAGCCCGTGACCGAA-1,0,31,mm10
GAAGCCCGTTAGAGAT-1,1,57,mm10
GAAGCCCGTTCACGAT-1,0,47,mm10
GAAGCGAAGCCAAGGT-1,0,61,mm10
GAAGCGACAATCGTCA-1,0,21,mm10
GAAGCGACACTACTTT-1,0,49,mm10
GAAGCGAGTGACTAAA-1,0,28,mm10
GAAGCGATCCGCGATG-1,5608,2,hg19
GAAGGACAGAATAGTC-1,0,14,mm10
GAAGGACAGACGGTCA-1,6212,4,hg19
GAAGGACAGCCTATTG-1,0,112,mm10
GAAGGACAGCGAGAAA-1,7727,2,hg19
GAAGGACAGGATACCG-1,0,21,mm10
GAAGGACCACAGCGCT-1,4144,1,hg19
GAAGGACTCGGAAGGT-1,1552,3,hg19
GAAGGGTCAGGATTCT-1,0,100,mm10
GAAGGGTGTACTGCCG-1,0,36,mm10
GAAGGGTTCCAAGCCG-1,0,119,mm10
GAAGTAAAGCCTGAAG-1,1,38,mm10
GAAGTAAGTCTGTTAG-1,9408,8,hg19
GAAGTAAGTGTGTACT-1,0,31,mm10
GAATAGAAGTAGCAAT-1,0,22,mm10
GAATCACCAAGATCCT-1,0,27,mm10
GAATCACGTACGTACT-1,0,20,mm10
GAATCACGTCGCACAC-1,4010,12,hg19
GAATCGTAGGACAACC-1,0,116,mm10
GAATCGTCAAACCATC-1,5418,9,hg19
GAATCGTGTTTCACTT-1,0,45,mm10
GACACGCAGGCTGTAG-1,0,15,mm10
GACACGCAGTGAACAT-1,0,84,mm10
GACACGCGTAAGATCA-1,1,63,mm10
GACACGCGTAATCAAG-1,570,2,hg19
GACACGCGTAGTGCGA-1,8305,12,hg19
GACACGCGTGTATTGC-1,1,87,mm10
GACAGCCAGAACAAGG-1,2990,7,hg19
GACAGCCCAAAGGCGT-1,3,66,mm10
GACAGCCCAATGTCTG-1,2,24,mm10
GACAGCCCATGACCCG-1,2853,3,hg19
GACAGCCTCGCGTGAC-1,5115,4,hg19
GACCAATAGTCACTGT-1,4300,4,hg19
GACCAATCACAGAAGC-1,3,35,mm10
GACCAATCATTCATCT-1,0,36,mm10
GACCAATGTTACACAC-1,3068,7,hg19
GACCAATTCCAAGCCG-1,0,33,mm10
GACCCAGCACCTATCC-1,1,23,mm10
GACCCAGCATAACTCG-1,0,54,mm10
GACCCAGGTCAAACGG-1,1,130,mm10
GACCCTTAGCAGGCAT-1,6366,18,Multiplet
GACCCTTTCTTCTAAC-1,0,37,mm10
GACCGTGGTCACTCGG-1,0,58,mm10
GACCGTGTCAACCTTT-1,5183,6,hg19
GACCGTGTCGGTATGT-1,0,104,mm10
GACGCTGAGCATTTCG-1,0,40,mm10
GACGCTGCATTATGCG-1,0,26,mm10
GACGCTGGTCTACGAT-1,0,20,mm10
GACGTTAAGAGAGAAC-1,0,15,mm10
GACGTTACAAGAGATT-1,0,60,mm10
GACGTTACAATCGCAT-1,6642,11,hg19
GACGTTACAGGGCTTC-1,3288,1,hg19
GACGTTAGTCCTGGTG-1,5771,9,hg19
GACGTTATCGAGCACC-1,1,110,mm10
GACTATGTCCAGCCTT-1,1,49,mm10
GACTATGTCTGCTAGA-1,10555,5,hg19
GACTCAAAGCGGGTAT-1,4667,9,hg19
GACTCAACAAGGTTGG-1,1,77,mm10
GACTCAACACGCAAAG-1,4518,7,hg19
GACTCAACATGACAGG-1,0,21,mm10
GACTCAAGTTAGGGAC-1,0,41,mm10
GACTCTCAGGGTGAGG-1,4523,3,hg19
GACTCTCGTACCTATG-1,1,50,mm10
GACTCTCGTGCATCTA-1,2,78,mm10
GACTCTCTCTCATAGG-1,18,495,mm10
GACTCTCTCTCATGGG-1,0,13,mm10
GACTGATAGCCACTCG-1,0,21,mm10
GACTGATAGCGTTCCG-1,0,59,mm10
GACTGATCAAGAGTTA-1,0,21,mm10
GACTGATCACCTTCGT-1,0,36,mm10
GACTGATCAGCACAAG-1,779,1,hg19
GACTGATCATTGACAC-1,8839,29,Multiplet
GACTTCCCAACAGAGC-1,0,17,mm10
GACTTCCCACTTCCTG-1,1,15,mm10
GAGAAATAGACGAGCT-1,3467,1,hg19
GAGAAATCAGCTCATA-1,0,67,mm10
GAGAAATGTTGAGGAC-1,0,13,mm10
GAGACCCAGCAACAGC-1,0,24,mm10
GAGACCCTCTCCGCAT-1,0,69,mm10
GAGACTTAGCTAGTTC-1,3835,3,hg19
GAGACTTCAACGTAAA-1,0,55,mm10
GAGACTTGTATCGAGG-1,6465,5,hg19
GAGACTTGTCGAACAG-1,2488,5,hg19
GAGACTTGTGCTGATT-1,0,36,mm10
GAGACTTTCCGGACGT-1,0,13,mm10
GAGAGGTAGCTTGTTG-1,0,26,mm10
GAGAGGTCAAACACCT-1,0,25,mm10
GAGAGGTGTCTTACTT-1,1,72,mm10
GAGATGGAGCCACCGT-1,2,33,mm10
GAGATGGGTCGAGCTC-1,1,40,mm10
GAGATGGTCTGAGGTT-1,0,13,mm10
GAGCCTGAGCCGCACT-1,1,90,mm10
GAGCCTGTCCCATGGG-1,3839,5,hg19
GAGCCTGTCTATTTCG-1,1,70,mm10
GAGCCTGTCTTCCTAA-1,5,30,mm10
GAGCTGCAGGATTTGA-1,1,57,mm10
GAGCTGCCACCGTCGA-1,0,21,mm10
GAGCTGCGTCGGATTT-1,0,72,mm10
GAGCTGCGTTCGAACT-1,1,19,mm10
GAGCTGCTCATCGCTC-1,1,50,mm10
GAGCTGCTCCGCGGAT-1,11,36,mm10
GAGCTGCTCCTTCTAA-1,0,23,mm10
GAGGCAAAGCCTATTG-1,0,35,mm10
GAGGCAAAGGCTATCT-1,0,26,mm10
GAGGCAAGTCCATCTC-1,0,64,mm10
GAGGCAATCAGAGTTC-1,0,21,mm10
GAGGCAATCGAAGCAG-1,0,22,mm10
GAGGCAATCTCAACGA-1,1,75,mm10
GAGGCCTCAGACAATA-1,3412,16,hg19
GAGGCCTCAGAGTTGG-1,0,37,mm10
GAGGCCTCATACCAGT-1,0,78,mm10
GAGGCCTGTCCTGTTC-1,0,116,mm10
GAGGCCTTCAAGGAGC-1,6762,5,hg19
GAGGCCTTCTGAACGT-1,9839,8,hg19
GAGGGATTCGCCTCTA-1,2802,3,hg19
GAGGGTAGTGCATTAC-1,4367,10,hg19
GAGGGTATCCATCTGC-1,1591,7,hg19
GAGTCATAGGACTATA-1,1512,6,hg19
GAGTCATAGTAGTGCG-1,0,106,mm10
GAGTCATCAAAGACTA-1,9745,19,Multiplet
GAGTCATGTAGCTTTG-1,0,15,mm10
GAGTCATTCGATAACC-1,6132,3,hg19
GAGTCATTCTTACGTT-1,0,14,mm10
GAGTCTAAGTCGGCAA-1,0,26,mm10
GAGTCTATCGAGTACT-1,6971,14,hg19
GAGTCTATCTCGCAGG-1,8744,19,Multiplet
GAGTCTATCTTGGATG-1,2199,1,hg19
GAGTGAGTCTATACTC-1,0,78,mm10
GAGTGTTGTACTAAGA-1,0,21,mm10
GAGTGTTGTTCGTGCG-1,2,62,mm10
GAGTGTTGTTGCATTG-1,2846,9,hg19
GAGTTACAGGAAGTCC-1,4655,4,hg19
GAGTTACCACATATGC-1,0,69,mm10
GAGTTACCACATTACG-1,2918,5,hg19
GAGTTACCACGGTAGA-1,1,13,mm10
GAGTTACCAGCCGGTT-1,0,29,mm10
GAGTTACCATGGCGCT-1,6085,12,hg19
GAGTTACTCTAGCAAC-1,2656,9,hg19
GAGTTGTAGGCGCTCT-1,2902,4,hg19
GAGTTTGAGACCGCCT-1,4,50,mm10
GAGTTTGAGGTAACTA-1,2841,3,hg19
GAGTTTGAGTGTTGAA-1,7136,7,hg19
GAGTTTGTCGGTAAGG-1,1,13,mm10
GATAGAAAGGTGGCTA-1,1,57,mm10
GATAGAAAGTAGCTCT-1,0,66,mm10
GATAGAACAAATCAGA-1,1,102,mm10
GATAGAACAGACACAG-1,0,38,mm10
GATAGAATCGCTTGAA-1,0,35,mm10
GATAGAATCGTACCTC-1,1,27,mm10
GATCACAAGGCATCGA-1,5,47,mm10
GATCACACATCCTCAC-1,0,41,mm10
GATCACACATGAGAAT-1,0,188,mm10
GATCACAGTGCGGATA-1,3175,4,hg19
GATCACAGTTAGGAGC-1,0,90,mm10
GATCACAGTTGGTGTT-1,2,28,mm10
GATCACATCCGTGACG-1,0,14,mm10
GATCAGTAGGTGGCTA-1,0,31,mm10
GATCAGTCAGTTCCAA-1,2,54,mm10
GATCAGTGTAGATCGG-1,8,43,mm10
GATCAGTTCCGTGGTG-1,2562,4,hg19
GATCATGAGTCTAACC-1,4098,7,hg19
GATCATGCAGTCGCTG-1,1,99,mm10
GATCATGTCGACGATT-1,1,14,mm10
GATCATGTCTCCGCAT-1,5,76,mm10
GATCGTAAGAGAGGGC-1,3652,1,hg19
GATCGTAAGGAATTAC-1,2,56,mm10
GATCGTAAGTCACTGT-1,0,26,mm10
GATCGTACATCCTGTC-1,2,173,mm10
GATCGTAGTAACCCTA-1,14,45,mm10
GATGACTAGAATACAC-1,1,80,mm10
GATGACTAGATGCAGC-1,1,50,mm10
GATGACTCAGACCCGT-1,4178,5,hg19
GATGACTGTCCGAAGA-1,0,75,mm10
GATGAGGAGAACGTGC-1,33,3690,mm10
GATGAGGAGAACGTGT-1,0,50,mm10
GATGAGGTCTAATTCC-1,0,26,mm10
GATGATCAGAAGCTCG-1,5350,2,hg19
GATGATCGTAGGGAGG-1,0,62,mm10
GATGATCTCGGTGTTA-1,0,22,mm10
GATGCTAGTTAGGACG-1,29,3990,mm10
GATGCTAGTTGTCTAG-1,0,42,mm10
GATGGAGCATGGCCCA-1,1,40,mm10
GATGGAGGTACCGGCT-1,2,30,mm10
GATGGAGGTTCTCTCG-1,0,13,mm10
GATGGAGGTTGGGAAC-1,0,75,mm10
GATGTTGGTCTACATG-1,0,59,mm10
GATGTTGTCAGAGCAG-1,4438,10,hg19
GATTCGAAGCCGGAAT-1,1,39,mm10
GATTCGAAGCTTGTGT-1,1828,2,hg19
GATTCGAAGGGCAATC-1,0,31,mm10
GATTCGACAAGCTCTA-1,0,14,mm10
GATTCGACATGACTGT-1,1,59,mm10
GATTCGAGTGTCACAT-1,3,15,mm10
GATTCGATCAAGTGTC-1,8447,6,hg19
GATTTCTCAAGCCCAC-1,0,62,mm10
GATTTCTGTCGCTTAA-1,0,76,mm10
GCAACATGTCCAGCGT-1,1,61,mm10
GCAACCGCAATAGTCC-1,2,46,mm10
GCAACCGGTTGCATGT-1,1,39,mm10
GCAACCGTCTACTGCC-1,19,19,hg19
GCACATAAGAGAACCC-1,0,35,mm10
GCACATACATCGTGGC-1,0,47,mm10
GCACATAGTGACACAG-1,0,45,mm10
GCACATAGTTCTCCAC-1,0,34,mm10
GCACATATCAAGTCGT-1,1,14,mm10
GCACATATCGGCATAT-1,4287,1,hg19
GCACATATCTCATTTG-1,2,18,mm10
GCACGGTAGCGTGTCC-1,12595,4,hg19
GCACGGTGTCCCGTGA-1,0,14,mm10
GCACGTGCACCGTCTT-1,0,33,mm10
GCACGTGGTCTAATCG-1,0,17,mm10
GCACGTGTCGCCGAAC-1,5,40,mm10
GCACTAAAGGAACGTC-1,1,74,mm10
GCACTAACATGGAAGC-1,0,38,mm10
GCACTAAGTCGAGATG-1,6140,11,hg19
GCAGCCAAGCGTCTCG-1,0,19,mm10
GCAGCCAAGGTTGCCC-1,0,54,mm10
GCAGCCATCCTGCTAC-1,0,18,mm10
GCAGCTGGTGCCCTTT-1,11,51,mm10
GCAGCTGGTGTTATCG-1,4565,1,hg19
GCAGGCTGTCCCTAAA-1,2690,10,hg19
GCAGGCTTCATCACTT-1,0,109,mm10
GCAGTTAAGTACTGGG-1,1943,2,hg19
GCAGTTACAGCATACT-1,0,65,mm10
GCAGTTACAGGGAATC-1,0,14,mm10
GCAGTTATCATGAAAG-1,0,63,mm10
GCAGTTATCGTTCTAT-1,1,42,mm10
GCATCGGCAGCCGTTG-1,1,19,mm10
GCATCGGCATAGGCGA-1,3,61,mm10
GCATCGGGTTATTCCT-1,0,51,mm10
GCATCGGGTTGAATCC-1,0,15,mm10
GCATCGGGTTGTGCAT-1,1167,2,hg19
GCATCTCAGCCTGAGA-1,0,47,mm10
GCATCTCAGTCCGTCG-1,0,42,mm10
GCATCTCCAAGGTCGA-1,13,76,mm10
GCATGATAGACATACA-1,3,67,mm10
GCATGATAGCACACCC-1,5121,3,hg19
GCATGATCATCGGCCA-1,2,51,mm10
GCATGATTCATAGGCT-1,5191,2,hg19
GCATTAGAGGCTATCT-1,0,17,mm10
GCATTAGCAATCCTTT-1,2422,12,hg19
GCATTAGGTATACGGG-1,2489,6,hg19
GCATTAGGTCGAAACG-1,4469,9,hg19
GCCAACGCAATTTCTC-1,2,20,mm10
GCCAACGCACAAACGG-1,0,41,mm10
GCCAACGCACGCCAGT-1,0,76,mm10
GCCAACGGTGCTGCAC-1,1,126,mm10
GCCAGCAAGCAGGCTA-1,1,59,mm10
GCCAGCAAGGCCTTCG-1,4671,4,hg19
GCCAGCAAGGCCTTGC-1,9396,17,Multiplet
GCCAGCAAGGGATCGT-1,2,18,mm10
GCCAGCACACGGTAGA-1,1,49,mm10
GCCAGCACAGTCGGAA-1,0,32,mm10
GCCAGCAGTCAAAGTA-1,0,34,mm10
GCCAGCAGTCACGCTG-1,0,33,mm10
GCCAGCAGTGGTCCCA-1,0,72,mm10
GCCAGCAGTTCTAACG-1,1,95,mm10
GCCAGCATCCAACACA-1,26,72,mm10
GCCAGCATCTAGTCAG-1,0,50,mm10
GCCAGTGAGTCGCCAC-1,1,19,mm10
GCCAGTGGTTTACCTT-1,1,29,mm10
GCCAGTGTCTAGCAAC-1,1,29,mm10
GCCATGGGTTGGACCC-1,0,46,mm10
GCCATGGTCACTGGGC-1,1,46,mm10
GCCATGGTCTCGACGG-1,0,60,mm10
GCCATTCAGGCACGAT-1,0,43,mm10
GCCATTCTCCGTTGAA-1,0,14,mm10
GCCATTCTCTGATGGT-1,3552,3,hg19
GCCCAGAAGACCGTTT-1,0,49,mm10
GCCCAGAAGATTCGCT-1,0,78,mm10
GCCCAGAAGTGTTCAC-1,0,32,mm10
GCCCAGATCACCTACC-1,45,2655,mm10
GCCCAGATCCGCGATG-1,0,16,mm10
GCCCGAAGTATCGGTT-1,0,80,mm10
GCCGATGAGATGACAT-1,1,71,mm10
GCCGATGCAAACTCTG-1,0,48,mm10
GCCGATGGTCTGGTTA-1,0,52,mm10
GCCGATGTCTTGCGCT-1,5844,6,hg19
GCCGTGACAACGGCTC-1,153,37,hg19
GCCGTGAGTGAGAGGG-1,0,26,mm10
GCCTGTTAGTGCTAGG-1,0,56,mm10
GCCTGTTGTTGAGTCT-1,0,14,mm10
GCGAGAACAGAAGCGT-1,1,82,mm10
GCGAGAAGTATCGCGC-1,1,58,mm10
GCGAGAAGTTGCCTAA-1,1,112,mm10
GCGAGAATCTAACGCA-1,0,84,mm10
GCGGAAAAGACGCCCT-1,3447,6,hg19
GCGGAAACAAACTCTG-1,2860,4,hg19
GCGGAAAGTCCGCAGT-1,3045,4,hg19
GCGGAAAGTCGATTCA-1,2,109,mm10
GCGGAAAGTGAAGCTG-1,0,13,mm10
GCGGAAATCTTTACAC-1,14,76,mm10
GCGGATCCAAGTGGTG-1,0,58,mm10
GCGGATCCAGCAGACA-1,0,25,mm10
GCGGATCCATTGAAGA-1,0,79,mm10
GCGGATCTCCTCTCTT-1,0,27,mm10
GCGGATCTCGGTAGGA-1,2458,1,hg19
GCGTGCAAGCATGTTC-1,0,31,mm10
GCGTGCAAGCTGGCCT-1,0,18,mm10
GCGTGCACATGCAGGA-1,0,62,mm10
GCGTGCAGTCTCAGGC-1,0,90,mm10
GCGTGCATCAAGAGGC-1,1,98,mm10
GCGTGCATCATGGATC-1,0,32,mm10
GCGTTTCAGACGGTTG-1,0,48,mm10
GCGTTTCCATAACTCG-1,3720,35,Multiplet
GCGTTTCGTACAGCGA-1,5397,3,hg19
GCGTTTCGTCCGGACT-1,0,53,mm10
GCGTTTCGTGAGCGAT-1,0,13,mm10
GCGTTTCTCACTTTGT-1,1177,7,hg19
GCTACAACAGGAGGTT-1,0,23,mm10
GCTACAAGTAGTGATA-1,0,49,mm10
GCTACAAGTGGACCTC-1,0,48,mm10
GCTACAATCAAGCTTG-1,6055,7,hg19
GCTACCTCAACTGCTA-1,4,37,mm10
GCTACCTGTATCGCTA-1,0,55,mm10
GCTACCTGTATCGTTG-1,3,91,mm10
GCTACCTGTCACAGTT-1,656,2,hg19
GCTACCTTCTTGCAAG-1,0,119,mm10
GCTCAAAAGTTCATCG-1,0,29,mm10
GCTCAAACAGCCTATA-1,40,41,mm10
GCTCAAATCGTCTCAC-1,1027,2,hg19
GCTGAATAGTGATCGG-1,782,5,hg19
GCTGAATAGTGGATAT-1,2,21,mm10
GCTGAATGTAGACAGC-1,1,25,mm10
GCTGAATGTTCCGCGA-1,1,105,mm10
GCTGGGTCAATAAGGT-1,0,34,mm10
GCTGGGTGTACCCGAC-1,0,99,mm10
GCTGGGTGTGGGCTCT-1,3679,6,hg19
GCTTCACGTACGAAAT-1,0,28,mm10
GCTTCACGTATGTCCA-1,7051,5,hg19
GCTTCACTCCACAAGT-1,0,20,mm10
GCTTCACTCTACGGGC-1,0,20,mm10
GCTTCACTCTATCGCC-1,2,92,mm10
GCTTGGGAGATGGTAT-1,0,21,mm10
GCTTGGGAGTCCGCCA-1,0,90,mm10
GCTTGGGTCATGTCTT-1,6910,4,hg19
GCTTGGGTCCCAGCGA-1,4886,6,hg19
GCTTGGGTCCTGGCTT-1,0,115,mm10
GCTTTCGCACTGGCCA-1,2,42,mm10
GCTTTCGCATCACCAA-1,2095,6,hg19
GCTTTCGGTATGTCTG-1,3,21,mm10
GCTTTCGGTCAAGTTC-1,0,65,mm10
GCTTTCGGTGTGTCGC-1,0,164,mm10
GCTTTCGGTTAAGTCC-1,1,77,mm10
GCTTTCGTCATAAGGA-1,0,43,mm10
GCTTTCGTCTCCGAGG-1,0,44,mm10
GGAACCCAGCGCCATC-1,8113,5,hg19
GGAACCCCATATCTGG-1,0,34,mm10
GGAACCCTCCTAGCGG-1,0,57,mm10
GGAACCCTCCTGTTAT-1,1,13,mm10
GGAACCCTCGACATCA-1,1,53,mm10
GGAAGTGCAAGGAGTC-1,838,7,hg19
GGAAGTGCATCATTGG-1,0,66,mm10
GGAAGTGGTTTAGAGA-1,0,114,mm10
GGAATCTAGTGCCAGA-1,0,32,mm10
GGAATCTCAGCGTATT-1,0,24,mm10
GGAATCTCAGTGCCTG-1,0,13,mm10
GGAATCTTCTGCCTGT-1,1,111,mm10
GGAATGGAGCACCGAA-1,0,47,mm10
GGAATGGCAGATCCAT-1,1848,7,hg19
GGAATGGCAGCGAGTA-1,0,78,mm10
GGAATGGGTGTTGAGG-1,5431,2,hg19
GGACGTCAGATTCGAA-1,0,29,mm10
GGAGAACAGTGGGAAA-1,0,23,mm10
GGAGAACGTAACTTCG-1,1098,4,hg19
GGAGAACTCACTGGGC-1,0,17,mm10
GGAGATGAGTCGTCTA-1,1881,5,hg19
GGAGATGAGTTCTACG-1,0,20,mm10
GGAGATGGTCATGACT-1,0,26,mm10
GGAGATGGTGGACCTC-1,0,41,mm10
GGAGATGGTTCCTAGA-1,0,34,mm10
GGAGATGGTTTCGTAG-1,0,43,mm10
GGAGCAAAGGTCCAGA-1,0,31,mm10
GGAGCAAAGTCTTCCC-1,1,73,mm10
GGAGCAACACAAATGA-1,0,49,mm10
GGAGCAACATATGAAG-1,2,62,mm10
GGAGCAATCGGCCCAA-1,3253,2,hg19
GGAGCAATCGGTAGAG-1,1,16,mm10
GGAGGATCACGACGCT-1,1889,13,hg19
GGAGGATGTAAGTTGA-1,1,42,mm10
GGAGGATGTGCATTTG-1,0,55,mm10
GGAGGTACAGCTGTTA-1,6,66,mm10
GGAGGTAGTTAAGACA-1,0,33,mm10
GGATCTAAGTAAAGCT-1,1,85,mm10
GGATCTAGTAATGTGA-1,0,44,mm10
GGATCTATCGGTCTGG-1,0,52,mm10
GGATGTTAGGCCCGTT-1,0,50,mm10
GGATGTTCAGTCTACA-1,1,15,mm10
GGATGTTCATGTTTGG-1,0,27,mm10
GGATGTTGTCCCGCAA-1,0,46,mm10
GGATGTTGTGTCGATT-1,2991,1,hg19
GGCACGTGTATGAAAC-1,0,57,mm10
GGCACGTGTATTGCCA-1,0,15,mm10
GGCACGTGTCCACTCT-1,2,80,mm10
GGCACGTTCGTAATGC-1,4952,4,hg19
GGCAGTCAGCCAAGCA-1,0,67,mm10
GGCAGTCAGTTAACGA-1,0,63,mm10
GGCAGTCCAAGCCTGC-1,0,100,mm10
GGCAGTCCAATACGAA-1,0,34,mm10
GGCAGTCCACTACCGG-1,2,14,mm10
GGCAGTCCACTTCATT-1,0,23,mm10
GGCAGTCGTAAGGAGA-1,4578,7,hg19
GGCAGTCTCTTACACT-1,0,21,mm10
GGCGTCACATAATGAG-1,1,36,mm10
GGCTGTGAGAAGCCAC-1,0,31,mm10
GGCTGTGAGTCATCGT-1,1,29,mm10
GGCTGTGGTCTTCATT-1,1,41,mm10
GGCTGTGTCACTCACC-1,0,35,mm10
GGCTTGGAGGGTTAGC-1,0,84,mm10
GGCTTGGAGTTTGGCT-1,1,21,mm10
GGCTTGGCAAGAATAC-1,0,209,mm10
GGCTTGGCAGGATTCT-1,1,17,mm10
GGCTTGGGTCTTGCTC-1,1,87,mm10
GGCTTGGTCTGGCCGA-1,1,45,mm10
GGCTTTCAGAATCGAT-1,0,22,mm10
GGCTTTCCACCATTCC-1,33,13,hg19
GGGAAGTTCCTAGAGT-1,0,85,mm10
GGGACAAGTCCTCCTA-1,1,20,mm10
GGGACCTTCCAGCCTT-1,1943,15,hg19
GGGACTCGTATACCCA-1,0,30,mm10
GGGACTCGTTTGTTCT-1,1,25,mm10
GGGACTCTCGTAGTGT-1,2,40,mm10
GGGAGATGTGGTACAG-1,6466,23,Multiplet
GGGAGTAAGAATAGTC-1,6253,1,hg19
GGGAGTATCATTCTTG-1,7628,9,hg19
GGGAGTATCTCTGCCA-1,1,57,mm10
GGGATCCAGCCTCACG-1,4062,10,hg19
GGGATCCAGGACGCAT-1,0,42,mm10
GGGATCCAGGTGCCTC-1,2,69,mm10
GGGATCCCAAGAGATT-1,0,37,mm10
GGGATCCCATGTGCTA-1,4483,5,hg19
GGGATGAAGGTCCCTG-1,0,47,mm10
GGGATGACAACTTGGT-1,0,29,mm10
GGGATGATCAGGAAAT-1,0,17,mm10
GGGATGATCTCTCTTC-1,0,95,mm10
GGGCCATGTGCCGAAA-1,2281,6,hg19
GGGCCATGTTATGACC-1,2,35,mm10
GGGCCATTCACCATAG-1,1,21,mm10
GGGCCATTCACTGTCC-1,1,45,mm10
GGGCGTTCAGCAGAAC-1,1890,5,hg19
GGGCGTTGTAATTAGG-1,1,60,mm10
GGGCGTTGTACTCGCG-1,3724,5,hg19
GGGCTACGTAAGCTCT-1,3932,3,hg19
GGGCTACGTGGTCTTA-1,2,69,mm10
GGGCTACTCATTCATC-1,0,54,mm10
GGGCTCAAGGAGACCT-1,0,60,mm10
GGGCTCAAGGGCTTCC-1,0,59,mm10
GGGCTCACACGTACTA-1,4943,3,hg19
GGGTAGACACACGTGC-1,2,65,mm10
GGGTAGACACGACGCT-1,0,76,mm10
GGGTAGAGTGACTCTA-1,1,81,mm10
GGGTAGAGTGACTGTT-1,0,41,mm10
GGGTAGAGTTGACTAC-1,1,75,mm10
GGGTAGATCACCACAA-1,2,75,mm10
GGGTAGATCTTGCGCT-1,0,49,mm10
GGGTATTAGAGACAAG-1,5469,8,hg19
GGGTATTCATCCTCAC-1,5034,3,hg19
GGGTATTGTGAACCGA-1,0,57,mm10
GGGTCACAGCGACATG-1,2,38,mm10
GGGTCACAGTACTCGT-1,0,76,mm10
GGGTCACCATGATGCT-1,1,76,mm10
GGGTCTGAGCTCGAAG-1,0,41,mm10
GGGTCTGAGCTCTTCC-1,3,70,mm10
GGGTCTGAGTGTAGAT-1,1,89,mm10
GGGTCTGCAAGTCCCG-1,0,16,mm10
GGGTCTGTCAACTGGT-1,0,57,mm10
GGGTGAAAGATAACAC-1,1,71,mm10
GGGTGAAGTAACACCT-1,0,25,mm10
GGGTGAAGTCACTAGT-1,1,55,mm10
GGGTGAAGTGTGATGG-1,4670,1,hg19
GGGTGTCAGAGCAGAA-1,0,47,mm10
GGGTGTCCAATGTGGG-1,0,31,mm10
GGGTGTCGTCACTCTC-1,2309,4,hg19
GGGTGTCGTGCACATT-1,0,25,mm10
GGGTGTCGTGGACTAG-1,0,14,mm10
GGGTGTCTCTCATAGG-1,0,44,mm10
GGGTGTCTCTCGGTAA-1,1,14,mm10
GGGTTATAGTTCCGGC-1,2,49,mm10
GGGTTTAAGTTACGGG-1,0,18,mm10
GGGTTTACAGGAAGTC-1,0,22,mm10
GGGTTTAGTCGGAAAC-1,8945,3,hg19
GGTAACTGTACCTAGT-1,0,15,mm10
GGTAACTGTATGCTAC-1,4591,5,hg19
GGTAACTTCACGGGCT-1,0,51,mm10
GGTAACTTCCCTCGTA-1,0,28,mm10
GGTAACTTCTCAACGA-1,1,23,mm10
GGTAATCAGCAAGTGC-1,0,14,mm10
GGTAATCCACAAGCCC-1,5,57,mm10
GGTAATCCAGATGCGA-1,1,44,mm10
GGTAATCGTTCTCGCT-1,0,37,mm10
GGTAATCGTTGTCATG-1,0,27,mm10
GGTAATCTCCGTACGG-1,1,87,mm10
GGTAATCTCGACTCCT-1,0,17,mm10
GGTAATCTCGCATGAT-1,1,55,mm10
GGTAGAGAGACCCGCT-1,0,56,mm10
GGTAGAGAGACCGTTT-1,0,39,mm10
GGTAGAGCACCTGCAG-1,0,23,mm10
GGTAGAGCATCAGCAT-1,1,51,mm10
GGTAGAGCATCGCCTT-1,0,13,mm10
GGTAGAGGTCCAGCGT-1,0,45,mm10
GGTAGAGGTTCAGTAC-1,0,90,mm10
GGTCACGAGAGCCTGA-1,0,26,mm10
GGTCACGAGAGTGTTA-1,0,13,mm10
GGTCACGAGATTGCGA-1,0,162,mm10
GGTCACGAGATTGTGA-1,18,9192,mm10
GGTCACGAGATTGTGG-1,0,286,mm10
GGTCACGAGGTTGTGA-1,0,152,mm10
GGTCACGCACAGAAGC-1,0,32,mm10
GGTCACGCACTCTAGA-1,1,68,mm10
GGTCACGTCAGTGGGA-1,0,48,mm10
GGTCACGTCGGTAACT-1,2762,3,hg19
GGTCTGGAGCTCAGAG-1,1,65,mm10
GGTCTGGCAAGGCAAC-1,14,60,mm10
GGTCTGGGTCCAGGTC-1,1,47,mm10
GGTCTGGGTGAATATG-1,0,28,mm10
GGTCTGGTCACATACG-1,0,84,mm10
GGTCTGGTCACTACTT-1,1,40,mm10
GGTGAAGGTGACTATC-1,6270,5,hg19
GGTGATTAGGGATCAC-1,1,87,mm10
GGTGATTAGTCATGCT-1,0,47,mm10
GGTGATTGTACGACAG-1,4826,2,hg19
GGTGATTGTGTGATGG-1,0,34,mm10
GGTGATTTCCCTTGTG-1,0,37,mm10
GGTGGCTAGGTCGAGT-1,2575,1,hg19
GGTGGCTCAGCGCTTG-1,0,48,mm10
GGTGGCTCATTCGATG-1,4449,3,hg19
GGTGGCTGTCTACACA-1,0,24,mm10
GGTGGCTGTTGCTCGG-1,7992,6,hg19
GGTGGCTTCTAGTGAC-1,2,13,mm10
GGTGTCGGTACGAAAT-1,0,71,mm10
GGTGTTAAGAACCCGA-1,0,21,mm10
GGTGTTATCGACATCA-1,1,46,mm10
GGTTAACAGCGCATCC-1,1341,4,hg19
GGTTAACAGGTTGCCC-1,7,48,mm10
GGTTAACAGTGGTTCT-1,0,16,mm10
GGTTAACTCTTAGCTT-1,1,42,mm10
GGTTAACTCTTTCCAA-1,0,35,mm10
GGTTCTCAGCAAATGT-1,0,46,mm10
GGTTCTCGTTAAACAG-1,0,41,mm10
GGTTCTCTCAATCCAG-1,3194,3,hg19
GGTTGTACAGAGCTAG-1,0,33,mm10
GGTTGTACATTCACAG-1,3190,6,hg19
GGTTGTAGTGAAGCTG-1,1,63,mm10
GTAACACAGAAGTCCG-1,0,81,mm10
GTAACACAGTCGGCAA-1,1,21,mm10
GTAACACAGTTCATCG-1,1,124,mm10
GTAACACCAACACGAG-1,1363,3,hg19
GTAACACCACCCTTGT-1,4944,7,hg19
GTAACACCAGTGTATC-1,0,13,mm10
GTAACCACAGATCCTA-1,2,99,mm10
GTAACCAGTCCAAAGG-1,0,179,mm10
GTAACCATCGCCACTT-1,0,29,mm10
GTAACCATCGTTGCCT-1,0,85,mm10
GTAAGTCCACGCTTAA-1,1,20,mm10
GTAAGTCTCAGCTTGA-1,0,74,mm10
GTAAGTCTCCAATCCC-1,0,98,mm10
GTAAGTCTCGGTTGTA-1,4854,2,hg19
GTAATCGGTGTCCGGT-1,5486,3,hg19
GTAATCGTCGACCTAA-1,0,51,mm10
GTAATGCAGCTCGTGC-1,2,28,mm10
GTAATGCAGTTACGTC-1,11022,13,hg19
GTAATGCGTATATGGA-1,9199,10,hg19
GTAATGCGTGGAAGTC-1,0,46,mm10
GTAATGCTCAGGTGTT-1,7456,5,hg19
GTACAACAGACTTCCA-1,0,43,mm10
GTACAACAGTAGCCAG-1,1,26,mm10
GTACAACCAGTTAAAG-1,3929,7,hg19
GTACAACGTACTAAGA-1,0,26,mm10
GTACAACGTGACCGTC-1,2636,13,hg19
GTACAACGTTACCGTA-1,1,44,mm10
GTACAACGTTGGCCGT-1,2,44,mm10
GTACAACTCCGTTGGG-1,0,39,mm10
GTACAACTCGTTGTGA-1,0,30,mm10
GTACAGTCATGTCAGT-1,0,61,mm10
GTACAGTGTAAGACCG-1,4347,3,hg19
GTAGAAACAAACACCT-1,4944,11,hg19
GTAGAAACATGCAGGA-1,7000,2,hg19
GTAGAAATCGCAAGAG-1,0,29,mm10
GTAGAGGCACCTCTAC-1,6127,3,hg19
GTAGAGGCACTCCGGA-1,0,74,mm10
GTAGAGGTCACGAACT-1,5763,5,hg19
GTAGATCAGAACAAGG-1,1,39,mm10
GTAGATCGTAGCACAG-1,0,80,mm10
GTAGATCGTCGAATGG-1,3156,4,hg19
GTAGATCGTGCCGTTG-1,7,31,mm10
GTAGATCGTTCGTTCC-1,0,90,mm10
GTAGATCTCTTGGCTC-1,5498,8,hg19
GTAGCTAAGTACTGGG-1,2,36,mm10
GTAGGAGAGAGAGAAC-1,1,61,mm10
GTAGGAGCAAGCGATG-1,12,40,mm10
GTAGGAGGTAAGATCA-1,1,48,mm10
GTAGGAGTCCGGACGT-1,5002,3,hg19
GTAGGAGTCGCCCAGA-1,0,44,mm10
GTAGGTTTCGCCTATC-1,0,44,mm10
GTAGGTTTCTCCGATC-1,4,52,mm10
GTAGTACAGAACTGAT-1,0,14,mm10
GTAGTACAGGTTCTTG-1,0,33,mm10
GTAGTACCACGGCGTT-1,1,70,mm10
GTAGTACTCAACGCTA-1,0,47,mm10
GTATTGGAGGCACGAT-1,0,72,mm10
GTATTGGCACTAGGCC-1,2,41,mm10
GTATTGGCATTGTGCA-1,1,33,mm10
GTATTGGGTATTGACC-1,1,31,mm10
GTATTGGGTGTAAACA-1,0,22,mm10
GTATTGGGTTCGGCGT-1,1,40,mm10
GTATTGGTCAAGTGGG-1,4752,5,hg19
GTATTTCAGAAGAGCA-1,0,31,mm10
GTATTTCAGGCCATAG-1,0,14,mm10
GTATTTCCAGTACTAC-1,5060,6,hg19
GTATTTCTCTAGACAC-1,4805,33,Multiplet
GTCAAACCAATTTCCT-1,3121,11,hg19
GTCAAACTCACGATCA-1,0,13,mm10
GTCAAGTAGCCTGTCG-1,1,37,mm10
GTCAAGTGTTCGGCCA-1,7264,7,hg19
GTCAAGTTCAACTACG-1,10830,7,hg19
GTCACGGAGTTAACGA-1,2,38,mm10
GTCACGGCACCGTGAC-1,1512,6,hg19
GTCACGGGTAGAGATT-1,0,20,mm10
GTCACGGGTGGATACG-1,0,53,mm10
GTCACTCCAGGTATGG-1,1,49,mm10
GTCACTCGTCCCTCAT-1,0,47,mm10
GTCAGCGAGTTCCAGT-1,0,75,mm10
GTCAGCGCACGTCATA-1,0,75,mm10
GTCAGCGGTCGTGCCA-1,1,46,mm10
GTCAGCGGTCTGATAC-1,0,100,mm10
GTCAGCGTCCGTACGG-1,1,19,mm10
GTCAGCGTCGGTCTAA-1,0,18,mm10
GTCATCCAGCATCAAA-1,0,30,mm10
GTCATCCCAGCAGATG-1,0,22,mm10
GTCATCCGTAGACACG-1,0,42,mm10
GTCATCCGTATCGAAA-1,1,15,mm10
GTCATGAAGCGCCTTG-1,1,33,mm10
GTCATGAAGTATTCCG-1,3571,9,hg19
GTCATTTAGTAAGACT-1,9,18,mm10
GTCATTTGTGCTCTCT-1,0,99,mm10
GTCATTTGTTCCGTTC-1,1,24,mm10
GTCATTTTCCACGTAA-1,16,25,mm10
GTCATTTTCCCGGTAG-1,0,38,mm10
GTCCACTCAAGGTCTT-1,1,77,mm10
GTCCACTCAGGTTCGC-1,3514,13,hg19
GTCCACTGTTCGGTTA-1,5,113,mm10
GTCCCATAGAGATTCA-1,0,38,mm10
GTCCCATAGGATTTGA-1,0,41,mm10
GTCCCATGTAAGGTCG-1,0,85,mm10
GTCCTCACATGGAATA-1,0,24,mm10
GTCCTCAGTGCCCACA-1,0,56,mm10
GTCCTCAGTGGTCTGC-1,4281,7,hg19
GTCCTCATCTAGACAC-1,1736,4,hg19
GTCCTCATCTCACGAA-1,6732,2,hg19
GTCGAATAGCCATTGT-1,0,27,mm10
GTCGAATAGGAGGGTG-1,5492,5,hg19
GTCGAATAGGCAGTCA-1,1,46,mm10
GTCGAATCACAAAGTA-1,0,59,mm10
GTCGAATGTAAGGCCA-1,1,57,mm10
GTCGAATTCCGTACGG-1,4791,1,hg19
GTCGCGAAGTCGGGAT-1,6201,5,hg19
GTCGTAACACCAGCCA-1,0,21,mm10
GTCGTAAGTATGCGGA-1,5753,14,hg19
GTCGTAATCGGTGCAC-1,2,85,mm10
GTCGTTCAGAGAGTGA-1,1,50,mm10
GTCGTTCAGTGCCAGA-1,0,53,mm10
GTCGTTCCAGCCATTA-1,1,56,mm10
GTCGTTCTCCATTGGA-1,1,47,mm10
GTCTACCGTCACCGAC-1,0,32,mm10
GTCTACCGTTTACGTG-1,0,21,mm10
GTCTACCTCTGTGCAA-1,0,16,mm10
GTCTAGACAATTCTTC-1,2,59,mm10
GTCTAGACATTGAAAG-1,0,21,mm10
GTCTAGAGTACAGCGA-1,0,35,mm10
GTCTAGAGTGCCTATA-1,0,69,mm10
GTCTAGATCCAACACA-1,0,34,mm10
GTCTAGATCGGCAGTC-1,1,38,mm10
GTCTCACAGCAGTCTT-1,3,84,mm10
GTCTGTCAGAAGGATG-1,0,53,mm10
GTCTGTCAGGCCGCTT-1,2409,2,hg19
GTCTGTCGTCAAGCCC-1,2,57,mm10
GTCTGTCTCCTCCACA-1,1,24,mm10
GTCTTTAAGGCGCTCT-1,0,19,mm10
GTCTTTACAACGGTAG-1,2133,2,hg19
GTCTTTATCACAAGAA-1,9162,9,hg19
GTGACGCAGTGGCCTC-1,0,26,mm10
GTGACGCTCGGAAGGT-1,0,40,mm10
GTGAGCCCAAGATGGC-1,1,72,mm10
GTGAGCCCATAGGAGC-1,2,36,mm10
GTGAGGAGTGGTAACG-1,0,49,mm10
GTGAGGATCGTACACA-1,1,74,mm10
GTGAGTTAGCAAATCA-1,2497,6,hg19
GTGAGTTTCATGGTAC-1,1,44,mm10
GTGAGTTTCCTAACAG-1,0,66,mm10
GTGAGTTTCCTTCTTC-1,0,100,mm10
GTGAGTTTCGCTAAAC-1,1,34,mm10
GTGATGTAGGTAGCCA-1,3,113,mm10
GTGATGTGTCGTCAGC-1,1,52,mm10
GTGCACGAGGCGAACT-1,0,59,mm10
GTGCACGTCGAGAAAT-1,2,64,mm10
GTGCAGCAGCAAGTCG-1,0,28,mm10
GTGCAGCGTATACCTG-1,2,78,mm10
GTGCAGCGTTACGATC-1,0,69,mm10
GTGCAGCTCCGTCAAA-1,5779,10,hg19
GTGCAGCTCGATTGAC-1,0,50,mm10
GTGCAGCTCTACACTT-1,3939,6,hg19
GTGCGTGAGCTTGTTG-1,0,42,mm10
GTGCGTGCAAAGGCGT-1,1,55,mm10
GTGCGTGCAACTCCCT-1,0,36,mm10
GTGCGTGGTCAAGTTC-1,1,39,mm10
GTGCGTGTCCGTATGA-1,0,14,mm10
GTGCGTGTCCTAGCTC-1,1,91,mm10
GTGCTGGAGAGTCACG-1,1,49,mm10
GTGCTGGGTCTCTCCA-1,2,46,mm10
GTGCTGGTCAAGTGTC-1,1859,1,hg19
GTGCTGGTCGTTCTAT-1,0,13,mm10
GTGCTTCCAAAGTGTA-1,0,17,mm10
GTGCTTCCACGGCACT-1,5784,14,hg19
GTGCTTCTCTTAGCAG-1,0,13,mm10
GTGGAAGCACCCAAGC-1,3,22,mm10
GTGGAAGCATAGGTAA-1,0,48,mm10
GTGGAAGGTTGCATTG-1,0,40,mm10
GTGGAAGTCGAAATCC-1,1,58,mm10
GTGGAGACAATGTCTG-1,1517,6,hg19
GTGGAGATCCACGAAT-1,0,15,mm10
GTGGAGATCCCGAACG-1,0,32,mm10
GTGGAGATCGAGCCTG-1,1,16,mm10
GTGGAGATCGGTGTTA-1,1074,5,hg19
GTGGCGTAGGTGCTGA-1,0,54,mm10
GTGGCGTCAGAACATA-1,0,42,mm10
GTGGGAAAGGTGCTAG-1,1,80,mm10
GTGGGAACAAGAGGTC-1,1,101,mm10
GTGGGAACACAGAGCA-1,0,108,mm10
GTGGGAATCATCGACA-1,6609,12,hg19
GTGGTTAAGCTAGTTC-1,4248,7,hg19
GTGGTTACAAATGGAT-1,1,89,mm10
GTGGTTACACGTCATA-1,0,52,mm10
GTGGTTACAGCTGTTA-1,8245,21,Multiplet
GTGGTTAGTACCCGAC-1,18,148,mm10
GTGGTTAGTAGACGGT-1,1,88,mm10
GTGGTTATCATACGGT-1,3,121,mm10
GTGGTTATCGGCACTG-1,4048,3,hg19
GTGTAACAGTAGGAAA-1,0,58,mm10
GTGTAACAGTGAGAAA-1,0,44,mm10
GTGTAACAGTGGGAAA-1,39,12228,mm10
GTGTAACAGTGGGAGA-1,0,186,mm10
GTGTCCTAGCATGTTC-1,4166,9,hg19
GTGTCCTGTACCGCGT-1,2849,3,hg19
GTGTCCTGTCAAGGCA-1,2,66,mm10
GTGTGATCACCGTGGT-1,1,28,mm10
GTGTGATGTAGCGATG-1,0,14,mm10
GTGTGATGTCGACTTA-1,1,54,mm10
GTGTGGCCACAGGATG-1,0,82,mm10
GTGTTAGGTGTTTGCA-1,0,32,mm10
GTGTTCCCAGCCGTTG-1,0,48,mm10
GTGTTCCGTCGTGGTC-1,0,36,mm10
GTGTTCCGTTAGGAGC-1,3191,5,hg19
GTGTTCCTCGGCTTGG-1,1134,0,hg19
GTTACAGAGAAGTATC-1,0,25,mm10
GTTACAGAGGCTTTCA-1,1029,2,hg19
GTTACAGGTCTGGTTA-1,0,44,mm10
GTTACAGGTTGCGTAT-1,0,16,mm10
GTTACCCGTGCGTTTA-1,0,70,mm10
GTTACGAAGACGCAGT-1,0,16,mm10
GTTACGAGTGTTCGAT-1,0,89,mm10
GTTAGACAGAGAAGGT-1,6420,14,hg19
GTTAGACAGCGCATCC-1,0,16,mm10
GTTAGACAGGCCATAG-1,3686,11,hg19
GTTAGACCAAAGGCTG-1,1946,2,hg19
GTTAGACCACCTATCC-1,3633,10,hg19
GTTAGACGTGCTGTCG-1,3,87,mm10
GTTAGACTCAGGGATG-1,1,57,mm10
GTTAGTGAGCAGGCAT-1,0,28,mm10
GTTAGTGAGGCATGCA-1,0,89,mm10
GTTAGTGGTAACACGG-1,0,27,mm10
GTTAGTGGTCTGTAAC-1,1,35,mm10
GTTAGTGTCGTTGTAG-1,0,38,mm10
GTTATGGAGATGGCAC-1,0,32,mm10
GTTATGGAGCGTATGG-1,0,18,mm10
GTTATGGAGTTTCGGT-1,0,38,mm10
GTTATGGCAGAGGTAC-1,11,52,mm10
GTTCATTAGTGGAATT-1,1560,5,hg19
GTTCATTCAGCTGTCG-1,2,91,mm10
GTTCATTCATTCTGTT-1,2,32,mm10
GTTCATTTCGAGGCAA-1,1,94,mm10
GTTCCGTAGGGCAAGG-1,993,3,hg19
GTTCCGTCACGGTGAA-1,4234,6,hg19
GTTCCGTGTTACGCCG-1,0,24,mm10
GTTCCGTTCAGTGATC-1,1,84,mm10
GTTCCGTTCCGTGGCA-1,1,27,mm10
GTTCCGTTCGACATCA-1,0,15,mm10
GTTCGCTAGAAACTCA-1,4230,1,hg19
GTTCGCTAGTCTACCA-1,1,49,mm10
GTTCGCTGTGTTCATG-1,2764,5,hg19
GTTCGCTTCACTCCGT-1,0,14,mm10
GTTCGCTTCAGGCGAA-1,0,49,mm10
GTTCGCTTCCATGAGT-1,1,14,mm10
GTTCGCTTCTAGCCTC-1,0,48,mm10
GTTCGCTTCTTTGATC-1,0,56,mm10
GTTCTATAGCTTGTGT-1,1,45,mm10
GTTCTATAGTCACAGG-1,0,38,mm10
GTTCTATCAGCCGTCA-1,1,59,mm10
GTTCTATCATAGACTC-1,1,34,mm10
GTTCTATGTTACGATC-1,5209,7,hg19
GTTCTATTCCATCTAT-1,1,28,mm10
GTTGAACCATGACTAC-1,0,21,mm10
GTTGAACTCTCACTCG-1,0,36,mm10
GTTGCGGAGTGAGCCA-1,2,61,mm10
GTTGCGGAGTGGATTA-1,4068,2,hg19
GTTGCGGCAACACTAC-1,0,45,mm10
GTTGCGGGTTTGGAAA-1,0,19,mm10
GTTGCTCGTTGCGGCT-1,1,54,mm10
GTTGCTCTCATGCCGG-1,6871,37,Multiplet
GTTGCTCTCTACTGCC-1,0,119,mm10
GTTGTAGAGACTCCGC-1,2558,2,hg19
GTTGTAGAGTCGCTAT-1,6,40,mm10
GTTGTAGCACTTTATC-1,4535,11,hg19
GTTGTAGTCCAATCCC-1,8,15,mm10
GTTGTCCAGAACCGCA-1,0,17,mm10
GTTGTCCTCCTTACCG-1,2976,1,hg19
GTTGTCCTCGACATAC-1,3436,6,hg19
GTTGTCCTCTCTTCAA-1,13,79,mm10
GTTGTGAAGCAAACAT-1,0,55,mm10
GTTGTGACAGCATGCC-1,2476,2,hg19
GTTGTGAGTGAGATTA-1,0,62,mm10
GTTTACTAGACGCCCT-1,2317,2,hg19
GTTTACTAGACTAGAT-1,0,75,mm10
GTTTACTCACCAGCCA-1,0,43,mm10
GTTTACTGTCGGATTT-1,0,15,mm10
GTTTACTTCCCTGTTG-1,0,62,mm10
GTTTACTTCGTTGCCT-1,4117,5,hg19
GTTTGGAAGCCATTTG-1,2,18,mm10
GTTTGGAAGCGACATG-1,0,93,mm10
GTTTGGACAAATGAGT-1,0,58,mm10
TAACACGAGAGTTCGG-1,5054,2,hg19
TAACACGAGCTTACGT-1,0,27,mm10
TAACACGAGTCAACAA-1,7002,2,hg19
TAACACGAGTGTACCT-1,1,48,mm10
TAACACGCAGTCTACA-1,2,83,mm10
TAACACGGTAGGGTAC-1,2,30,mm10
TAACACGTCGCGCTGA-1,0,71,mm10
TAACACGTCTGTAAGC-1,0,45,mm10
TAACCAGCAGTAGTGG-1,4433,10,hg19
TAACCAGTCCGTGGTG-1,0,32,mm10
TAACGACCACGACGTC-1,0,51,mm10
TAACGACCATGGCCAC-1,0,63,mm10
TAACTTCCAGCTCCTT-1,0,16,mm10
TAACTTCTCGACCTAA-1,0,182,mm10
TAAGCACGTGGCTTAT-1,0,61,mm10
TAAGCCATCTGAGATC-1,1,48,mm10
TAAGCGTTCTACGCGG-1,0,18,mm10
TAAGTCGAGTATGAAC-1,1,84,mm10
TAAGTCGCAGAGGACT-1,0,43,mm10
TAAGTCGTCACAAGGG-1,4763,7,hg19
TAAGTCGTCACCGCTT-1,0,19,mm10
TAATCTCAGCATTTGC-1,1,14,mm10
TAATCTCGTACACTCA-1,0,35,mm10
TAATCTCGTACCTTCC-1,2062,5,hg19
TAATCTCGTACGATGG-1,0,31,mm10
TAATCTCGTTCGCGTG-1,0,14,mm10
TAATCTCGTTGCAACT-1,0,32,mm10
TAATCTCGTTTGTTGG-1,12,686,mm10
TAATCTCTCAACGTGT-1,0,20,mm10
TACAACGGTTCTCTAT-1,1,31,mm10
TACAACGTCGCCACTT-1,0,19,mm10
TACACCCAGGGTCAAC-1,3,50,mm10
TACACCCCAAATGGAT-1,1,80,mm10
TACACCCGTCCAGCCA-1,1852,5,hg19
TACACCCGTGGCTGCT-1,0,41,mm10
TACACCCTCAAGCCGC-1,1,67,mm10
TACAGGTAGGATGAGA-1,2418,0,hg19
TACAGGTAGGTTTACC-1,2,74,mm10
TACAGGTCACCTCGTT-1,0,66,mm10
TACAGGTGTCCAAGAG-1,11,97,mm10
TACAGGTTCATGGCCG-1,1,52,mm10
TACAGGTTCCAGCTCT-1,2863,12,hg19
TACAGGTTCGACACTA-1,0,21,mm10
TACATTCAGCACCCAC-1,1,98,mm10
TACATTCAGGTTGAGC-1,1,67,mm10
TACATTCAGTCATACC-1,1,70,mm10
TACATTCAGTGTACAA-1,2,65,mm10
TACATTCGTTATGGTC-1,0,86,mm10
TACATTCTCGGTCGAC-1,0,57,mm10
TACCCACCATGGAATA-1,0,37,mm10
TACCCACGTGATATAG-1,0,13,mm10
TACCCGTAGAACCCGA-1,1,72,mm10
TACCCGTTCAGAATAG-1,0,16,mm10
TACCCGTTCAGTCTTT-1,0,38,mm10
TACCGAAAGTCTGTAC-1,0,21,mm10
TACCGAAGTCAGTCGC-1,0,22,mm10
TACCGAATCACTAGCA-1,5,79,mm10
TACCGGGCACAGTCCG-1,6148,6,hg19
TACCGGGCAGGAATCG-1,10410,11,hg19
TACCGGGGTGACTATC-1,7,13,mm10
TACCGGGTCGTTGCCT-1,3,40,mm10
TACCTCGCAAATGGAT-1,5180,5,hg19
TACCTCGGTGAGACGT-1,0,48,mm10
TACCTCGTCAAAGACA-1,0,38,mm10
TACCTCGTCAGAACCT-1,0,21,mm10
TACCTCGTCTTACTGT-1,3991,0,hg19
TACCTGCAGCTTGTTG-1,0,34,mm10
TACCTGCCACCAAATC-1,1,88,mm10
TACCTGCGTGTTGACT-1,0,31,mm10
TACCTGCTCCTAAACG-1,3,78,mm10
TACGCTCAGAGTTGTA-1,0,83,mm10
TACGCTCCACAAACGG-1,1135,7,hg19
TACGCTCCACACACTA-1,3,133,mm10
TACGCTCGTCCGGACT-1,0,62,mm10
TACGCTCTCCTCGATC-1,6918,19,Multiplet
TACGGGCCAGCCGTCA-1,0,72,mm10
TACGGGCGTCCGGATC-1,7249,8,hg19
TACGGGCTCTCAACCC-1,0,26,mm10
TACGGTACATTGCCTC-1,8650,7,hg19
TACGGTATCACCCTGT-1,0,48,mm10
TACGGTATCTACCTTA-1,0,49,mm10
TACGTCCTCCGTATGA-1,4632,5,hg19
TACTGCCCAACTGTGT-1,5276,3,hg19
TACTGCCCAGCGTAGA-1,0,16,mm10
TACTGCCTCGGAAGGT-1,0,31,mm10
TACTTACAGAGAGCCT-1,0,36,mm10
TACTTACAGCGAGGAG-1,0,53,mm10
TACTTACGTCATCGGC-1,2,18,mm10
TACTTACGTGACAGCA-1,2,16,mm10
TACTTCAAGGAGATAG-1,0,48,mm10
TACTTCACAGGACATG-1,4479,13,hg19
TACTTCAGTATCGCTA-1,0,47,mm10
TACTTCAGTCCTGAAT-1,0,71,mm10
TACTTCAGTGCCCTTT-1,1,22,mm10
TACTTCATCCGCAACG-1,2080,16,hg19
TACTTCATCCTAGCCT-1,7604,61,Multiplet
TACTTGTTCACGTAGT-1,0,26,mm10
TAGACCATCGTCAACA-1,0,28,mm10
TAGACTGAGCGACATG-1,0,112,mm10
TAGACTGTCAAGTTGC-1,0,24,mm10
TAGAGTCAGACAACTA-1,0,67,mm10
TAGAGTCCAGACCGCT-1,6941,21,Multiplet
TAGAGTCGTCTCACAA-1,0,49,mm10
TAGAGTCGTGTCGCTG-1,1390,2,hg19
TAGAGTCGTTGCGGAA-1,3615,3,hg19
TAGATCGAGAACCGCA-1,1790,5,hg19
TAGATCGAGGTCTGGA-1,0,36,mm10
TAGATCGAGTGACACG-1,0,24,mm10
TAGATCGCACGGGTAA-1,0,58,mm10
TAGATCGTCGAGTTGT-1,0,30,mm10
TAGCACAAGAGTCCGA-1,0,106,mm10
TAGCACACACATTCGA-1,3948,3,hg19
TAGCACAGTTCAGCTA-1,0,28,mm10
TAGGAGGAGGAAGAAC-1,3,14,mm10
TAGGAGGCATGTGCCG-1,0,34,mm10
TAGGAGGGTACCAATC-1,0,66,mm10
TAGGAGGGTCCAGCCA-1,0,49,mm10
TAGGAGGTCCTTCTTC-1,0,13,mm10
TAGGGTTCACAGCCAC-1,4759,7,hg19
TAGGGTTCACGTACTA-1,0,88,mm10
TAGGGTTCAGAACATA-1,0,48,mm10
TAGGGTTGTTCAAGTC-1,0,13,mm10
TAGGGTTTCGAGTACT-1,4217,12,hg19
TAGGTACAGACTCAAA-1,0,77,mm10
TAGGTACCAAACGGCA-1,0,138,mm10
TAGGTACCAGGACGAT-1,1,47,mm10
TAGGTACTCTTCTCAA-1,0,19,mm10
TAGGTTGAGATGCGAC-1,0,38,mm10
TAGGTTGAGTCACTCA-1,2333,2,hg19
TAGGTTGCATAATGAG-1,0,17,mm10
TAGTGCACATAGAAAC-1,3129,1,hg19
TAGTGCAGTACCGGCT-1,0,43,mm10
TAGTGCAGTTTGAACC-1,0,32,mm10
TATACCTAGATTGTGA-1,0,35,mm10
TATACCTAGGCACTAG-1,4228,4,hg19
TATACCTCACCCTGAG-1,0,29,mm10
TATACCTCACCGGTCA-1,2,23,mm10
TATACCTTCTCTTGCG-1,7106,9,hg19
TATATCCGTGTGAATA-1,1,44,mm10
TATATCCGTGTTACAC-1,0,17,mm10
TATATCCGTTCAGTAC-1,1,50,mm10
TATATCCGTTCGGGTC-1,0,23,mm10
TATATCCTCCCGTGTT-1,20,81,mm10
TATCAGGCAGGTACGA-1,9305,10,hg19
TATCAGGCATCCGGTG-1,0,44,mm10
TATCAGGCATCGAACT-1,0,27,mm10
TATCAGGTCAAGCCTA-1,1630,2,hg19
TATCCTAAGACCAACG-1,1,43,mm10
TATCCTACACGGATCC-1,0,69,mm10
TATCCTATCAGAATAG-1,0,74,mm10
TATCCTATCATAAGGA-1,0,13,mm10
TATCGCCAGAATAACC-1,1,32,mm10
TATCGCCAGCCTTGAT-1,2,120,mm10
TATCGCCAGTATGACA-1,25,40,mm10
TATCGCCCAGAGTTCT-1,39,11840,mm10
TATCGCCCAGCGCTTG-1,2,60,mm10
TATCGCCGTCCCAAAT-1,3587,6,hg19
TATCGCCTCCGAGATT-1,0,15,mm10
TATCGCCTCTCGGCTT-1,0,55,mm10
TATCTGTCAGGTTTAC-1,0,100,mm10
TATCTGTTCTGTACAG-1,2,59,mm10
TATCTTGAGAAGCCAC-1,23,55,mm10
TATCTTGAGAGTCTGG-1,0,48,mm10
TATCTTGAGCACTTTG-1,0,54,mm10
TATCTTGCACTATCGA-1,0,29,mm10
TATCTTGGTCCTGGTG-1,7280,6,hg19
TATCTTGTCAAACCTG-1,0,88,mm10
TATCTTGTCCCATAAG-1,0,33,mm10
TATCTTGTCGCCGAGT-1,0,41,mm10
TATGTTCAGAGCAGTC-1,0,38,mm10
TATGTTCAGCCTCTCT-1,0,32,mm10
TATGTTCAGGAAGTAG-1,0,42,mm10
TATGTTCAGGTCACCC-1,0,20,mm10
TATGTTCGTCACAATC-1,0,22,mm10
TATGTTCTCACAACCA-1,0,25,mm10
TATTCCACAGAAATCA-1,0,31,mm10
TATTCCAGTACGTGTT-1,1,17,mm10
TATTCCATCGATTTCT-1,0,19,mm10
TATTGCTAGACAACTA-1,1,52,mm10
TATTGCTAGGCCTGAA-1,0,41,mm10
TATTGCTCAAACTCTG-1,0,47,mm10
TATTGCTCATTGTAGC-1,0,44,mm10
TATTGCTGTCGATTTG-1,0,42,mm10
TATTGGGAGCGCCTAC-1,4837,6,hg19
TATTGGGCAACCGACC-1,3568,4,hg19
TATTGGGTCGAGAATA-1,1,86,mm10
TATTTCGAGATGAAGG-1,8111,2,hg19
TATTTCGAGTGTGTTC-1,1,72,mm10
TATTTCGCAAACACGG-1,0,50,mm10
TATTTCGCACAGCCAC-1,4951,7,hg19
TATTTCGCACGTTCGG-1,0,70,mm10
TATTTCGGTCGCTCGA-1,0,24,mm10
TCAAGACAGCGAAACC-1,0,14,mm10
TCAAGACGTCTACGAT-1,0,47,mm10
TCAAGACGTGAGAGGG-1,1,21,mm10
TCAAGACTCCGAGCTG-1,0,27,mm10
TCAAGCAGTAGCACAG-1,0,88,mm10
TCAAGCATCTACGGGC-1,4,96,mm10
TCAAGTGGTCTCGGGT-1,1,61,mm10
TCAAGTGTCGTTGCCT-1,2,41,mm10
TCAAGTGTCTCGGTAA-1,0,51,mm10
TCAATCTAGGGCAAGG-1,1,51,mm10
TCAATCTAGTTTCGAC-1,3723,0,hg19
TCAATCTCACCCTATC-1,0,23,mm10
TCAATCTGTCGTCATA-1,1,32,mm10
TCAATCTGTTGGCCTG-1,0,38,mm10
TCAATTCAGCTTCATG-1,1,59,mm10
TCAATTCAGGCTCAAG-1,4047,4,hg19
TCAATTCCATGCAGCC-1,11267,5,hg19
TCAATTCCATTGACCA-1,2829,2,hg19
TCAATTCGTGGTCCCA-1,1,74,mm10
TCAATTCGTTGTCTAG-1,0,35,mm10
TCACAAGAGACGTCGA-1,0,47,mm10
TCACAAGCAGCAGAAC-1,3609,6,hg19
TCACAAGTCAGTGATC-1,4049,12,hg19
TCACACCCAGGCGAAT-1,0,26,mm10
TCACACCTCCTGTTGC-1,1,66,mm10
TCACACCTCTGCATGA-1,0,62,mm10
TCACATTAGATCCTAC-1,0,22,mm10
TCACATTAGGTCACAG-1,0,64,mm10
TCACATTCAGCATGCC-1,0,112,mm10
TCACATTTCCTAAACG-1,0,70,mm10
TCACATTTCCTACAAG-1,0,15,mm10
TCACGCTCACAACGCC-1,0,43,mm10
TCACGCTGTCCCTAAA-1,1,57,mm10
TCACGGGCACAATCTG-1,2,13,mm10
TCACGGGGTAGCGTAG-1,0,33,mm10
TCACGGGTCTGACAGT-1,5092,3,hg19
TCACTATAGAAGCGGG-1,0,49,mm10
TCACTATAGTTCGCAT-1,1,19,mm10
TCACTATCAACGAGGT-1,0,61,mm10
TCACTATGTAGGTTTC-1,0,29,mm10
TCACTATGTCACCACG-1,0,13,mm10
TCACTATTCGGACGTC-1,9401,9,hg19
TCACTCGAGACAACAT-1,3530,8,hg19
TCACTCGAGTGGAATT-1,0,37,mm10
TCACTCGCAAAGCAAT-1,0,52,mm10
TCACTCGCAGATTCGT-1,0,23,mm10
TCACTCGTCCGAAATC-1,2363,6,hg19
TCAGCAAAGACTTAAG-1,3262,2,hg19
TCAGCAACAATTCGTG-1,0,39,mm10
TCAGCAACAGTAGAAT-1,5294,4,hg19
TCAGCAACAGTCTACA-1,18,15,hg19
TCAGCAACATACTGAC-1,0,59,mm10
TCAGCAAGTTGCTCAA-1,0,15,mm10
TCAGCAATCAAGCCTA-1,1,71,mm10
TCAGCAATCAATCAGC-1,4815,17,Multiplet
TCAGCCTAGCCTATTG-1,0,49,mm10
TCAGCCTCACACCGCA-1,0,59,mm10
TCAGCCTCATGTGACT-1,1,23,mm10
TCAGCCTTCAAGGACG-1,0,55,mm10
TCAGCCTTCTGTACAG-1,3876,4,hg19
TCAGGGCCACATGAAA-1,3986,5,hg19
TCAGGGCCACGGGCTT-1,0,61,mm10
TCAGGGCCAGACTCTA-1,0,51,mm10
TCAGGGCGTGATGTAA-1,0,31,mm10
TCAGGGCTCAATGCAC-1,0,17,mm10
TCAGGTACACCGAATT-1,5,35,mm10
TCAGGTATCATTCATC-1,1,81,mm10
TCAGGTATCGGATAAA-1,0,43,mm10
TCAGTCCAGTACAGCG-1,3693,4,hg19
TCAGTCCGTAGGACTG-1,0,29,mm10
TCAGTGAAGTAGTCAA-1,0,46,mm10
TCAGTGAGTAGTTCCA-1,1,16,mm10
TCAGTGATCCGAAGGA-1,6418,13,hg19
TCAGTTTCATGTCAGT-1,0,50,mm10
TCAGTTTTCCACAGCG-1,0,101,mm10
TCAGTTTTCCGCAGTG-1,1,92,mm10
TCAGTTTTCTCATTGT-1,0,43,mm10
TCATACTAGTGACCTT-1,1,70,mm10
TCATACTCACTATGTG-1,0,58,mm10
TCATACTGTGAATTGA-1,1,26,mm10
TCATACTGTTCGTACA-1,0,25,mm10
TCATACTTCTTACGGA-1,2752,1,hg19
TCATATCAGACGATAT-1,1355,4,hg19
TCATATCAGTGTACAA-1,3426,6,hg19
TCATATCCAAATCCCA-1,1,35,mm10
TCATATCTCATTTACC-1,0,68,mm10
TCATCATAGCTCCACG-1,0,16,mm10
TCATCATAGGTAAACT-1,0,15,mm10
TCATCATAGTAAAGCT-1,6831,19,Multiplet
TCATCATAGTACTGTC-1,16,106,mm10
TCATCATGTGTTGATC-1,0,29,mm10
TCATCATTCGGACGTC-1,1,86,mm10
TCATCCGCACCTGTCT-1,5467,6,hg19
TCATCCGGTAACCCTA-1,6268,8,hg19
TCATCCGGTCTGTAAC-1,2,70,mm10
TCATCCGTCTGCAGCG-1,0,26,mm10
TCATGAGCAAAGGGTC-1,1,73,mm10
TCATGAGCATGTGACT-1,0,25,mm10
TCATGAGGTCCATCTC-1,1,27,mm10
TCATGAGGTGACTCTA-1,1599,0,hg19
TCATGAGTCATCCCGT-1,2,83,mm10
TCATGCCAGCATTTGC-1,0,76,mm10
TCATGCCCAGCCCAGT-1,0,13,mm10
TCATGGAAGAGAAGGT-1,0,60,mm10
TCATGGACACGTCTCT-1,5428,7,hg19
TCATGGAGTTGCCAAT-1,1,74,mm10
TCATGGATCGAGAATA-1,0,81,mm10
TCATGGATCGAGAGCA-1,0,19,mm10
TCATGGATCGCAATTG-1,1,77,mm10
TCATGTTCAAGTGTCT-1,3574,6,hg19
TCATGTTCACTGCGTG-1,1986,5,hg19
TCATGTTCAGGCATGA-1,17,94,mm10
TCATGTTCATAATCGC-1,0,64,mm10
TCATTACGTGGCTGCT-1,2,83,mm10
TCATTCACAGCTCATA-1,0,83,mm10
TCATTCAGTGGCTACC-1,5935,5,hg19
TCATTGTAGAACGCGT-1,0,19,mm10
TCATTGTAGTAACGAT-1,0,48,mm10
TCATTGTCAACGGGTA-1,0,95,mm10
TCATTGTCAATGCTCA-1,3,74,mm10
TCATTGTGTGAATATG-1,4458,330,Multiplet
TCATTTGCACACAGAG-1,0,13,mm10
TCATTTGCACTGCGTG-1,2752,2,hg19
TCATTTGCAGCGTACC-1,9164,5,hg19
TCATTTGGTCCTGGGT-1,2950,4,hg19
TCCACCACACAAGTTC-1,0,101,mm10
TCCACCATCATTCATC-1,4055,2,hg19
TCCACCATCGGAGCAA-1,0,26,mm10
TCCACCATCTGCATGA-1,3847,3,hg19
TCCACGTGTGCTGCAC-1,716,2,hg19
TCCACGTTCGGACAAG-1,0,52,mm10
TCCAGAAGTGGGAGAG-1,0,60,mm10
TCCAGAATCACGGACC-1,0,61,mm10
TCCAGAATCTAGTTCT-1,0,74,mm10
TCCATCGAGGTTCAGG-1,1,46,mm10
TCCATGCAGGATACCG-1,1,60,mm10
TCCATGCCACATTACG-1,0,15,mm10
TCCATGCCAGAGAATT-1,3577,7,hg19
TCCATGCCAGTGTACT-1,0,13,mm10
TCCCAGTAGAACGTGC-1,5870,2,hg19
TCCCATGCAATCGAAA-1,1,133,mm10
TCCCATGCATTGCCGG-1,6439,10,hg19
TCCCATGGTAAGCTCT-1,3485,3,hg19
TCCCATGGTGCAACGA-1,0,71,mm10
TCCCATGTCAGCATTG-1,0,42,mm10
TCCGAAAAGTATGAAC-1,14,33,mm10
TCCGAAACACACGTGC-1,0,68,mm10
TCCGAAACAGAGGCTA-1,3,161,mm10
TCCGAAACAGCAGTGA-1,0,83,mm10
TCCGAAAGTCCCTAAA-1,1,15,mm10
TCCGAAATCTGTCGTC-1,0,74,mm10
TCCGATCAGACTACCT-1,0,67,mm10
TCCGATCAGTTGTACC-1,0,38,mm10
TCCGATCCAATCGCAT-1,0,81,mm10
TCCGATCGTCAGGAGT-1,2812,4,hg19
TCCGATCGTTATCCAG-1,0,41,mm10
TCCGATCTCTGCGGCA-1,0,13,mm10
TCCGATCTCTTTGCAT-1,0,37,mm10
TCCGGGAAGCCAAGTG-1,0,31,mm10
TCCGGGAAGGCTCTAT-1,0,15,mm10
TCCGGGATCCGTGGGT-1,0,36,mm10
TCCGTGTGTTGTTGAC-1,2,61,mm10
TCCGTGTTCGGATTAC-1,1,18,mm10
TCCTAATAGCCTATCA-1,0,45,mm10
TCCTAATCACACTGGC-1,0,41,mm10
TCCTAATGTTGTGTAC-1,2,25,mm10
TCCTCCCCAACCAGAG-1,951,22,hg19
TCCTCCCCAACTGGTT-1,2,104,mm10
TCCTCCCGTCCTTAAG-1,0,25,mm10
TCCTCCCTCAATCAGC-1,0,73,mm10
TCCTCGAGTGACGCCT-1,0,71,mm10
TCCTCGAGTTCCGTTC-1,1,36,mm10
TCCTCGATCTGTCCGT-1,1,58,mm10
TCCTCGATCTTCCACG-1,1,69,mm10
TCCTCTTCATCGGATT-1,13968,22,Multiplet
TCCTCTTGTACCCGAC-1,7,191,mm10
TCCTGCAGTAGTCGTT-1,7086,4,hg19
TCCTGCAGTAGTGATA-1,1,20,mm10
TCCTGCATCTAGAACC-1,3951,14,hg19
TCCTTCTAGAGTGACC-1,0,31,mm10
TCCTTCTCAATCGCGC-1,2,36,mm10
TCCTTCTCAGTTAAAG-1,0,87,mm10
TCCTTTCAGTTCCTGA-1,0,71,mm10
TCCTTTCGTATCTCGA-1,0,33,mm10
TCCTTTCGTGTGTGTT-1,7285,1,hg19
TCCTTTCTCGGTTAGT-1,0,76,mm10
TCGAACAAGGCGCTTC-1,0,21,mm10
TCGAACAAGTAGATCA-1,0,69,mm10
TCGAACAAGTCTCCTC-1,1,56,mm10
TCGAACAGTGTGGACA-1,0,52,mm10
TCGAAGTCAAGGCGTA-1,0,62,mm10
TCGAAGTGTCGCTTAA-1,3084,5,hg19
TCGACCTAGATGGGCT-1,4663,5,hg19
TCGACCTCACCCTCTA-1,1,29,mm10
TCGACGGCAAGACGGT-1,0,35,mm10
TCGACGGCACAACCGC-1,0,13,mm10
TCGACGGTCGTCAAAC-1,0,42,mm10
TCGATTTAGGAAAGGT-1,0,21,mm10
TCGATTTCAGGCTACC-1,0,22,mm10
TCGATTTCATCATTGG-1,0,28,mm10
TCGCACTAGAATAACC-1,0,31,mm10
TCGCACTAGCCTGAGA-1,0,64,mm10
TCGCACTGTTAGGCTT-1,0,17,mm10
TCGCACTTCCCATGCC-1,1,92,mm10
TCGCACTTCTCACGCC-1,1,55,mm10
TCGCACTTCTCATACC-1,2,89,mm10
TCGCACTTCTCATGCC-1,123,5187,mm10
TCGCACTTCTCATGCT-1,0,31,mm10
TCGCAGGCACGCGGTT-1,0,48,mm10
TCGCTCAAGACCGCCT-1,5169,6,hg19
TCGCTCAAGGGCAGGA-1,2860,3,hg19
TCGCTCAAGTGGATAT-1,0,59,mm10
TCGCTCACACACCTAA-1,33,14,hg19
TCGCTCAGTGGCTCTG-1,2,65,mm10
TCGCTTGAGGCCTGCT-1,0,15,mm10
TCGCTTGCAGAAATCA-1,71,34,hg19
TCGCTTGCATAACGGG-1,2463,3,hg19
TCGGATACACGGCACT-1,0,57,mm10
TCGGATAGTACTCGCG-1,0,70,mm10
TCGGGACAGTTGGAGC-1,0,40,mm10
TCGGGACGTCCTGAAT-1,3257,1,hg19
TCGGGACGTCGTCATA-1,0,17,mm10
TCGGGACTCAGGAACG-1,3378,1,hg19
TCGGGCAAGAGTACCG-1,1,39,mm10
TCGGGCAAGTGGTTCT-1,0,23,mm10
TCGGGCAGTCTTACAG-1,2,81,mm10
TCGGGCATCCCTTTGG-1,4,88,mm10
TCGGGTGAGAATCCCT-1,989,9,hg19
TCGGGTGAGCCTTTGA-1,0,16,mm10
TCGGGTGCAAGAGCTG-1,1,55,mm10
TCGGGTGCACGGATCC-1,1,70,mm10
TCGGGTGGTACTTGTG-1,0,21,mm10
TCGGTCTCAGGTTCCG-1,0,35,mm10
TCGGTCTGTATCAAGA-1,2567,2,hg19
TCGGTCTTCCTCTTTC-1,8227,10,hg19
TCGTAGACACGGTAGA-1,0,25,mm10
TCGTAGAGTGTATACC-1,1,43,mm10
TCGTAGATCTTCGATT-1,12208,21,Multiplet
TCGTAGATCTTCGGTC-1,2,23,mm10
TCGTCCAGTAAGAACT-1,0,92,mm10
TCGTGCTCAATGCTCA-1,0,34,mm10
TCGTGCTGTAAGGCCA-1,4362,0,hg19
TCGTGCTGTACCTATG-1,4816,10,hg19
TCGTGCTTCTCGGTCT-1,3887,14,hg19
TCGTGGGAGGTGCTTT-1,0,14,mm10
TCGTGGGAGTAGGCCA-1,0,32,mm10
TCGTGGGCAGACACAG-1,0,17,mm10
TCGTGGGCATAGGTTC-1,0,60,mm10
TCGTGGGTCTGTTCAT-1,3946,2,hg19
TCTAACTAGGCGTTAG-1,1,29,mm10
TCTAACTCAGACCATT-1,5761,27,Multiplet
TCTACATTCGCAATTG-1,0,62,mm10
TCTACATTCTCGGGAC-1,0,69,mm10
TCTACCGGTCGAACAG-1,0,41,mm10
TCTACCGGTGACGTCC-1,5,38,mm10
TCTACCGGTTAGAAGT-1,2,15,mm10
TCTACCGTCAGCGCAC-1,3,51,mm10
TCTATACTCGGATTAC-1,3198,26,Multiplet
TCTATACTCTATTTCG-1,0,62,mm10
TCTATCAAGGGAGTTC-1,1,45,mm10
TCTATCACACAGTCGC-1,35,17,hg19
TCTATCACACCAGCGT-1,4865,7,hg19
TCTATCACACCTCTAC-1,0,71,mm10
TCTATCAGTCCAACGC-1,2,65,mm10
TCTATCAGTTGACGGA-1,862,0,hg19
TCTATCAGTTGAGGAC-1,2,41,mm10
TCTATCATCAGGGATG-1,1,47,mm10
TCTCACGGTGATCGTT-1,0,50,mm10
TCTCACGGTTATCCAG-1,0,56,mm10
TCTCACGGTTGGGATG-1,4559,2,hg19
TCTCACGTCGGTAGGA-1,1,24,mm10
TCTCAGCGTGAACCGA-1,2402,1,hg19
TCTCAGCGTTACCCAA-1,0,49,mm10
TCTCAGCGTTGTAGCT-1,0,53,mm10
TCTCCGATCCGTATGA-1,1,81,mm10
TCTCCGATCCTGGGAC-1,0,49,mm10
TCTCTGGGTGGTACAG-1,4203,2,hg19
TCTGCCAGTAGAGCTG-1,1,90,mm10
TCTGCCAGTTAAGACA-1,0,35,mm10
TCTGGCTCATGCAGCC-1,11,74,mm10
TCTGTCGGTCACCTTC-1,3737,1,hg19
TCTTAGTCAGGTAGTG-1,0,29,mm10
TCTTAGTGTCTTCATT-1,1,15,mm10
TCTTAGTGTGTACAGG-1,0,32,mm10
TCTTAGTGTGTCGATT-1,1,23,mm10
TCTTAGTTCTAACGGT-1,11,59,mm10
TCTTCCTAGCTTAGTC-1,2962,18,Multiplet
TCTTCCTCAGTAACGG-1,0,19,mm10
TCTTCCTCATACATCG-1,2,67,mm10
TCTTCCTGTTCGGTCG-1,2,53,mm10
TCTTGCGGTGTTTGCA-1,1,24,mm10
TCTTGCGGTTTCGACA-1,0,58,mm10
TCTTTGAAGTGATAAC-1,0,14,mm10
TCTTTGACAAGTCCAT-1,0,26,mm10
TCTTTGAGTAGAGATT-1,0,19,mm10
TCTTTGATCCATTGGA-1,0,76,mm10
TGAACGTAGATAACGT-1,1,39,mm10
TGAACGTAGGGATCAC-1,0,21,mm10
TGAACGTCAGCCATTA-1,1,108,mm10
TGAACGTCATCACCAA-1,6549,14,hg19
TGAACGTTCTGATGGT-1,0,33,mm10
TGAATCGCAACGCATT-1,0,32,mm10
TGAATCGCACTTGACA-1,0,15,mm10
TGAATCGCATGTCTAG-1,0,28,mm10
TGAATCGGTTCAGGTT-1,5492,2,hg19
TGAATCGGTTTCGTTT-1,0,41,mm10
TGAATCGTCTAACGGT-1,0,15,mm10
TGAATGCAGTATGGCG-1,0,25,mm10
TGAATGCTCCTAAGTG-1,2621,3,hg19
TGACAGTGTGTAGGAC-1,0,25,mm10
TGACAGTTCACTGGTA-1,0,38,mm10
TGACCCTAGAATCTAG-1,1,86,mm10
TGACCCTAGCCTGCCA-1,5227,9,hg19
TGACCCTAGCTGAGTG-1,8747,7,hg19
TGACCCTAGGTAAGAG-1,0,66,mm10
TGACCCTTCAAGCTGT-1,5,74,mm10
TGACCCTTCGATACTG-1,0,15,mm10
TGACGCGAGACCAGCA-1,0,17,mm10
TGACGCGAGACTAGAT-1,0,17,mm10
TGACGCGCAGGGAATC-1,0,70,mm10
TGACTCCAGCCGAACA-1,1,95,mm10
TGACTCCGTCAATGGG-1,1,35,mm10
TGACTCCTCGGTCTGG-1,1,137,mm10
TGACTCCTCTGCGTCT-1,3210,4,hg19
TGAGACTAGACAACTA-1,1,42,mm10
TGAGACTCACAAATCC-1,1,36,mm10
TGAGACTCACAGTGTT-1,2660,14,hg19
TGAGACTCACTCAGAT-1,2154,3,hg19
TGAGACTCAGTAACGG-1,2488,4,hg19
TGAGACTTCGAAGGAC-1,0,27,mm10
TGAGCATAGACGGAAA-1,5574,3,hg19
TGAGCATAGCGTCGAA-1,0,30,mm10
TGAGCATCAATCAAGA-1,1,81,mm10
TGAGCATGTAGCTGCC-1,4781,5,hg19
TGAGCATGTGCAACAG-1,0,39,mm10
TGAGCATTCATCCTGC-1,2190,0,hg19
TGAGCGCAGCTACTGT-1,2,47,mm10
TGAGCGCAGGACGGAG-1,4753,2,hg19
TGAGCGCCACCTGATA-1,4302,12,hg19
TGAGCGCGTTGACTAC-1,2626,9,hg19
TGAGGAGCAAGTAGTA-1,11999,13,hg19
TGAGGAGCAGGACGAT-1,0,72,mm10
TGAGGAGTCAGTGATC-1,10174,17,Multiplet
TGAGGAGTCGGTCGGT-1,1,48,mm10
TGAGGGAAGTGGCCTC-1,2645,1,hg19
TGAGGGACACGTGTGC-1,6629,2,hg19
TGAGGGAGTAACATGA-1,0,45,mm10
TGAGGGAGTCCATACA-1,1,53,mm10
TGAGGGATCTCGGTAA-1,0,74,mm10
TGAGGTTCATGCCGAC-1,2918,1,hg19
TGAGGTTCATTCTTCA-1,2,39,mm10
TGAGTCAAGAACCCGA-1,0,25,mm10
TGAGTCAAGCCAGAGT-1,1730,3,hg19
TGAGTCACAGAAACCG-1,8068,32,Multiplet
TGAGTCAGTCCAAGAG-1,4656,0,hg19
TGAGTCATCATCCCGT-1,0,41,mm10
TGAGTCATCGTGAGAG-1,1,87,mm10
TGAGTCATCTGGTTGA-1,0,45,mm10
TGATCAGAGAAGGCTC-1,1,33,mm10
TGATCAGGTATCTTCT-1,4183,0,hg19
TGATCTTAGGATGGCT-1,0,29,mm10
TGATCTTTCCAGTGTA-1,1,32,mm10
TGATGCAAGACCACGA-1,24,75,mm10
TGATGCAAGAGTACCG-1,3119,13,hg19
TGATGCAAGCCGAACA-1,1,55,mm10
TGATGCAGTGTGTACT-1,1,66,mm10
TGATGCATCTCAGTCC-1,2341,2,hg19
TGATGGTAGTTGGCGA-1,2322,2,hg19
TGATGGTCACAGGATG-1,0,53,mm10
TGATGGTCACTGTGTA-1,0,14,mm10
TGATGGTGTCACCGCA-1,12,42,mm10
TGATGGTGTCGTTGGC-1,0,23,mm10
TGATGGTTCGTTATCT-1,0,14,mm10
TGATGGTTCTCTCGAC-1,1267,8,hg19
TGATTCTAGCAGGTCA-1,0,41,mm10
TGATTCTCAAGACAAT-1,0,50,mm10
TGATTCTGTCTTAGTG-1,0,67,mm10
TGATTTCAGACTCGAG-1,0,55,mm10
TGATTTCGTACAGTCT-1,8744,9,hg19
TGCACGGAGGTGGCTA-1,2046,1,hg19
TGCACGGGTTCCGCTT-1,1,43,mm10
TGCACGGTCGTTCTAT-1,12048,6,hg19
TGCACGGTCTAGTTCT-1,0,113,mm10
TGCAGATAGCTCGGCT-1,0,42,mm10
TGCAGATAGTTGGACG-1,2,42,mm10
TGCAGATCATCACAGT-1,0,64,mm10
TGCAGATGTCCACTCT-1,0,18,mm10
TGCAGATTCCCAACTC-1,1,59,mm10
TGCAGGCCACATAACC-1,6070,2,hg19
TGCAGTAAGGCACCAA-1,0,85,mm10
TGCAGTAAGTGCACTT-1,0,62,mm10
TGCAGTAGTGGGACAT-1,0,59,mm10
TGCAGTATCTTACCAT-1,3931,5,hg19
TGCATCCAGCGCCATC-1,10469,34,Multiplet
TGCATCCAGTGAACAT-1,0,54,mm10
TGCATCCCACCAACAT-1,1885,1,hg19
TGCATCCTCCCAGCGA-1,0,40,mm10
TGCATGACACGACGTC-1,4293,12,hg19
TGCATGACATGGATCT-1,0,46,mm10
TGCATGAGTAACTAAG-1,0,31,mm10
TGCATGATCAAGATAG-1,1,44,mm10
TGCATGATCTGGCTGG-1,0,35,mm10
TGCCGAGAGGGACACT-1,20,248,mm10
TGCCGAGCAGGATGAC-1,5000,7,hg19
TGCGACGCAACACGTT-1,0,25,mm10
TGCGACGGTTACGCCG-1,4627,1,hg19
TGCGACGGTTGGTACT-1,2276,3,hg19
TGCGACGTCCGTCACT-1,1,18,mm10
TGCGACGTCGAGAAGC-1,0,49,mm10
TGCGATAAGATGTTAG-1,2,17,mm10
TGCGATAAGTCATAGA-1,0,39,mm10
TGCGATATCACCTCGT-1,1126,1,hg19
TGCGATATCAGACAAA-1,1,52,mm10
TGCGGCACATGGAATA-1,0,51,mm10
TGCGGCAGTCGAGTTT-1,1,54,mm10
TGCTCCAAGGCATCAG-1,3492,6,hg19
TGCTCCACATGTTCGA-1,4131,8,hg19
TGCTCCAGTCCGGATC-1,0,27,mm10
TGCTCCATCTCGGTCT-1,2,70,mm10
TGCTCCATCTGAGATC-1,0,29,mm10
TGCTCGTAGCTCGGCT-1,1,34,mm10
TGCTCGTAGGCCCACT-1,5815,5,hg19
TGCTCGTCAGTCTCTC-1,1,55,mm10
TGCTCGTCATGTCAGT-1,639,0,hg19
TGCTCGTGTGCGAGTA-1,4,47,mm10
TGCTCGTGTGCGTGCT-1,810,5,hg19
TGCTCGTTCGACACCG-1,0,14,mm10
TGCTCGTTCGATAACC-1,4068,6,hg19
TGCTGAACAAACTAAG-1,1,33,mm10
TGCTGAACAAGGCTTT-1,0,49,mm10
TGCTGAACACCGGAAA-1,1,43,mm10
TGCTGAACATGTCAGT-1,0,46,mm10
TGCTGAAGTGAGGAAA-1,1,116,mm10
TGCTTCGCAACAGCCC-1,1,72,mm10
TGCTTCGGTTCCAGGC-1,0,41,mm10
TGCTTCGTCGCTTGAA-1,1,89,mm10
TGCTTCGTCTTACACT-1,0,52,mm10
TGCTTGCAGGCACTCC-1,0,105,mm10
TGCTTGCAGTCACGAG-1,1,46,mm10
TGCTTGCCACGGAAGT-1,0,45,mm10
TGCTTGCCAGCTCTGG-1,1,28,mm10
TGGAACTAGGGATCTG-1,1,79,mm10
TGGAACTCACCAGCTG-1,0,73,mm10
TGGAGAGAGCATTTGC-1,0,60,mm10
TGGAGAGAGCGCACAA-1,1031,155,hg19
TGGAGAGCACCCAACG-1,0,19,mm10
TGGAGAGGTACCGGAA-1,0,36,mm10
TGGAGGAAGAAGCCTG-1,0,13,mm10
TGGAGGACATGACAGG-1,0,67,mm10
TGGAGGAGTGAGGCAT-1,0,30,mm10
TGGATGTCACGGATCC-1,2,45,mm10
TGGATGTCAGAATCGG-1,4579,7,hg19
TGGCGTGGTTCCACGG-1,2,62,mm10
TGGCGTGGTTTGGAAA-1,1,87,mm10
TGGGAAGTCTGTGCAA-1,4032,7,hg19
TGGGAGACATTCTCCG-1,3147,13,hg19
TGGGAGAGTCTCAGGC-1,6709,3,hg19
TGGGAGATCCTCTCTT-1,0,112,mm10
TGGGAGATCTAAGGAA-1,0,37,mm10
TGGGATTGTTAATGAG-1,1,24,mm10
TGGGATTTCATATGGC-1,1,29,mm10
TGGGATTTCCTACGAA-1,0,33,mm10
TGGGATTTCGAGAGAC-1,2,69,mm10
TGGGCTGAGGGCATGT-1,0,63,mm10
TGGGCTGAGGTCACCC-1,4378,6,hg19
TGGGCTGAGGTCCCGT-1,0,43,mm10
TGGGCTGAGTGCACAG-1,1,71,mm10
TGGGCTGGTCTTCAAG-1,1,72,mm10
TGGGCTGTCGTAACAC-1,0,52,mm10
TGGGTTACACTGTGAT-1,0,20,mm10
TGGTACACACTGTCGG-1,6763,15,hg19
TGGTAGTAGCTCTATG-1,0,27,mm10
TGGTAGTCACATGACT-1,2701,2,hg19
TGGTAGTCATCTTAGG-1,0,19,mm10
TGGTGATGTGGCTGCT-1,0,67,mm10
TGGTTAGAGCTGAGCA-1,4379,8,hg19
TGGTTAGGTTGAGTCT-1,3466,2,hg19
TGGTTAGTCAGCGCAC-1,3,138,mm10
TGGTTAGTCGCTTTAT-1,0,26,mm10
TGTAACGAGACAGTCG-1,0,35,mm10
TGTAACGAGTTTGCTG-1,8970,23,Multiplet
TGTAAGCCAATCCTAG-1,4177,2,hg19
TGTAAGCCACGACTAT-1,0,36,mm10
TGTAAGCGTCTACACA-1,0,19,mm10
TGTAAGCTCACATCAG-1,0,31,mm10
TGTAAGCTCCGTGGCA-1,4,53,mm10
TGTACAGCAACATCGT-1,0,14,mm10
TGTACAGGTCGTGATT-1,2,81,mm10
TGTACAGTCCCTCTCC-1,1,86,mm10
TGTACAGTCTGCGGCA-1,7690,14,hg19
TGTAGACGTGAACTAA-1,0,35,mm10
TGTCAGAAGTAAATGC-1,4358,16,hg19
TGTCAGAGTGTAAACA-1,1,75,mm10
TGTCCACAGATCGACG-1,6478,3,hg19
TGTCCACGTACTCGTA-1,1,44,mm10
TGTCCACGTGTGTACT-1,7,20,mm10
TGTCCCAAGGAGAGGC-1,6555,4,hg19
TGTCCCAGTTAAACAG-1,2,62,mm10
TGTCCCATCACCTGGG-1,1,44,mm10
TGTCCTGAGTCAGGGT-1,1,32,mm10
TGTCCTGAGTTAACGA-1,0,22,mm10
TGTCCTGCACTTCATT-1,1,27,mm10
TGTCCTGTCCGGCAAC-1,4772,4,hg19
TGTGAGTAGTTGGAAT-1,0,48,mm10
TGTGAGTTCCATCTGC-1,1,43,mm10
TGTGAGTTCTCGGGAC-1,754,4,hg19
TGTGATGTCTCAGAAC-1,0,26,mm10
TGTGGCGAGTTGCTCA-1,0,34,mm10
TGTGGCGCACGTAACT-1,6196,3,hg19
TGTGGCGGTATACCCA-1,0,44,mm10
TGTGGCGGTGGCGCTT-1,1,90,mm10
TGTGGCGGTTCGGCGT-1,0,35,mm10
TGTGTGAAGCGTATGG-1,0,56,mm10
TGTGTGAGTTAAACCC-1,3391,2,hg19
TGTGTGATCCACATAG-1,0,33,mm10
TGTGTGATCGCCTTTG-1,4097,9,hg19
TGTGTGATCGGCTGTG-1,0,43,mm10
TGTTACTAGAGCTGCA-1,5422,14,hg19
TGTTACTGTCATAGTC-1,0,42,mm10
TGTTACTTCATCTACT-1,0,54,mm10
TGTTACTTCGTGGAAG-1,0,121,mm10
TGTTACTTCGTTCCCA-1,0,14,mm10
TGTTACTTCTGAGTCA-1,0,52,mm10
TGTTCATAGGGTCAAC-1,0,100,mm10
TGTTCATGTCATAGTC-1,2,39,mm10
TGTTCCGAGACGCATG-1,0,14,mm10
TGTTCTAAGCAAGCCA-1,718,4,hg19
TGTTGAGGTTCCAGGC-1,0,29,mm10
TGTTGGAAGATGAATC-1,2,32,mm10
TGTTGGAAGTATGCAA-1,0,27,mm10
TGTTGGACATCCGTTC-1,1,29,mm10
TGTTGGAGTCATGACT-1,1,66,mm10
TGTTTGTTCAAATAGG-1,1,30,mm10
TGTTTGTTCTAGACCA-1,0,16,mm10
TGTTTGTTCTTCCACG-1,0,13,mm10
TTAATCCAGAGCAGAA-1,0,23,mm10
TTAATCCTCAATCTTC-1,1,65,mm10
TTAATCCTCGTGCACG-1,0,28,mm10
TTACAGGAGACCAAGC-1,7857,10,hg19
TTACAGGGTGACTATC-1,16764,10,hg19
TTACAGGTCCGTTGAA-1,0,45,mm10
TTACAGGTCTGAGATC-1,0,52,mm10
TTACCATCAGACTCTA-1,0,23,mm10
TTACCATTCTGTGCGG-1,9248,37,Multiplet
TTACCGCAGATAACAC-1,4,98,mm10
TTACCGCAGGACAGTC-1,0,67,mm10
TTACCGCCAAGCTCTA-1,9534,6,hg19
TTACCGCCACTGAGTT-1,0,52,mm10
TTACCGCGTAGGCAAC-1,5914,8,hg19
TTACCGCGTGAATAAC-1,0,26,mm10
TTACCGCGTTCGGCCA-1,0,27,mm10
TTACGCCAGAGAGTTT-1,0,22,mm10
TTACGCCAGCACTCAT-1,968,3,hg19
TTACGCCCAGTTTCGA-1,0,34,mm10
TTACGCCTCCCGGTAG-1,789,5,hg19
TTACGCCTCCGAAATC-1,3540,4,hg19
TTACGCCTCGAATCCA-1,1,32,mm10
TTACGCCTCGGAAACG-1,1,29,mm10
TTACGTTAGCTCCCTT-1,2,55,mm10
TTACGTTCAAAGGATT-1,0,42,mm10
TTACGTTCAGCAGTCC-1,0,17,mm10
TTACGTTTCTCATGGA-1,1,35,mm10
TTACGTTTCTGCGTCT-1,0,27,mm10
TTACTGTCAACCTATG-1,0,21,mm10
TTACTGTGTTTAGACC-1,0,17,mm10
TTAGGCAAGTGATAAC-1,4560,2,hg19
TTAGGCAAGTTGGGAC-1,0,95,mm10
TTAGGCAGTATCGAGG-1,4,44,mm10
TTAGGCATCTGTTCAT-1,0,39,mm10
TTAGGGTAGTCGAGGT-1,0,48,mm10
TTAGGGTTCTCCTGCA-1,0,30,mm10
TTAGTCTTCAGCTTGA-1,1,65,mm10
TTATTGCAGTTTAGGA-1,3343,4,hg19
TTATTGCGTACTCGTA-1,0,65,mm10
TTATTGCTCACGGGCT-1,1,48,mm10
TTATTGCTCGCTCTAC-1,2,73,mm10
TTCAATCCAGCAATTC-1,5841,22,Multiplet
TTCACGCAGTTCGGTT-1,5878,5,hg19
TTCAGGAAGACGGTCA-1,0,15,mm10
TTCAGGAAGGTTAGTA-1,0,33,mm10
TTCAGGACAATCTGCA-1,0,23,mm10
TTCAGGAGTACTAAGA-1,1,25,mm10
TTCAGGAGTCCTATAG-1,0,21,mm10
TTCAGGATCAACTGAC-1,3,50,mm10
TTCATGTTCGACCTAA-1,3174,4,hg19
TTCATTGAGCAAGTCG-1,0,54,mm10
TTCATTGAGCCTCTCT-1,0,52,mm10
TTCATTGGTGTAGCAG-1,2184,1,hg19
TTCATTGTCGCTGACG-1,1,22,mm10
TTCCAATAGCCTCACG-1,0,62,mm10
TTCCAATCACGGATCC-1,0,32,mm10
TTCCAATCACTGCACG-1,4988,7,hg19
TTCCAATGTTTCGTAG-1,0,73,mm10
TTCCAATTCAGTGTGT-1,5905,13,hg19
TTCCACGCACTGCTTC-1,6277,0,hg19
TTCCACGCATCTCATT-1,4715,5,hg19
TTCCACGCATTCATCT-1,0,42,mm10
TTCCACGGTGCATTAC-1,0,23,mm10
TTCCACGTCAGGTGTT-1,0,49,mm10
TTCCACGTCTAACACG-1,0,160,mm10
TTCCGGTAGAACTCCT-1,0,31,mm10
TTCCGGTGTCACGACC-1,0,43,mm10
TTCCGTGCAAGTCCCG-1,1363,0,hg19
TTCCGTGGTTTCGACA-1,1,83,mm10
TTCCGTGTCATTGTTC-1,6,13,mm10
TTCCGTGTCCTACACC-1,0,33,mm10
TTCCTCTGTAAGTCAA-1,2,102,mm10
TTCCTCTTCCTGCCAT-1,0,16,mm10
TTCCTTCAGCTATCTG-1,4292,2,hg19
TTCCTTCTCGACCACG-1,0,42,mm10
TTCCTTCTCTCATGCC-1,0,47,mm10
TTCGATTAGGATTTGA-1,1,71,mm10
TTCGATTAGGGCCTCT-1,3702,1,hg19
TTCGATTTCCGCGATG-1,1530,4,hg19
TTCGATTTCTGAGAAA-1,0,17,mm10
TTCGCTGCAGAACTCT-1,1,42,mm10
TTCGCTGGTACAAAGT-1,3974,3,hg19
TTCGCTGGTATGACAA-1,0,78,mm10
TTCGCTGGTTCAATCG-1,5,48,mm10
TTCGCTGTCAGTCTTT-1,4,48,mm10
TTCGCTGTCCATAAGC-1,4519,0,hg19
TTCGGTCAGGGTATAT-1,20,231,mm10
TTCGGTCGTATCCCAA-1,1757,5,hg19
TTCGGTCGTTGCTCGG-1,0,13,mm10
TTCTAACAGTCGCCAC-1,1,87,mm10
TTCTAACAGTTGGCGA-1,535,0,hg19
TTCTAACGTCCTGGTG-1,16,66,mm10
TTCTAACGTGCCCAGT-1,0,46,mm10
TTCTAACTCGCCTTTG-1,0,42,mm10
TTCTAACTCGGACTGC-1,3,59,mm10
TTCTAGTGTTTATGCG-1,5913,13,hg19
TTCTCTCAGCACCCAC-1,0,37,mm10
TTCTCTCAGGAGAATG-1,0,31,mm10
TTCTCTCGTATCGTTG-1,2754,9,hg19
TTCTCTCGTCCGTACG-1,5595,3,hg19
TTCTCTCTCCTGTAGA-1,0,14,mm10
TTCTGTAAGGATGCGT-1,0,25,mm10
TTCTGTATCGAGTGGA-1,0,16,mm10
TTCTGTATCTCGTGGG-1,852,0,hg19
TTCTTCCAGATACAGT-1,0,72,mm10
TTCTTCCCAGTCCGTG-1,2,41,mm10
TTCTTCCGTATTGACC-1,0,55,mm10
TTCTTCCGTCCACAGC-1,2,60,mm10
TTCTTCCTCCATCTGC-1,0,97,mm10
TTCTTGAAGAGCATCG-1,0,14,mm10
TTCTTGACAAGACGAC-1,1,50,mm10
TTCTTGACAATCTAGC-1,0,15,mm10
TTCTTGAGTATCGCGC-1,4392,2,hg19
TTGAACGCAGCGATTT-1,53,251,mm10
TTGAACGCATTCTCTA-1,1,69,mm10
TTGAACGGTCCCAAAT-1,0,28,mm10
TTGAACGGTCGTACAT-1,1,69,mm10
TTGAACGGTTTACCTT-1,1,75,mm10
TTGAACGTCATTTGGG-1,0,45,mm10
TTGAACGTCGATGGAG-1,3651,2,hg19
TTGAACGTCGGAAGGT-1,2,20,mm10
TTGACCCAGCGCAATG-1,4512,2,hg19
TTGACCCAGGATGTTA-1,1828,4,hg19
TTGACCCGTACAACGG-1,0,80,mm10
TTGACCCGTCCACATA-1,1,40,mm10
TTGACCCGTGCTGTCG-1,0,32,mm10
TTGACCCTCAAGGCTT-1,1,35,mm10
TTGAGTGCATTCTGTT-1,0,126,mm10
TTGAGTGGTCTGGTTA-1,0,69,mm10
TTGATGGAGTCATTGC-1,0,29,mm10
TTGATGGCAACCACGC-1,0,48,mm10
TTGATGGCAATGGGTG-1,1,57,mm10
TTGATGGCACCAGTAT-1,0,30,mm10
TTGATGGGTTCTCTCG-1,1,26,mm10
TTGATGGTCCGATCTC-1,0,34,mm10
TTGCATTAGTTGTAGA-1,0,54,mm10
TTGCCTGCACAGTCCG-1,0,20,mm10
TTGCCTGCACCAGCGT-1,0,71,mm10
TTGCCTGCATAACTCG-1,2046,11,hg19
TTGCGTCAGCCTATCA-1,1,46,mm10
TTGCGTCAGGAACTAT-1,1,63,mm10
TTGCGTCAGTGGTTCT-1,1,26,mm10
TTGCGTCGTCAACGCC-1,4372,5,hg19
TTGCGTCTCACTGTTT-1,0,46,mm10
TTGCTGCAGTAGCATA-1,3581,1,hg19
TTGCTGCTCAGGGATG-1,2,98,mm10
TTGCTGCTCGCACGGT-1,1,25,mm10
TTGGATGAGGGCGAAG-1,2,39,mm10
TTGGATGCATCGCTAA-1,0,15,mm10
TTGGATGGTGCATCTA-1,1,67,mm10
TTGGATGTCAGTGTCA-1,6,21,mm10
TTGGATGTCCTTATCA-1,0,52,mm10
TTGGGATAGGCGCTCT-1,19379,19,Multiplet
TTGGGATCAATAGTCC-1,0,40,mm10
TTGGGATTCCGGTAGC-1,4625,4,hg19
TTGGGCGTCAACTGGT-1,0,64,mm10
TTGGGCGTCAGAACCT-1,0,14,mm10
TTGGGTAAGCAAATCA-1,1,31,mm10
TTGGGTAAGCAATAGT-1,0,37,mm10
TTGGGTAAGGCTAGCA-1,4513,4,hg19
TTGGGTAGTCAGGCAA-1,1,15,mm10
TTGGGTAGTGTATTCG-1,0,32,mm10
TTGGGTAGTGTTGACT-1,0,16,mm10
TTGGGTATCCACCCTA-1,0,30,mm10
TTGGTTTCAAATAAGC-1,2106,11,hg19
TTGGTTTCACCAAATC-1,1,73,mm10
TTGGTTTCAGCGTTTA-1,0,17,mm10
TTGGTTTGTAAGCGGT-1,0,13,mm10
TTGGTTTTCAATCTCT-1,1,20,mm10
TTGGTTTTCACGATCA-1,15,57,mm10
TTGGTTTTCGTAGAGG-1,0,16,mm10
TTGTGGACAGGCAATG-1,1,41,mm10
TTGTGGAGTGAACGGT-1,5541,13,hg19
TTGTGGATCCCAATAG-1,9,66,mm10
TTGTGTTGTCGCTCGA-1,5905,2,hg19
TTGTGTTTCTGTAAGC-1,0,17,mm10
TTGTTCAAGCAGCGAT-1,11,81,mm10
TTGTTCACAACCGGAA-1,3,40,mm10
TTGTTCACACTTGTGA-1,0,103,mm10
TTGTTCACAGCGACCT-1,2,28,mm10
TTGTTCACAGGAGACT-1,0,43,mm10
TTGTTCAGTCTGTGGC-1,0,63,mm10
TTGTTCAGTGTGTGTT-1,0,24,mm10
TTGTTGTTCCTTGACC-1,2116,2,hg19
TTGTTTGAGAGTTCGG-1,0,34,mm10
TTGTTTGAGCATGAAT-1,1,34,mm10
TTGTTTGAGGGATCAC-1,4663,3,hg19
TTGTTTGCACAATGAA-1,3596,2,hg19
TTGTTTGCAGAGGTAC-1,0,57,mm10
TTTACCAAGATTAGCA-1,0,72,mm10
TTTACCACACACGTGC-1,0,17,mm10
TTTACGTAGGGAGTTC-1,0,42,mm10
TTTACGTCAATGAGCG-1,0,35,mm10
TTTACGTCACCGTGCA-1,0,61,mm10
TTTACGTCAGGTCTCG-1,0,25,mm10
TTTACGTTCAATCCAG-1,2,14,mm10
TTTACGTTCATACAGC-1,0,13,mm10
TTTACGTTCCATTGGA-1,1,41,mm10
TTTACGTTCCGGCAAC-1,3091,15,hg19
TTTACTGTCTAAGCCA-1,1,51,mm10
TTTAGTCCAACGATCT-1,2,39,mm10
TTTAGTCCAGCAGTAG-1,2,31,mm10
TTTAGTCGTGTTCATG-1,0,36,mm10
TTTAGTCTCGGACCAC-1,0,68,mm10
TTTATGCGTTGCGAAG-1,607,5,hg19
TTTATGCGTTTGACAC-1,1,48,mm10
TTTCACAAGGCATCGA-1,941,2,hg19
TTTCACAGTACCGTCG-1,8,222,mm10
TTTCAGTAGACGGTTG-1,1,45,mm10
TTTCAGTCACCGGTCA-1,0,60,mm10
TTTCAGTCATGCGTGC-1,2,74,mm10
TTTCAGTTCCATCTCG-1,8929,13,hg19
TTTCAGTTCTTACGGA-1,2729,7,hg19
TTTCATGAGCTGAGCA-1,1,12,mm10
TTTCATGAGTCAGCCC-1,0,15,mm10
TTTCATGTCCAATCCC-1,0,40,mm10
TTTCCTCCACCCAACG-1,1,92,mm10
TTTCGATAGTCTAACC-1,1,19,mm10
TTTCGATAGTTACGTC-1,0,63,mm10
TTTCGATCACTTCAGA-1,1,43,mm10
TTTCGATGTATCGGTT-1,1,48,mm10
TTTCGATGTCAACATC-1,0,32,mm10
TTTCGATTCAATGCAC-1,0,53,mm10
TTTGACTTCACAGAGG-1,0,22,mm10
TTTGACTTCCATGAGT-1,9696,48,Multiplet
TTTGATCAGTTCCGTA-1,2853,2,hg19
TTTGATCCAAGATCCT-1,0,120,mm10
TTTGATCTCAGGGTAG-1,1198,4,hg19
TTTGATCTCAGTGTCA-1,0,50,mm10
TTTGGAGCACAGCCAC-1,0,61,mm10
TTTGGAGTCAAGAATG-1,0,58,mm10
TTTGGAGTCCTTGACC-1,4,21,mm10
TTTGGAGTCGGACTTA-1,3446,2,hg19
TTTGGTTAGGTAAGTT-1,0,24,mm10
TTTGGTTTCCACGTGG-1,1,73,mm10
TTTGGTTTCGAGTCCG-1,4686,11,hg19
TTTGTTGAGCCTCCAG-1,0,75,mm10
TTTGTTGAGTGCCCGT-1,1,34,mm10
TTTGTTGAGTGGAATT-1,1,38,mm10
TTTGTTGGTGCCCGTA-1,0,67,mm10
